codigo,descripcion,estado de stock,cantidad stock,última etapa comprada,etapa en ejecución,cantidad presupuestada etapa,cantidad comprada,cantidad recibida,duración del producto,obra,llave
1269909.0,ADHESIVO CERAMICO EN PASTA AC  25 KG 1 TIN,BAJO NIVEL CRITICOY SIN ENTREGA LOS ÚLTIMOS 90 DÍAS,0.0,7.0,7.0,148.67,162.0,162.0,9 MESES ,OBRAALTOSTEJASVERDES,1269909-OBRAALTOSTEJASVERDES
1177641.0,ADHESIVO CERAMICO POLVO ULTRA 25 KG 1 SACO,SOBRE NIVEL CRÍTICOY SIN ENTREGA LOS ÚLTIMOS 90 DÍAS,55.0,7.0,7.0,349.8,514.29,514.29,6 MESES,OBRAALTOSTEJASVERDES,1177641-OBRAALTOSTEJASVERDES
1196455.0,ADHESIVO SILICONABLANCO SANISIL 280 ML 1 UN,BAJO NIVEL CRITICOY SIN ENTREGA LOS ÚLTIMOS 90 DÍAS,0.0,7.0,7.0,56.01,56.0,56.0,24 MESES,OBRAALTOSTEJASVERDES,1196455-OBRAALTOSTEJASVERDES
1177650.0,ADHESIVOBLANCO SIKACRYL+ PINTABLE 300 ML 1 UN,BAJO NIVEL CRITICOY SIN ENTREGA LOS ÚLTIMOS 90 DÍAS,0.0,7.0,7.0,349.17,348.0,348.0,24 MESES,OBRAALTOSTEJASVERDES,1177650-OBRAALTOSTEJASVERDES
1192155.0,"BISAGRA 3 1/2"" X 3 1/2"" CROMO SATIN 1 UN",BAJO NIVEL CRITICOY SIN ENTREGA LOS ÚLTIMOS 90 DÍAS,10.0,7.0,7.0,402.0,402.0,402.0,,OBRAALTOSTEJASVERDES,1192155-OBRAALTOSTEJASVERDES
1178193.0,"BROCHA 2"" 1 UN",SOBRE NIVEL CRÍTICOY SIN ENTREGA LOS ÚLTIMOS 90 DÍAS,20.98,7.0,7.0,58.76,85.0,85.0,,OBRAALTOSTEJASVERDES,1178193-OBRAALTOSTEJASVERDES
1179508.0,"BROCHA 4"" 1 UN",SOBRE NIVEL CRÍTICOY SIN ENTREGA LOS ÚLTIMOS 90 DÍAS,15.0,7.0,7.0,38.16,53.0,53.0,,OBRAALTOSTEJASVERDES,1179508-OBRAALTOSTEJASVERDES
1274572.0,BURLETE BAJO PUERTA 1 UN,SOBRE NIVEL CRÍTICOY SIN ENTREGA LOS ÚLTIMOS 90 DÍAS,8.0,7.0,7.0,16.0,16.0,16.0,,OBRAALTOSTEJASVERDES,1274572-OBRAALTOSTEJASVERDES
1274564.0,BURLETE MARCO PUERTA 1 MT,BAJO NIVEL CRITICOY SIN ENTREGA LOS ÚLTIMOS 90 DÍAS,4.882812390860636e-06,3.0,3.0,88.0,161.639824,0.0,,OBRAALTOSTEJASVERDES,1274564-OBRAALTOSTEJASVERDES
1292367.0,CALEFON TIRO FORZADO G.N. 16 LTS C/KIT CAM/ABIERTA 1 UN,BAJO NIVEL CRITICOY SIN ENTREGA LOS ÚLTIMOS 90 DÍAS,0.0,7.0,7.0,16.0,16.0,16.0,,OBRAALTOSTEJASVERDES,1292367-OBRAALTOSTEJASVERDES
41020230.0,CAMPANA BAJO MUEBLE 1 UN,,,,,,,,,OBRAALTOSTEJASVERDES,41020230-OBRAALTOSTEJASVERDES
1189722.0,CELOSIA 20 X 20 BLANCA 1 UN,SOBRE NIVEL CRÍTICOY SIN ENTREGA LOS ÚLTIMOS 90 DÍAS,269.0,7.0,7.0,240.0,206.0,206.0,,OBRAALTOSTEJASVERDES,1189722-OBRAALTOSTEJASVERDES
1178257.0,CELOSIA 30 X 30 BLANCA 1 UN,SOBRE NIVEL CRÍTICOY SIN ENTREGA LOS ÚLTIMOS 90 DÍAS,80.0,5.0,3.0,40.0,58.818182,58.818182,,OBRAALTOSTEJASVERDES,1178257-OBRAALTOSTEJASVERDES
1269802.0,CEMENTO AR PUZOLANICO BIO BIO 1 KG,SOBRE NIVEL CRÍTICOY SIN ENTREGA LOS ÚLTIMOS 90 DÍAS,1592.23,7.0,7.0,1474.53,4091.53,4091.53,2 MESES,OBRAALTOSTEJASVERDES,1269802-OBRAALTOSTEJASVERDES
1295373.0,CERAMICA NEW BLANCA BRILL 25 X,SOBRE NIVEL CRÍTICOY SIN ENTREGA LOS ÚLTIMOS 90 DÍAS,100.42,7.0,7.0,907.56,906.0,906.0,,OBRAALTOSTEJASVERDES,1295373-OBRAALTOSTEJASVERDES
1287031.0,CERAMICAGRIS VICAR 45 X 45 1 M2,SOBRE NIVEL CRÍTICOY SIN ENTREGA LOS ÚLTIMOS 90 DÍAS,64.1199926757813,7.0,7.0,553.35,549.0699999999999,549.0699999999999,,OBRAALTOSTEJASVERDES,1287031-OBRAALTOSTEJASVERDES
1197351.0,CERRADURA MANILLA TOSCANA ACCESO  1 UN,BAJO NIVEL CRITICOY SIN ENTREGA LOS ÚLTIMOS 90 DÍAS,0.0,7.0,7.0,16.0,16.0,16.0,,OBRAALTOSTEJASVERDES,1197351-OBRAALTOSTEJASVERDES
1197335.0,CERRADURA MANILLA TOSCANA BANO  1 UN,BAJO NIVEL CRITICOY SIN ENTREGA LOS ÚLTIMOS 90 DÍAS,2.0,7.0,7.0,32.0,32.0,32.0,,OBRAALTOSTEJASVERDES,1197335-OBRAALTOSTEJASVERDES
1197343.0,CERRADURA MANILLA TOSCANA OFICINA DORM  1 UN,BAJO NIVEL CRITICOY SIN ENTREGA LOS ÚLTIMOS 90 DÍAS,1.0,7.0,7.0,17.0,18.0,18.0,,OBRAALTOSTEJASVERDES,1197343-OBRAALTOSTEJASVERDES
1197327.0,CERRADURA MANILLA TOSCANA SIMPLE PASO 1 UN COD 121775,BAJO NIVEL CRITICOY SIN ENTREGA LOS ÚLTIMOS 90 DÍAS,4.0,7.0,7.0,72.0,72.0,72.0,,OBRAALTOSTEJASVERDES,1197327-OBRAALTOSTEJASVERDES
1183013.0,CINTA AUTOADHESIVA P/JUNTURA 45 MTS 1 ROLLO,BAJO NIVEL CRITICOY SIN ENTREGA LOS ÚLTIMOS 90 DÍAS,0.0,7.0,7.0,82.05,82.0,82.0,,OBRAALTOSTEJASVERDES,1183013-OBRAALTOSTEJASVERDES
1252390.0,"CODO PP-R DOBLE FIJACION TINA HI 20 X 1/2"" 1 UN",SOBRE NIVEL CRÍTICOY SIN ENTREGA LOS ÚLTIMOS 90 DÍAS,32.0,1.0,,,,,,OBRAALTOSTEJASVERDES,1252390-OBRAALTOSTEJASVERDES
1247072.0,CODO PP-R 20 MM 1 UN,SOBRE NIVEL CRÍTICO Y PARA MÁS DE DOS SEMANAS,136.0,7.0,7.0,79.0,180.0,180.0,,OBRAALTOSTEJASVERDES,1247072-OBRAALTOSTEJASVERDES
1196076.0,"CODO PP-R 20 X 1/2"" HI 1 UN",SOBRE NIVEL CRÍTICO Y PARA MÁS DE DOS SEMANAS,108.0,7.0,7.0,128.0,207.0,175.0,,OBRAALTOSTEJASVERDES,1196076-OBRAALTOSTEJASVERDES
1247081.0,CODO PP-R 25 MM 1 UN,SOBRE NIVEL CRÍTICO Y PARA MÁS DE DOS SEMANAS,181.0,7.0,7.0,212.0,324.0,268.0,,OBRAALTOSTEJASVERDES,1247081-OBRAALTOSTEJASVERDES
1190230.0,CODO PP-R 32 MM 1 UN,SOBRE NIVEL CRÍTICO Y PARA MÁS DE DOS SEMANAS,192.0,7.0,7.0,129.0,257.0,193.0,,OBRAALTOSTEJASVERDES,1190230-OBRAALTOSTEJASVERDES
1199592.0,COPLA PP-R 32 MM 1 UN,SOBRE NIVEL CRÍTICO Y PARA MÁS DE DOS SEMANAS,88.0,7.0,7.0,35.0,65.0,65.0,,OBRAALTOSTEJASVERDES,1199592-OBRAALTOSTEJASVERDES
1256198.0,"DESAGUE LAVATORIO 1 1/4"" C/REB /REJ 1 UN",BAJO NIVEL CRITICOY SIN ENTREGA LOS ÚLTIMOS 90 DÍAS,0.0,7.0,7.0,32.0,32.0,32.0,,OBRAALTOSTEJASVERDES,1256198-OBRAALTOSTEJASVERDES
1177879.0,DESAGUE TINA/REBALSE/SIFON 1 UN,BAJO NIVEL CRITICOY SIN ENTREGA LOS ÚLTIMOS 90 DÍAS,1.0,7.0,7.0,32.0,32.0,32.0,,OBRAALTOSTEJASVERDES,1177879-OBRAALTOSTEJASVERDES
41020319.0,ENCIMERA GAS NATURAL 1 UN,,,,,,,,,OBRAALTOSTEJASVERDES,41020319-OBRAALTOSTEJASVERDES
1187161.0,"ESQUINEROS METALICO 30 X 30 X 2,40 MTS 1 UN",BAJO NIVEL CRITICOY SIN ENTREGA LOS ÚLTIMOS 90 DÍAS,0.0,6.0,6.0,88.04,44.02,44.02,,OBRAALTOSTEJASVERDES,1187161-OBRAALTOSTEJASVERDES
1278303.0,ESTANQUE ARES  1 UN,BAJO NIVEL CRITICOY SIN ENTREGA LOS ÚLTIMOS 90 DÍAS,7.0,7.0,7.0,32.0,32.0,32.0,,OBRAALTOSTEJASVERDES,1278303-OBRAALTOSTEJASVERDES
1291209.0,EXTRACTOR 12V C/TRAFO RETON 100 BTH 1 UN,BAJO NIVEL CRITICOY SIN ENTREGA LOS ÚLTIMOS 90 DÍAS,0.0,7.0,7.0,48.0,16.0,16.0,,OBRAALTOSTEJASVERDES,1291209-OBRAALTOSTEJASVERDES
1291188.0,EXTRACTOR RETON 100 BTH HIGRO 1 UN,BAJO NIVEL CRITICOY SIN ENTREGA LOS ÚLTIMOS 90 DÍAS,0.0,7.0,7.0,48.0,32.0,32.0,,OBRAALTOSTEJASVERDES,1291188-OBRAALTOSTEJASVERDES
1275997.0,FRAGUE CERAMICO GREY 1 KG ,BAJO NIVEL CRITICOY SIN ENTREGA LOS ÚLTIMOS 90 DÍAS,-1.220703126136868e-06,7.0,7.0,196.76,194.52,184.52,12 MESES,OBRAALTOSTEJASVERDES,1275997-OBRAALTOSTEJASVERDES
1179524.0,FRAGUE CERAMICOBLANCO  1 KG 1 UN,CERCA DE NIVEL CRITICOY SIN ENTREGA LOS ÚLTIMOS 90 DÍAS,37.22999572753906,7.0,7.0,409.36,400.0,400.0,12 MESES,OBRAALTOSTEJASVERDES,1179524-OBRAALTOSTEJASVERDES
1292050.0,GUARDAPOLVO GREY,SOBRE NIVEL CRÍTICOY SIN ENTREGA LOS ÚLTIMOS 90 DÍAS,293.0,7.0,7.0,464.0,464.0,464.0,,OBRAALTOSTEJASVERDES,1292050-OBRAALTOSTEJASVERDES
1274302.0,HORNO ELECTRICO,BAJO NIVEL CRITICOY SIN ENTREGA LOS ÚLTIMOS 90 DÍAS,28.0,7.0,7.0,16.0,18.0,16.0,,OBRAALTOSTEJASVERDES,1274302-OBRAALTOSTEJASVERDES
1181421.0,LANA DE VIDRIO 50 MM VOLCAN 1 M2,BAJO NIVEL CRITICOY SIN ENTREGA LOS ÚLTIMOS 90 DÍAS,0.0,6.0,6.0,13.92,28.8,0.0,,OBRAALTOSTEJASVERDES,1181421-OBRAALTOSTEJASVERDES
1295453.0,LATEX CIELOLAT BLANCO 1T      ,BAJO NIVEL CRITICOY SIN ENTREGA LOS ÚLTIMOS 90 DÍAS,0.0,7.0,7.0,31.08,37.0,37.0,12 MESES,OBRAALTOSTEJASVERDES,1295453-OBRAALTOSTEJASVERDES
1295461.0,LATEX CIELOLAT BLANCO HUESO 1T,BAJO NIVEL CRITICOY SIN ENTREGA LOS ÚLTIMOS 90 DÍAS,-1.907348634588857e-08,7.0,7.0,45.22,54.0,54.0,12 MESES,OBRAALTOSTEJASVERDES,1295461-OBRAALTOSTEJASVERDES
1292711.0,LAVAPLATO ACERO 2 CUB B/C 870 X 380 X 170 MM 1 UN,BAJO NIVEL CRITICOY SIN ENTREGA LOS ÚLTIMOS 90 DÍAS,16.0,7.0,6.0,16.0,16.0,16.0,,OBRAALTOSTEJASVERDES,1292711-OBRAALTOSTEJASVERDES
1203213.0,LLAVE PASO PP-R CAMPANA 20 MM CRM 1 UN,BAJO NIVEL CRITICO Y PARA MÁS DE DOS SEMANAS,23.0,7.0,7.0,12.0,24.0,24.0,,OBRAALTOSTEJASVERDES,1203213-OBRAALTOSTEJASVERDES
1190344.0,LLAVE PASO PP-R CAMPANA 25 MM CRM 1 UN,CERCA DE NIVEL CRITICO Y PARA MÁS DE DOS SEMANAS,42.0,7.0,7.0,81.0,97.0,97.0,,OBRAALTOSTEJASVERDES,1190344-OBRAALTOSTEJASVERDES
1204540.0,LLAVE PASO PP-R CAMPANA 32 MM CRM 1 UN,BAJO NIVEL CRITICO Y PARA MÁS DE DOS SEMANAS,29.0,7.0,7.0,8.0,14.0,14.0,,OBRAALTOSTEJASVERDES,1204540-OBRAALTOSTEJASVERDES
1270521.0,LOSATEX (25 KG) SOQUINA 1 TINETA,BAJO NIVEL CRITICOY SIN ENTREGA LOS ÚLTIMOS 90 DÍAS,6.06,7.0,7.0,28.42,28.0,28.0,12 MESES,OBRAALTOSTEJASVERDES,1270521-OBRAALTOSTEJASVERDES
1251346.0,MALLA DE FIBRA DE VIDRIO 153 GRS/M2 1 X 50 WEBER MTS 1 UN,BAJO NIVEL CRITICO Y PARA MENOS DE DOS SEMANAS,2.0,7.0,7.0,19.04,19.0,19.0,,OBRAALTOSTEJASVERDES,1251346-OBRAALTOSTEJASVERDES
1182862.0,MARCO PUERTA MADERA 30 X 90 1 UN,BAJO NIVEL CRITICO Y PARA MÁS DE DOS SEMANAS,43.00000183105467,7.0,7.0,122.0,122.0,122.0,,OBRAALTOSTEJASVERDES,1182862-OBRAALTOSTEJASVERDES
41020245.0,MARCO PUERTA MADERA ENCHAPADA MARA CLARA 40 X 90 X 2400 C/RANURA BURLETE 1 UN,,,,,,,,,OBRAALTOSTEJASVERDES,41020245-OBRAALTOSTEJASVERDES
1270475.0,MARMOLINA CLAY BEIGECT-70R G.M. (25 KG) 1 TINETA,BAJO NIVEL CRITICO Y PARA MENOS DE DOS SEMANAS,0.0,7.0,7.0,90.43,90.0,90.0,24 MESES,OBRAALTOSTEJASVERDES,1270475-OBRAALTOSTEJASVERDES
1268623.0,MASILLA BASE JUNTA PRO VOLCAN 25 KG,BAJO NIVEL CRITICO Y PARA MÁS DE DOS SEMANAS,0.4799926757812614,7.0,7.0,28.06,28.0,28.0,6 MESES,OBRAALTOSTEJASVERDES,1268623-OBRAALTOSTEJASVERDES
1192956.0,MASTERSEAL 550 30 KG 1 JUEGO,BAJO NIVEL CRITICO Y PARA MÁS DE DOS SEMANAS,1.95,7.0,7.0,28.45,20.0,18.0,24 MESES,OBRAALTOSTEJASVERDES,1192956-OBRAALTOSTEJASVERDES
1182803.0,"MEDIDOR AGUA POTABLE 3/4"" 1 U N",BAJO NIVEL CRITICOY SIN ENTREGA LOS ÚLTIMOS 90 DÍAS,0.0,7.0,7.0,16.0,16.0,16.0,12 MESES,OBRAALTOSTEJASVERDES,1182803-OBRAALTOSTEJASVERDES
1292033.0,MOLDURA NOMASTYL 30 X 20 T4 1 ML,BAJO NIVEL CRITICOY SIN ENTREGA LOS ÚLTIMOS 90 DÍAS,0.0,7.0,7.0,1699.07,1700.0,1700.0,,OBRAALTOSTEJASVERDES,1292033-OBRAALTOSTEJASVERDES
1289512.0,MONOMANDO LAVAPLATOS AREZZO,BAJO NIVEL CRITICOY SIN ENTREGA LOS ÚLTIMOS 90 DÍAS,36.0,7.0,7.0,16.0,16.0,16.0,,OBRAALTOSTEJASVERDES,1289512-OBRAALTOSTEJASVERDES
1289483.0,MONOMANDO LAVATORIO AREZZO  1 UN,SOBRE NIVEL CRÍTICOY SIN ENTREGA LOS ÚLTIMOS 90 DÍAS,70.0,7.0,7.0,32.0,32.0,32.0,,OBRAALTOSTEJASVERDES,1289483-OBRAALTOSTEJASVERDES
1289491.0,MONOMANDO TINA-DUCHA AREZZO  1 UN,BAJO NIVEL CRITICOY SIN ENTREGA LOS ÚLTIMOS 90 DÍAS,8.0,7.0,7.0,32.0,36.0,36.0,,OBRAALTOSTEJASVERDES,1289491-OBRAALTOSTEJASVERDES
1274812.0,MORTERO BASE COAT 20 KG 1 SACO,BAJO NIVEL CRITICOY SIN ENTREGA LOS ÚLTIMOS 90 DÍAS,0.0,7.0,7.0,286.53,283.0,283.0,12 MESES,OBRAALTOSTEJASVERDES,1274812-OBRAALTOSTEJASVERDES
41020232.0,MORTERO PRESEC 196 25 KG,BAJO NIVEL CRITICOY SIN ENTREGA LOS ÚLTIMOS 90 DÍAS,0.0,7.0,7.0,281.64,63.0,63.0,6 MESES,OBRAALTOSTEJASVERDES,41020232-OBRAALTOSTEJASVERDES
1191718.0,MUEBLE VANITORIO 1 UN,BAJO NIVEL CRITICOY SIN ENTREGA LOS ÚLTIMOS 90 DÍAS,-3.662109378410605e-06,3.0,3.0,32.0,38.091949,0.0,,OBRAALTOSTEJASVERDES,1191718-OBRAALTOSTEJASVERDES
1299451.0,PASTA MURO (25 KG) 1 TINETA,BAJO NIVEL CRITICOY SIN ENTREGA LOS ÚLTIMOS 90 DÍAS,0.0,7.0,7.0,56.4,64.0,64.0,12 MESES,OBRAALTOSTEJASVERDES,1299451-OBRAALTOSTEJASVERDES
1194169.0,"PERFIL CANAL ECO 39 X 20 X 0,5 MM X 3,00 MTS",SOBRE NIVEL CRÍTICOY SIN ENTREGA LOS ÚLTIMOS 90 DÍAS,204.0,7.0,7.0,180.0,316.0,316.0,,OBRAALTOSTEJASVERDES,1194169-OBRAALTOSTEJASVERDES
1188033.0,"PERFIL CANAL NORMAL 61 X 20 X 0,5 MM X 3 MTS 1 UN",BAJO NIVEL CRITICO Y PARA MENOS DE DOS SEMANAS,0.0,7.0,7.0,380.96,380.0,380.0,,OBRAALTOSTEJASVERDES,1188033-OBRAALTOSTEJASVERDES
1194038.0,"PERFIL MONTANTE ECO 38 X 38 X 0,5 MM X 3,0 MTS 1 TIRA",BAJO NIVEL CRITICO Y PARA MENOS DE DOS SEMANAS,0.0,7.0,7.0,208.0,208.0,208.0,,OBRAALTOSTEJASVERDES,1194038-OBRAALTOSTEJASVERDES
1193967.0,"PERFIL MONTANTE NORMAL 60 X 38 X 0,5 MM X 3,0 MTS 1 UN",BAJO NIVEL CRITICO Y PARA MENOS DE DOS SEMANAS,0.0,7.0,7.0,1487.0,1487.0,1487.0,,OBRAALTOSTEJASVERDES,1193967-OBRAALTOSTEJASVERDES
1193713.0,"PINO 2"" X 2"" X 3,20 MT IMPREGNADO",BAJO NIVEL CRITICO Y PARA MENOS DE DOS SEMANAS,4.0,7.0,7.0,96.0,96.0,96.0,,OBRAALTOSTEJASVERDES,1193713-OBRAALTOSTEJASVERDES
1275938.0,PINTURA ESMALTE AL AGUABLANCO HUESO CP-70  1 TIN,BAJO NIVEL CRITICOY SIN ENTREGA LOS ÚLTIMOS 90 DÍAS,0.0,,,,,,12 MESES,OBRAALTOSTEJASVERDES,1275938-OBRAALTOSTEJASVERDES
1275217.0,PINTURA IMPERMEABILIZANTE MASTERWALL CLAY BEIGE 1 TINETA,BAJO NIVEL CRITICOY SIN ENTREGA LOS ÚLTIMOS 90 DÍAS,0.0,7.0,7.0,25.51,25.51,25.51,12 MESES,OBRAALTOSTEJASVERDES,1275217-OBRAALTOSTEJASVERDES
1180074.0,PINTURA OLEO OPACOBLANCO CP-70  1 GAL,BAJO NIVEL CRITICOY SIN ENTREGA LOS ÚLTIMOS 90 DÍAS,8.0,7.0,7.0,20.29,20.0,20.0,12 MESES,OBRAALTOSTEJASVERDES,1180074-OBRAALTOSTEJASVERDES
1188105.0,PLANCHA FIBROCEMENTO 4 MM VOLCAN 1 PLANCHA,BAJO NIVEL CRITICOY SIN ENTREGA LOS ÚLTIMOS 90 DÍAS,62.0,7.0,7.0,16.0,16.0,16.0,,OBRAALTOSTEJASVERDES,1188105-OBRAALTOSTEJASVERDES
1259305.0,"PLANCHA OSB PROTEC 11,1 MM X 2,4 4 X 1,22 MTS LP 1 UN",BAJO NIVEL CRITICOY SIN ENTREGA LOS ÚLTIMOS 90 DÍAS,0.0,7.0,7.0,27.0,27.0,27.0,,OBRAALTOSTEJASVERDES,1259305-OBRAALTOSTEJASVERDES
1182758.0,"PLANCHA YESO-CARTON RH 12,5 MM 1,20 X 2,40 VOLCAN 1 PLANCHA",SOBRE NIVEL CRÍTICOY SIN ENTREGA LOS ÚLTIMOS 90 DÍAS,91.01,7.0,7.0,135.99,150.0,150.0,,OBRAALTOSTEJASVERDES,1182758-OBRAALTOSTEJASVERDES
1292691.0,"PLANCHA YESO-CARTON ST 10 MM 1,20 X 2,50 VOLCAN 1 PLANCHA",SOBRE NIVEL CRÍTICOY SIN ENTREGA LOS ÚLTIMOS 90 DÍAS,2252.0,7.0,7.0,733.0,732.0,732.0,,OBRAALTOSTEJASVERDES,1292691-OBRAALTOSTEJASVERDES
1294397.0,POLIESTIRENO EXP. 100MM (30KG/ M3) 1 PLANCHA,BAJO NIVEL CRITICOY SIN ENTREGA LOS ÚLTIMOS 90 DÍAS,0.0,7.0,7.0,856.0,852.0,852.0,,OBRAALTOSTEJASVERDES,1294397-OBRAALTOSTEJASVERDES
1278928.0,POLIESTIRENO EXP. 30 MM (20KG/ M3) 1 PLANCHA,BAJO NIVEL CRITICO Y PARA MÁS DE DOS SEMANAS,40.0,7.0,6.0,103.0,108.000003,108.000003,,OBRAALTOSTEJASVERDES,1278928-OBRAALTOSTEJASVERDES
1282134.0,POLIESTIRENO EXP. 50 MM (20KG/ M3) 1 PLANCHA,BAJO NIVEL CRITICOY SIN ENTREGA LOS ÚLTIMOS 90 DÍAS,0.0,4.0,3.0,144.56,144.0,144.0,,OBRAALTOSTEJASVERDES,1282134-OBRAALTOSTEJASVERDES
1191945.0,PROMOTOR DE ADHERENCIA TECNO BOND  20 KG 1 TIN,BAJO NIVEL CRITICO Y PARA MENOS DE DOS SEMANAS,0.0,7.0,7.0,14.48,15.0,15.0,12 MESES,OBRAALTOSTEJASVERDES,1191945-OBRAALTOSTEJASVERDES
1291858.0,"PUERTA MDF 0,70X2,40 AMPARO 4 MM 2V5H CARTON 2BLE BATIENTE",BAJO NIVEL CRITICOY SIN ENTREGA LOS ÚLTIMOS 90 DÍAS,2.960000000000001,5.0,5.0,81.0,81.0,81.0,,OBRAALTOSTEJASVERDES,1291858-OBRAALTOSTEJASVERDES
1291866.0,"PUERTA MDF 0,75X2,40 AMPARO 4 MM 2V5H CARTON 2BLE BATIENTE",BAJO NIVEL CRITICOY SIN ENTREGA LOS ÚLTIMOS 90 DÍAS,3.0,5.0,5.0,36.0,36.0,36.0,,OBRAALTOSTEJASVERDES,1291866-OBRAALTOSTEJASVERDES
1291874.0,"PUERTA MDF 0,85X2,40 AMPARO 4 MM 2V5H CARTON 2BLE BATIENTE",BAJO NIVEL CRITICOY SIN ENTREGA LOS ÚLTIMOS 90 DÍAS,22.0,7.0,6.0,16.0,16.0,16.0,,OBRAALTOSTEJASVERDES,1291874-OBRAALTOSTEJASVERDES
1269909.0,ADHESIVO CERAMICO EN PASTA AC  25 KG 1 TIN,SOBRE NIVEL CRÍTICO Y PARA MÁS DE DOS SEMANAS,12.0,6.0,6.0,36.36,37.0,37.0,9 MESES ,OBRABRISASDEJUNQUILLAR,1269909-OBRABRISASDEJUNQUILLAR
1177641.0,ADHESIVO CERAMICO POLVO ULTRA 25 KG 1 SACO,SOBRE NIVEL CRÍTICO Y PARA MENOS DE DOS SEMANAS,5.0,7.0,6.0,165.92,166.0,166.0,6 MESES,OBRABRISASDEJUNQUILLAR,1177641-OBRABRISASDEJUNQUILLAR
1199189.0,ADHESIVO D.A. EN POLVO MAX 310 CADINA 25 KG 1 SACO,BAJO NIVEL CRITICO Y PARA MENOS DE DOS SEMANAS,14.0,7.0,7.0,221.11,199.0,136.0,6 MESES,OBRABRISASDEJUNQUILLAR,1199189-OBRABRISASDEJUNQUILLAR
1200856.0,"ADHESIVO DE CONTACTO FLEX 125 3,8 LTS 1 GAL",,,,,,,,24 MESES,OBRABRISASDEJUNQUILLAR,1200856-OBRABRISASDEJUNQUILLAR
41020304.0,ADHESIVO PORCELANATO EN POLVO SIKACERAM 200 FLEX 25 KG 1 SACO,,,7.0,,,,,6 MESES,OBRABRISASDEJUNQUILLAR,41020304-OBRABRISASDEJUNQUILLAR
1196455.0,ADHESIVO SILICONABLANCO SANISIL 280 ML 1 UN,SOBRE NIVEL CRÍTICO Y PARA MÁS DE DOS SEMANAS,12.0,5.0,5.0,39.0,53.0,53.0,24 MESES,OBRABRISASDEJUNQUILLAR,1196455-OBRABRISASDEJUNQUILLAR
1177650.0,ADHESIVOBLANCO SIKACRYL+ PINTABLE 300 ML 1 UN,SOBRE NIVEL CRÍTICO Y PARA MÁS DE DOS SEMANAS,62.0,7.0,7.0,168.0,1.0,1.0,24 MESES,OBRABRISASDEJUNQUILLAR,1177650-OBRABRISASDEJUNQUILLAR
1296237.0,AIRE ACONDICIONADO 12000 BTU 1 UN,BAJO NIVEL CRITICOY SIN ENTREGA LOS ÚLTIMOS 90 DÍAS,1.0,7.0,,,,,,OBRABRISASDEJUNQUILLAR,1296237-OBRABRISASDEJUNQUILLAR
1257570.0,ALFOMBRABEIGE STONE 600 GRS 1 M2,SOBRE NIVEL CRÍTICO Y PARA MÁS DE DOS SEMANAS,960.0003906250004,6.0,5.0,1655.09,1887.16,1887.16,,OBRABRISASDEJUNQUILLAR,1257570-OBRABRISASDEJUNQUILLAR
1177895.0,ANTICORROSIVO NEGRO 1 GAL,BAJO NIVEL CRITICO Y PARA MENOS DE DOS SEMANAS,0.0,7.0,7.0,12.0,12.0,12.0,12 MESES,OBRABRISASDEJUNQUILLAR,1177895-OBRABRISASDEJUNQUILLAR
1192155.0,"BISAGRA 3 1/2"" X 3 1/2"" CROMO SATIN 1 UN",BAJO NIVEL CRITICO Y PARA MENOS DE DOS SEMANAS,0.0,6.0,6.0,33.0,33.0,33.0,,OBRABRISASDEJUNQUILLAR,1192155-OBRABRISASDEJUNQUILLAR
1192147.0,"BISAGRA 3"" X 3"" CROMO SATIN 1 UN",SOBRE NIVEL CRÍTICO Y PARA MÁS DE DOS SEMANAS,338.0,7.0,7.0,504.0,504.0,504.0,,OBRABRISASDEJUNQUILLAR,1192147-OBRABRISASDEJUNQUILLAR
1178193.0,"BROCHA 2"" 1 UN",SOBRE NIVEL CRÍTICO Y PARA MÁS DE DOS SEMANAS,14.0,6.0,6.0,42.17,42.0,42.0,,OBRABRISASDEJUNQUILLAR,1178193-OBRABRISASDEJUNQUILLAR
1179508.0,"BROCHA 4"" 1 UN",BAJO NIVEL CRITICO Y PARA MENOS DE DOS SEMANAS,5.0,7.0,7.0,12.1,12.0,12.0,,OBRABRISASDEJUNQUILLAR,1179508-OBRABRISASDEJUNQUILLAR
1274572.0,BURLETE BAJO PUERTA 1 UN,SOBRE NIVEL CRÍTICO Y PARA MÁS DE DOS SEMANAS,48.0,7.0,7.0,48.0,48.0,48.0,,OBRABRISASDEJUNQUILLAR,1274572-OBRABRISASDEJUNQUILLAR
1274564.0,BURLETE MARCO PUERTA 1 MT,SOBRE NIVEL CRÍTICO Y PARA MÁS DE DOS SEMANAS,85.0,7.0,7.0,240.0,200.0,200.0,,OBRABRISASDEJUNQUILLAR,1274564-OBRABRISASDEJUNQUILLAR
41020204.0,CALEFON TIRO FORZADO G.L. 13 LTS C/KIT C/FLEX 1 UN,BAJO NIVEL CRITICO Y PARA MÁS DE DOS SEMANAS,14.99999832153321,6.0,5.0,30.0,38.0,38.0,,OBRABRISASDEJUNQUILLAR,41020204-OBRABRISASDEJUNQUILLAR
41020230.0,CAMPANA BAJO MUEBLE 1 UN,BAJO NIVEL CRITICO Y PARA MENOS DE DOS SEMANAS,0.0,7.0,7.0,24.0,1.0,1.0,,OBRABRISASDEJUNQUILLAR,41020230-OBRABRISASDEJUNQUILLAR
1189722.0,CELOSIA 20 X 20 BLANCA 1 UN,SOBRE NIVEL CRÍTICO Y PARA MÁS DE DOS SEMANAS,43.0,8.0,7.0,24.0,24.0,24.0,,OBRABRISASDEJUNQUILLAR,1189722-OBRABRISASDEJUNQUILLAR
1178257.0,CELOSIA 30 X 30 BLANCA 1 UN,SOBRE NIVEL CRÍTICOY SIN ENTREGA LOS ÚLTIMOS 90 DÍAS,155.0,7.0,7.0,72.0,69.0,69.0,,OBRABRISASDEJUNQUILLAR,1178257-OBRABRISASDEJUNQUILLAR
1269790.0,CEMENTO AR SIDERURGICO BIO BIO 1 KG,SOBRE NIVEL CRÍTICO Y PARA MENOS DE DOS SEMANAS,644.6700488281249,8.0,8.0,11735.75,5727.05,5727.05,2 MESES,OBRABRISASDEJUNQUILLAR,1269790-OBRABRISASDEJUNQUILLAR
1295373.0,CERAMICA NEW BLANCA BRILL 25 X,SOBRE NIVEL CRÍTICO Y PARA MÁS DE DOS SEMANAS,133.31,6.0,6.0,238.62,240.0,240.0,,OBRABRISASDEJUNQUILLAR,1295373-OBRABRISASDEJUNQUILLAR
1285634.0,CERAMICAPLAINE CUERO  45 X 45 1 M2,BAJO NIVEL CRITICO Y PARA MENOS DE DOS SEMANAS,-7.324218699977791e-06,6.0,6.0,583.66,591.19,591.19,,OBRABRISASDEJUNQUILLAR,1285634-OBRABRISASDEJUNQUILLAR
41020262.0,CERCO VENTANA TECHO LISO ALTATERRA 55 X 78 1 UN,BAJO NIVEL CRITICO Y PARA MÁS DE DOS SEMANAS,6.0,7.0,7.0,24.0,24.0,24.0,,OBRABRISASDEJUNQUILLAR,41020262-OBRABRISASDEJUNQUILLAR
1251688.0,CERRADURA ACC LLAVE ANDESLOCK CILINDRICA INOX AA43-AI 1 UN,BAJO NIVEL CRITICO Y PARA MENOS DE DOS SEMANAS,-1.0,6.0,6.0,11.0,11.0,11.0,,OBRABRISASDEJUNQUILLAR,1251688-OBRABRISASDEJUNQUILLAR
1251696.0,CERRADURA BAÑO ANDESLOCK CILINDRICA INOX AA44-AI 1 UN,BAJO NIVEL CRITICO Y PARA MÁS DE DOS SEMANAS,23.0,6.0,6.0,33.0,33.0,33.0,,OBRABRISASDEJUNQUILLAR,1251696-OBRABRISASDEJUNQUILLAR
1251725.0,CERRADURA DORMITORIO - OFICINA ANDESLOCK CILINDRICA INOX AA40-AI 1 UN,BAJO NIVEL CRITICO Y PARA MÁS DE DOS SEMANAS,17.0,6.0,6.0,11.0,22.0,11.0,,OBRABRISASDEJUNQUILLAR,1251725-OBRABRISASDEJUNQUILLAR
41020315.0,CERRADURA EMBUTIDA MANILLA ACCESO SCANAVINI 1 UN,BAJO NIVEL CRITICO Y PARA MÁS DE DOS SEMANAS,17.0,7.0,7.0,24.0,24.0,24.0,,OBRABRISASDEJUNQUILLAR,41020315-OBRABRISASDEJUNQUILLAR
1184083.0,CERRADURA REJA 2985 CI-30 POLI 1 UN,CERCA DE NIVEL CRITICOY SIN ENTREGA LOS ÚLTIMOS 90 DÍAS,32.0,7.0,5.0,30.0,30.0,30.0,,OBRABRISASDEJUNQUILLAR,1184083-OBRABRISASDEJUNQUILLAR
1251709.0,CERRADURA SIMPLE PASO ANDESLOCK CILINDRICA INOX AA46-AI 1 UN,BAJO NIVEL CRITICO Y PARA MÁS DE DOS SEMANAS,12.0,6.0,6.0,44.0,44.0,44.0,,OBRABRISASDEJUNQUILLAR,1251709-OBRABRISASDEJUNQUILLAR
41020314.0,CERRADURA TUBULAR MANILLA TOSCANA BAÑO 1 UN,SOBRE NIVEL CRÍTICO Y PARA MÁS DE DOS SEMANAS,53.0,7.0,7.0,48.0,72.0,72.0,,OBRABRISASDEJUNQUILLAR,41020314-OBRABRISASDEJUNQUILLAR
41020313.0,CERRADURA TUBULAR MANILLA TOSCANA SIMPLE PASO 1 UN,SOBRE NIVEL CRÍTICO Y PARA MÁS DE DOS SEMANAS,54.0,8.0,7.0,72.0,69.0,69.0,,OBRABRISASDEJUNQUILLAR,41020313-OBRABRISASDEJUNQUILLAR
1193131.0,CERROJO INOX LLAVE ANDESLOCK AX70-AI 1 UN,BAJO NIVEL CRITICO Y PARA MÁS DE DOS SEMANAS,7.999998168945311,6.0,6.0,22.0,22.0,22.0,,OBRABRISASDEJUNQUILLAR,1193131-OBRABRISASDEJUNQUILLAR
1193959.0,"CIELO PERFIL AT 20 X 25 X 4 X 0,42 MM X 3,0 MTS",SOBRE NIVEL CRÍTICO Y PARA MÁS DE DOS SEMANAS,192.0,7.0,7.0,288.0,288.0,288.0,,OBRABRISASDEJUNQUILLAR,1193959-OBRABRISASDEJUNQUILLAR
1183013.0,CINTA AUTOADHESIVA P/JUNTURA 45 MTS 1 ROLLO,SOBRE NIVEL CRÍTICO Y PARA MÁS DE DOS SEMANAS,99.0,7.0,7.0,164.4,92.85,92.85,,OBRABRISASDEJUNQUILLAR,1183013-OBRABRISASDEJUNQUILLAR
1252390.0,"CODO PP-R DOBLE FIJACION TINA HI 20 X 1/2"" 1 UN",BAJO NIVEL CRITICOY SIN ENTREGA LOS ÚLTIMOS 90 DÍAS,5.0,5.0,5.0,60.0,15.0,15.0,,OBRABRISASDEJUNQUILLAR,1252390-OBRABRISASDEJUNQUILLAR
1272340.0,CODO PEX 20 X 1/2 HE,BAJO NIVEL CRITICO Y PARA MÁS DE DOS SEMANAS,22.00000335693359,7.0,7.0,48.0,2.0,2.0,,OBRABRISASDEJUNQUILLAR,1272340-OBRABRISASDEJUNQUILLAR
1272323.0,CODO PEX 20 X 20 MM,SOBRE NIVEL CRÍTICO Y PARA MÁS DE DOS SEMANAS,77.00001342773436,7.0,7.0,96.0,4.0,4.0,,OBRABRISASDEJUNQUILLAR,1272323-OBRABRISASDEJUNQUILLAR
1247072.0,CODO PP-R 20 MM 1 UN,SOBRE NIVEL CRÍTICO Y PARA MÁS DE DOS SEMANAS,107.17,8.0,8.0,207.0,207.0,207.0,,OBRABRISASDEJUNQUILLAR,1247072-OBRABRISASDEJUNQUILLAR
1196199.0,"CODO PP-R 20 X 1/2"" HE 1 UN",SOBRE NIVEL CRÍTICO Y PARA MÁS DE DOS SEMANAS,73.0,8.0,7.0,48.0,48.0,48.0,,OBRABRISASDEJUNQUILLAR,1196199-OBRABRISASDEJUNQUILLAR
1196076.0,"CODO PP-R 20 X 1/2"" HI 1 UN",SOBRE NIVEL CRÍTICO Y PARA MÁS DE DOS SEMANAS,118.0,8.0,8.0,138.0,138.0,138.0,,OBRABRISASDEJUNQUILLAR,1196076-OBRABRISASDEJUNQUILLAR
1247081.0,CODO PP-R 25 MM 1 UN,SOBRE NIVEL CRÍTICO Y PARA MÁS DE DOS SEMANAS,206.0,8.0,8.0,391.0,465.0,465.0,,OBRABRISASDEJUNQUILLAR,1247081-OBRABRISASDEJUNQUILLAR
1205921.0,"CODO PP-R 25 X 1/2"" HE 1 UN",SOBRE NIVEL CRÍTICO Y PARA MÁS DE DOS SEMANAS,156.0,8.0,7.0,48.0,48.0,48.0,,OBRABRISASDEJUNQUILLAR,1205921-OBRABRISASDEJUNQUILLAR
1190230.0,CODO PP-R 32 MM 1 UN,SOBRE NIVEL CRÍTICO Y PARA MÁS DE DOS SEMANAS,240.0,8.0,8.0,92.0,92.0,92.0,,OBRABRISASDEJUNQUILLAR,1190230-OBRABRISASDEJUNQUILLAR
1205841.0,CODO RED PP-R 32 X 25 MM   1 U N,BAJO NIVEL CRITICOY SIN ENTREGA LOS ÚLTIMOS 90 DÍAS,28.0,7.0,7.0,24.0,24.0,24.0,,OBRABRISASDEJUNQUILLAR,1205841-OBRABRISASDEJUNQUILLAR
1252541.0,COPLA PP-R 20 MM 1 UN,BAJO NIVEL CRITICO Y PARA MÁS DE DOS SEMANAS,11.0,8.0,8.0,46.0,46.0,46.0,,OBRABRISASDEJUNQUILLAR,1252541-OBRABRISASDEJUNQUILLAR
1199592.0,COPLA PP-R 32 MM 1 UN,SOBRE NIVEL CRÍTICO Y PARA MÁS DE DOS SEMANAS,85.0,8.0,5.0,90.0,98.0,98.0,,OBRABRISASDEJUNQUILLAR,1199592-OBRABRISASDEJUNQUILLAR
1190272.0,COPLA REDUC. PP-R 32 X 25 1 UN,CERCA DE NIVEL CRITICO Y PARA MÁS DE DOS SEMANAS,49.0,8.0,8.0,23.0,23.0,23.0,,OBRABRISASDEJUNQUILLAR,1190272-OBRABRISASDEJUNQUILLAR
1256198.0,"DESAGUE LAVATORIO 1 1/4"" C/REB /REJ 1 UN",BAJO NIVEL CRITICO Y PARA MÁS DE DOS SEMANAS,31.33,6.0,6.0,33.0,33.0,33.0,,OBRABRISASDEJUNQUILLAR,1256198-OBRABRISASDEJUNQUILLAR
1177879.0,DESAGUE TINA/REBALSE/SIFON 1 UN,BAJO NIVEL CRITICO Y PARA MÁS DE DOS SEMANAS,17.0,7.0,7.0,48.0,48.0,48.0,,OBRABRISASDEJUNQUILLAR,1177879-OBRABRISASDEJUNQUILLAR
41020320.0,ENCIMERA GAS LICUADO 1 UN,BAJO NIVEL CRITICO Y PARA MENOS DE DOS SEMANAS,0.0,7.0,7.0,24.0,1.0,1.0,,OBRABRISASDEJUNQUILLAR,41020320-OBRABRISASDEJUNQUILLAR
1187161.0,"ESQUINEROS METALICO 30 X 30 X 2,40 MTS 1 UN",SOBRE NIVEL CRÍTICO Y PARA MÁS DE DOS SEMANAS,162.0,7.0,7.0,312.0,300.0,300.0,,OBRABRISASDEJUNQUILLAR,1187161-OBRABRISASDEJUNQUILLAR
1278303.0,ESTANQUE ARES  1 UN,BAJO NIVEL CRITICO Y PARA MÁS DE DOS SEMANAS,31.0,6.0,6.0,33.0,33.0,33.0,,OBRABRISASDEJUNQUILLAR,1278303-OBRABRISASDEJUNQUILLAR
1291188.0,EXTRACTOR RETON 100 BTH HIGRO 1 UN,BAJO NIVEL CRITICO Y PARA MÁS DE DOS SEMANAS,21.0,7.0,7.0,72.0,3.0,3.0,,OBRABRISASDEJUNQUILLAR,1291188-OBRABRISASDEJUNQUILLAR
1290062.0,FRAGUE CERAMICO GRIS GARZA 1 KG,CERCA DE NIVEL CRITICO Y PARA MÁS DE DOS SEMANAS,63.01,7.0,7.0,294.82,100.0,100.0,12 MESES,OBRABRISASDEJUNQUILLAR,1290062-OBRABRISASDEJUNQUILLAR
1179524.0,FRAGUE CERAMICOBLANCO  1 KG 1 UN,SOBRE NIVEL CRÍTICO Y PARA MÁS DE DOS SEMANAS,73.20999999977649,7.0,6.0,90.9,90.0,90.0,12 MESES,OBRABRISASDEJUNQUILLAR,1179524-OBRABRISASDEJUNQUILLAR
1256340.0,FRAGUE CERAMICOCAPRI  1 KG 1 UN,SOBRE NIVEL CRÍTICOY SIN ENTREGA LOS ÚLTIMOS 90 DÍAS,80.0,7.0,7.0,311.81,100.0,100.0,12 MESES,OBRABRISASDEJUNQUILLAR,1256340-OBRABRISASDEJUNQUILLAR
41020341.0,GUARDAPOLVO MADERA RECTO LIJADO 13 X 80 X 2400 1 UN,SOBRE NIVEL CRÍTICO Y PARA MÁS DE DOS SEMANAS,733.0,7.0,7.0,768.0,768.0,768.0,,OBRABRISASDEJUNQUILLAR,41020341-OBRABRISASDEJUNQUILLAR
41020333.0,GUARDAPOLVO MADERA RECTO PREPINTADO 13 X 80 X 2400 1 UN,,,,,,,,,OBRABRISASDEJUNQUILLAR,41020333-OBRABRISASDEJUNQUILLAR
1274302.0,HORNO ELECTRICO,BAJO NIVEL CRITICO Y PARA MÁS DE DOS SEMANAS,1.0,7.0,7.0,24.0,1.0,1.0,,OBRABRISASDEJUNQUILLAR,1274302-OBRABRISASDEJUNQUILLAR
1182889.0,LANA DE VIDRIO 100 MM VOLCAN 1 M2,SOBRE NIVEL CRÍTICOY SIN ENTREGA LOS ÚLTIMOS 90 DÍAS,71.99998046874998,5.0,5.0,607.8,540.0,540.0,,OBRABRISASDEJUNQUILLAR,1182889-OBRABRISASDEJUNQUILLAR
1194492.0,LANA DE VIDRIO 140 MM VOLCAN 1 M2,SOBRE NIVEL CRÍTICO Y PARA MENOS DE DOS SEMANAS,81.0,7.0,7.0,1920.0,723.0,120.0,,OBRABRISASDEJUNQUILLAR,1194492-OBRABRISASDEJUNQUILLAR
1295461.0,LATEX CIELOLAT BLANCO HUESO 1T,BAJO NIVEL CRITICO Y PARA MÁS DE DOS SEMANAS,23.0,6.0,6.0,39.05,38.27,38.27,12 MESES,OBRABRISASDEJUNQUILLAR,1295461-OBRABRISASDEJUNQUILLAR
1295470.0,LATEX CIELOLAT BLANCO INVIERNO,BAJO NIVEL CRITICO Y PARA MÁS DE DOS SEMANAS,3.0,6.0,6.0,25.85,25.0,25.0,12 MESES,OBRABRISASDEJUNQUILLAR,1295470-OBRABRISASDEJUNQUILLAR
1279357.0,LAVAMANOS CABURGA  1 UN,BAJO NIVEL CRITICO Y PARA MÁS DE DOS SEMANAS,32.0,6.0,6.0,33.0,11.0,11.0,,OBRABRISASDEJUNQUILLAR,1279357-OBRABRISASDEJUNQUILLAR
1192260.0,LAVAMANOS VALENCIA  1 UN,BAJO NIVEL CRITICO Y PARA MÁS DE DOS SEMANAS,11.0,5.0,5.0,60.0,59.0,59.0,,OBRABRISASDEJUNQUILLAR,1192260-OBRABRISASDEJUNQUILLAR
1189191.0,LAVAPLATO ACERO INOX DERECHO 800 X 50 1 UN,BAJO NIVEL CRITICO Y PARA MÁS DE DOS SEMANAS,3.0,5.0,5.0,15.0,14.0,14.0,,OBRABRISASDEJUNQUILLAR,1189191-OBRABRISASDEJUNQUILLAR
1189175.0,LAVAPLATO ACERO INOX IZQUIERDO 800 X 50 1 UN,BAJO NIVEL CRITICO Y PARA MÁS DE DOS SEMANAS,9.329999999999998,5.0,5.0,15.0,16.0,16.0,,OBRABRISASDEJUNQUILLAR,1189175-OBRABRISASDEJUNQUILLAR
1194281.0,LAVAPLATO EMPOTRAR INOX C/REBALSE MONOMANDO DER 800 X 435 1 UN,BAJO NIVEL CRITICOY SIN ENTREGA LOS ÚLTIMOS 90 DÍAS,0.0,4.0,3.0,4.5,9.0,9.0,,OBRABRISASDEJUNQUILLAR,1194281-OBRABRISASDEJUNQUILLAR
1194290.0,LAVAPLATO EMPOTRAR INOX C/REBALSE MONOMANDO IZQ 800 X 435 1 UN,BAJO NIVEL CRITICOY SIN ENTREGA LOS ÚLTIMOS 90 DÍAS,0.0,4.0,3.0,6.0,12.0,12.0,,OBRABRISASDEJUNQUILLAR,1194290-OBRABRISASDEJUNQUILLAR
41020331.0,LAVAPLATO SOBREPONER ACERO INOX. 570 X 430 MM 1 UN,BAJO NIVEL CRITICOY SIN ENTREGA LOS ÚLTIMOS 90 DÍAS,1.0,7.0,,,,,,OBRABRISASDEJUNQUILLAR,41020331-OBRABRISASDEJUNQUILLAR
1203213.0,LLAVE PASO PP-R CAMPANA 20 MM CRM 1 UN,BAJO NIVEL CRITICO Y PARA MÁS DE DOS SEMANAS,25.0,8.0,8.0,46.0,46.0,46.0,,OBRABRISASDEJUNQUILLAR,1203213-OBRABRISASDEJUNQUILLAR
1190344.0,LLAVE PASO PP-R CAMPANA 25 MM CRM 1 UN,BAJO NIVEL CRITICO Y PARA MÁS DE DOS SEMANAS,66.8,8.0,8.0,115.0,115.0,115.0,,OBRABRISASDEJUNQUILLAR,1190344-OBRABRISASDEJUNQUILLAR
1270521.0,LOSATEX (25 KG) SOQUINA 1 TINETA,BAJO NIVEL CRITICO Y PARA MÁS DE DOS SEMANAS,19.0,5.0,5.0,27.0,27.0,27.0,12 MESES,OBRABRISASDEJUNQUILLAR,1270521-OBRABRISASDEJUNQUILLAR
1251346.0,MALLA DE FIBRA DE VIDRIO 153 GRS/M2 1 X 50 WEBER MTS 1 UN,BAJO NIVEL CRITICO Y PARA MÁS DE DOS SEMANAS,13.0,8.0,8.0,37.38,30.0,30.0,,OBRABRISASDEJUNQUILLAR,1251346-OBRABRISASDEJUNQUILLAR
41020411.0,MANILLON PUERTA RECTANGULAR ACERO INOX 11A 25X34X300 MM 1 UN,BAJO NIVEL CRITICO Y PARA MÁS DE DOS SEMANAS,19.0,7.0,7.0,24.0,24.0,24.0,,OBRABRISASDEJUNQUILLAR,41020411-OBRABRISASDEJUNQUILLAR
1279525.0,MARCO PUERTA L M26 1 UN,BAJO NIVEL CRITICO Y PARA MÁS DE DOS SEMANAS,15.0,6.0,6.0,11.0,22.0,22.0,,OBRABRISASDEJUNQUILLAR,1279525-OBRABRISASDEJUNQUILLAR
1182862.0,MARCO PUERTA MADERA 30 X 90 1 UN,CERCA DE NIVEL CRITICO Y PARA MÁS DE DOS SEMANAS,81.0,7.0,7.0,120.0,120.0,120.0,,OBRABRISASDEJUNQUILLAR,1182862-OBRABRISASDEJUNQUILLAR
1271136.0,MARCO PUERTA MADERA 40 X 90 C/RANURA BURLETE 1 UN,BAJO NIVEL CRITICO Y PARA MÁS DE DOS SEMANAS,35.0,7.0,7.0,48.0,48.0,48.0,,OBRABRISASDEJUNQUILLAR,1271136-OBRABRISASDEJUNQUILLAR
41020310.0,MARMOLINA ALPACA CT-70R G.M (25 KG) 1 TINETA,BAJO NIVEL CRITICO Y PARA MÁS DE DOS SEMANAS,25.0,7.0,7.0,55.005,40.0,40.0,24 MESES,OBRABRISASDEJUNQUILLAR,41020310-OBRABRISASDEJUNQUILLAR
1270432.0,MARMOLINA BEIGE CT-70R G.M. (25 KG) 1 TINETA,BAJO NIVEL CRITICO Y PARA MÁS DE DOS SEMANAS,8.0,5.0,5.0,35.8,40.37,40.37,24 MESES,OBRABRISASDEJUNQUILLAR,1270432-OBRABRISASDEJUNQUILLAR
41020264.0,MARMOLINA FUNCTIONAL GRAY CT-70R G.M (25 KG) 1 TINETA,BAJO NIVEL CRITICO Y PARA MÁS DE DOS SEMANAS,19.0,7.0,7.0,55.005,40.0,40.0,24 MESES,OBRABRISASDEJUNQUILLAR,41020264-OBRABRISASDEJUNQUILLAR
1270459.0,MARMOLINA GRIS ARENA CT-70R G.M. (25 KG) 1 TINETA,BAJO NIVEL CRITICOY SIN ENTREGA LOS ÚLTIMOS 90 DÍAS,18.45,5.0,5.0,37.08666666666667,38.86,38.86,24 MESES,OBRABRISASDEJUNQUILLAR,1270459-OBRABRISASDEJUNQUILLAR
1270441.0,MARMOLINA MOSTAZA CT-70R G.M. (25 KG) 1 TINETA,BAJO NIVEL CRITICOY SIN ENTREGA LOS ÚLTIMOS 90 DÍAS,12.0,5.0,5.0,35.8,14.0,14.0,24 MESES,OBRABRISASDEJUNQUILLAR,1270441-OBRABRISASDEJUNQUILLAR
1268623.0,MASILLA BASE JUNTA PRO VOLCAN 25 KG,BAJO NIVEL CRITICO Y PARA MÁS DE DOS SEMANAS,44.0,7.0,7.0,208.8,60.0,60.0,6 MESES,OBRABRISASDEJUNQUILLAR,1268623-OBRABRISASDEJUNQUILLAR
1192956.0,MASTERSEAL 550 30 KG 1 JUEGO,BAJO NIVEL CRITICO Y PARA MÁS DE DOS SEMANAS,5.0,8.0,8.0,23.0,20.0,20.0,24 MESES,OBRABRISASDEJUNQUILLAR,1192956-OBRABRISASDEJUNQUILLAR
1179348.0,"MEDIDOR AGUA POTABLE 1""  1 UN ",BAJO NIVEL CRITICOY SIN ENTREGA LOS ÚLTIMOS 90 DÍAS,13.0,6.0,3.0,21.0,21.0,21.0,12 MESES,OBRABRISASDEJUNQUILLAR,1179348-OBRABRISASDEJUNQUILLAR
1182803.0,"MEDIDOR AGUA POTABLE 3/4"" 1 U N",BAJO NIVEL CRITICO Y PARA MÁS DE DOS SEMANAS,22.2,7.0,5.0,30.0,57.0,57.0,12 MESES,OBRABRISASDEJUNQUILLAR,1182803-OBRABRISASDEJUNQUILLAR
41020340.0,MOLDURA NOMASTYL 30 X 20 LX28 1 ML,CERCA DE NIVEL CRITICOY SIN ENTREGA LOS ÚLTIMOS 90 DÍAS,100.0,7.0,7.0,1440.0,280.0,280.0,,OBRABRISASDEJUNQUILLAR,41020340-OBRABRISASDEJUNQUILLAR
1288093.0,MOLDURA XPS 33X32 E6 1 ML,SOBRE NIVEL CRÍTICO Y PARA MÁS DE DOS SEMANAS,118.0,6.0,6.0,1430.0,1320.0,1320.0,,OBRABRISASDEJUNQUILLAR,1288093-OBRABRISASDEJUNQUILLAR
41020335.0,MONOMANDO LAVAPLATO AC. INOX SATINADO VERMONT 1 UN,BAJO NIVEL CRITICO Y PARA MENOS DE DOS SEMANAS,0.0,7.0,7.0,24.0,1.0,1.0,,OBRABRISASDEJUNQUILLAR,41020335-OBRABRISASDEJUNQUILLAR
1289512.0,MONOMANDO LAVAPLATOS AREZZO,BAJO NIVEL CRITICO Y PARA MÁS DE DOS SEMANAS,23.0,6.0,5.0,30.0,30.0,30.0,,OBRABRISASDEJUNQUILLAR,1289512-OBRABRISASDEJUNQUILLAR
41020334.0,MONOMANDO LAVATORIO AC. INOX SATINADO VERMONT 1 UN,BAJO NIVEL CRITICO Y PARA MENOS DE DOS SEMANAS,0.0,7.0,7.0,24.0,1.0,1.0,,OBRABRISASDEJUNQUILLAR,41020334-OBRABRISASDEJUNQUILLAR
1289483.0,MONOMANDO LAVATORIO AREZZO  1 UN,BAJO NIVEL CRITICO Y PARA MÁS DE DOS SEMANAS,54.0,6.0,5.0,60.0,60.0,60.0,,OBRABRISASDEJUNQUILLAR,1289483-OBRABRISASDEJUNQUILLAR
41020336.0,MONOMANDO TINA-DUCHA AC. INOX SATINADO VERMONT 1 UN,BAJO NIVEL CRITICO Y PARA MENOS DE DOS SEMANAS,0.0,7.0,7.0,24.0,1.0,1.0,,OBRABRISASDEJUNQUILLAR,41020336-OBRABRISASDEJUNQUILLAR
1289491.0,MONOMANDO TINA-DUCHA AREZZO  1 UN,BAJO NIVEL CRITICO Y PARA MÁS DE DOS SEMANAS,53.66,6.0,5.0,60.0,60.0,60.0,,OBRABRISASDEJUNQUILLAR,1289491-OBRABRISASDEJUNQUILLAR
1274812.0,MORTERO BASE COAT 20 KG 1 SACO,BAJO NIVEL CRITICO Y PARA MÁS DE DOS SEMANAS,52.0,8.0,8.0,460.92,196.0,196.0,12 MESES,OBRABRISASDEJUNQUILLAR,1274812-OBRABRISASDEJUNQUILLAR
41020232.0,MORTERO PRESEC 196 25 KG,BAJO NIVEL CRITICO Y PARA MÁS DE DOS SEMANAS,8.0,6.0,6.0,58.39,33.0,0.0,6 MESES,OBRABRISASDEJUNQUILLAR,41020232-OBRABRISASDEJUNQUILLAR
41020234.0,MUEBLE BALI CON VANITORIO 1 UN,,,,,,,,,OBRABRISASDEJUNQUILLAR,41020234-OBRABRISASDEJUNQUILLAR
1191718.0,MUEBLE VANITORIO 1 UN,BAJO NIVEL CRITICO Y PARA MÁS DE DOS SEMANAS,17.0,6.0,6.0,33.0,22.0,22.0,,OBRABRISASDEJUNQUILLAR,1191718-OBRABRISASDEJUNQUILLAR
41020404.0,NARIZ DE GRADA PVC TIPO WALNUT 25X50X2400 MM 1 TIRA,BAJO NIVEL CRITICO Y PARA MÁS DE DOS SEMANAS,92.0,7.0,7.0,241.52,97.0,97.0,,OBRABRISASDEJUNQUILLAR,41020404-OBRABRISASDEJUNQUILLAR
1275946.0,OLEO OPACO BLANCO INVIERNO CW057 SOQUINA 1 GAL,BAJO NIVEL CRITICO Y PARA MÁS DE DOS SEMANAS,34.0,5.0,5.0,39.9,39.0,39.0,,OBRABRISASDEJUNQUILLAR,1275946-OBRABRISASDEJUNQUILLAR
1183136.0,PAPEL FIELTRO 10/40 1 ROLLO,BAJO NIVEL CRITICO Y PARA MÁS DE DOS SEMANAS,37.0,7.0,7.0,88.58,88.0,88.0,,OBRABRISASDEJUNQUILLAR,1183136-OBRABRISASDEJUNQUILLAR
1299451.0,PASTA MURO (25 KG) 1 TINETA,BAJO NIVEL CRITICO Y PARA MÁS DE DOS SEMANAS,23.0,6.0,6.0,33.34,34.0,34.0,12 MESES,OBRABRISASDEJUNQUILLAR,1299451-OBRABRISASDEJUNQUILLAR
1191662.0,PEDESTAL UNIVERSAL 1 UN,BAJO NIVEL CRITICO Y PARA MÁS DE DOS SEMANAS,36.33,6.0,6.0,22.0,22.0,22.0,,OBRABRISASDEJUNQUILLAR,1191662-OBRABRISASDEJUNQUILLAR
1201470.0,PEGAMENTO ALFOMBRA PATEL 18 LTS,BAJO NIVEL CRITICO Y PARA MÁS DE DOS SEMANAS,11.99999976158142,5.0,5.0,24.98,24.0,24.0,12 MESES,OBRABRISASDEJUNQUILLAR,1201470-OBRABRISASDEJUNQUILLAR
1193975.0,"PERFIL C METALCON 60 X 38 X 8 X 0,85 MM X 2,4 MTS 60 CA085",SOBRE NIVEL CRÍTICO Y PARA MÁS DE DOS SEMANAS,284.5,7.0,7.0,108.0,108.0,108.0,,OBRABRISASDEJUNQUILLAR,1193975-OBRABRISASDEJUNQUILLAR
1194020.0,"PERFIL C METALCON 60 X 38 X 8 X 0,85 MM X 6,0 MTS 60CA085",SOBRE NIVEL CRÍTICOY SIN ENTREGA LOS ÚLTIMOS 90 DÍAS,174.0,6.0,6.0,33.0,33.0,33.0,,OBRABRISASDEJUNQUILLAR,1194020-OBRABRISASDEJUNQUILLAR
1194169.0,"PERFIL CANAL ECO 39 X 20 X 0,5 MM X 3,00 MTS",BAJO NIVEL CRITICOY SIN ENTREGA LOS ÚLTIMOS 90 DÍAS,12.0,6.0,6.0,44.0,44.0,44.0,,OBRABRISASDEJUNQUILLAR,1194169-OBRABRISASDEJUNQUILLAR
1188033.0,"PERFIL CANAL NORMAL 61 X 20 X 0,5 MM X 3 MTS 1 UN",BAJO NIVEL CRITICO Y PARA MENOS DE DOS SEMANAS,0.0,7.0,7.0,552.0,552.0,312.0,,OBRABRISASDEJUNQUILLAR,1188033-OBRABRISASDEJUNQUILLAR
1199752.0,"PERFIL MONTANTE ECO 38 X 38 X 0,5 MM X 2,4 MTS 1 TIRA",SOBRE NIVEL CRÍTICO Y PARA MÁS DE DOS SEMANAS,854.0,6.0,6.0,187.04,187.0,187.0,,OBRABRISASDEJUNQUILLAR,1199752-OBRABRISASDEJUNQUILLAR
1188025.0,"PERFIL MONTANTE NORMAL 60 X 38 X 0,5 MM X 2,4 MTS 1 UN",SOBRE NIVEL CRÍTICO Y PARA MÁS DE DOS SEMANAS,335.0,7.0,7.0,1344.0,1344.0,1344.0,,OBRABRISASDEJUNQUILLAR,1188025-OBRABRISASDEJUNQUILLAR
1193967.0,"PERFIL MONTANTE NORMAL 60 X 38 X 0,5 MM X 3,0 MTS 1 UN",BAJO NIVEL CRITICOY SIN ENTREGA LOS ÚLTIMOS 90 DÍAS,91.9998779296875,6.0,6.0,198.0,198.0,198.0,,OBRABRISASDEJUNQUILLAR,1193967-OBRABRISASDEJUNQUILLAR
1193941.0,"PERFIL PORTANTE 40 R 40 X 18 X 10 X 0,5 MM X 3,00 MTS",,,,,,,,,OBRABRISASDEJUNQUILLAR,1193941-OBRABRISASDEJUNQUILLAR
1198881.0,"PERFIL PORTANTE 40 R 40 X 18 X 10 X 0,5 MM X 6 MTS",SOBRE NIVEL CRÍTICO Y PARA MÁS DE DOS SEMANAS,162.0,7.0,7.0,936.0,936.0,936.0,,OBRABRISASDEJUNQUILLAR,1198881-OBRABRISASDEJUNQUILLAR
1193983.0,"PERFIL U METALCON 62 X 25 X 0,85 MM X 3,0 MTS 62 CO85",BAJO NIVEL CRITICO Y PARA MÁS DE DOS SEMANAS,32.0,7.0,7.0,24.0,24.0,24.0,,OBRABRISASDEJUNQUILLAR,1193983-OBRABRISASDEJUNQUILLAR
41020332.0,PILASTRA PINO RECTA 13 X 30 X 2400 1 UN,CERCA DE NIVEL CRITICO Y PARA MÁS DE DOS SEMANAS,125.0,7.0,7.0,144.0,144.0,144.0,,OBRABRISASDEJUNQUILLAR,41020332-OBRABRISASDEJUNQUILLAR
1193713.0,"PINO 2"" X 2"" X 3,20 MT IMPREGNADO",SOBRE NIVEL CRÍTICO Y PARA MÁS DE DOS SEMANAS,3505.0,8.0,7.0,2808.0,2772.0,2772.0,,OBRABRISASDEJUNQUILLAR,1193713-OBRABRISASDEJUNQUILLAR
41020265.0,PINTURA DE FIBROCEMENTO TERRA FIBROCEM 1 TIN,BAJO NIVEL CRITICO Y PARA MÁS DE DOS SEMANAS,1.0,7.0,7.0,8.4,2.0,2.0,18 MESES,OBRABRISASDEJUNQUILLAR,41020265-OBRABRISASDEJUNQUILLAR
1191216.0,PINTURA DE FIBROCEMENTOCAOBA FIBROCEM  1 TIN,BAJO NIVEL CRITICO Y PARA MÁS DE DOS SEMANAS,2.999999914169312,6.0,5.0,5.25,1.5,1.5,18 MESES,OBRABRISASDEJUNQUILLAR,1191216-OBRABRISASDEJUNQUILLAR
1191321.0,PINTURA DE FIBROCEMENTOCASTANO FIBROCEM  1 TIN,BAJO NIVEL CRITICO Y PARA MÁS DE DOS SEMANAS,3.999999976158142,6.0,6.0,4.4,5.5,5.5,18 MESES,OBRABRISASDEJUNQUILLAR,1191321-OBRABRISASDEJUNQUILLAR
41020267.0,PINTURA DE MADERA TERRA MADERVET 1 TIN,BAJO NIVEL CRITICO Y PARA MENOS DE DOS SEMANAS,0.0,7.0,7.0,4.2,1.0,1.0,24 MESES,OBRABRISASDEJUNQUILLAR,41020267-OBRABRISASDEJUNQUILLAR
1283090.0,PINTURA DE MADERACAOBA MADERVET  1 TIN,BAJO NIVEL CRITICO Y PARA MÁS DE DOS SEMANAS,5.0,6.0,4.0,2.54,2.0,2.0,24 MESES,OBRABRISASDEJUNQUILLAR,1283090-OBRABRISASDEJUNQUILLAR
1283102.0,PINTURA DE MADERACASTANO MADERVET  1 TIN,BAJO NIVEL CRITICO Y PARA MÁS DE DOS SEMANAS,6.0,6.0,6.0,1.115,1.0,1.0,24 MESES,OBRABRISASDEJUNQUILLAR,1283102-OBRABRISASDEJUNQUILLAR
41020321.0,PINTURA ESMALTE AL AGUA BACKDROP CP-70 1 TIN,,,,,,,,12 MESES,OBRABRISASDEJUNQUILLAR,41020321-OBRABRISASDEJUNQUILLAR
41020322.0,PINTURA ESMALTE AL AGUA FUNCTIONAL GRAY CP-70 1 TIN,BAJO NIVEL CRITICO Y PARA MENOS DE DOS SEMANAS,0.0,7.0,7.0,12.0,1.0,1.0,12 MESES,OBRABRISASDEJUNQUILLAR,41020322-OBRABRISASDEJUNQUILLAR
41020323.0,PINTURA ESMALTE AL AGUA PURE WHITE CP-70 1 TIN,BAJO NIVEL CRITICO Y PARA MENOS DE DOS SEMANAS,0.0,7.0,7.0,2.88,1.0,1.0,12 MESES,OBRABRISASDEJUNQUILLAR,41020323-OBRABRISASDEJUNQUILLAR
41020324.0,PINTURA ESMALTE AL AGUA SIMPLE WHITE CP-70 1 TIN,BAJO NIVEL CRITICOY SIN ENTREGA LOS ÚLTIMOS 90 DÍAS,1.0,7.0,,,,,12 MESES,OBRABRISASDEJUNQUILLAR,41020324-OBRABRISASDEJUNQUILLAR
1275938.0,PINTURA ESMALTE AL AGUABLANCO HUESO CP-70  1 TIN,BAJO NIVEL CRITICO Y PARA MÁS DE DOS SEMANAS,19.0,6.0,6.0,6.6,4.0,4.0,12 MESES,OBRABRISASDEJUNQUILLAR,1275938-OBRABRISASDEJUNQUILLAR
1275920.0,PINTURA ESMALTE AL AGUABLANCO INVIERNO CP-70  1 TIN,BAJO NIVEL CRITICO Y PARA MÁS DE DOS SEMANAS,2.0,6.0,6.0,2.75,2.0,2.0,12 MESES,OBRABRISASDEJUNQUILLAR,1275920-OBRABRISASDEJUNQUILLAR
41020339.0,PINTURA HOJALATA TERRA ACRIZINC 1 GAL,BAJO NIVEL CRITICO Y PARA MÁS DE DOS SEMANAS,6.0,7.0,7.0,13.2,11.0,11.0,60 MESES,OBRABRISASDEJUNQUILLAR,41020339-OBRABRISASDEJUNQUILLAR
1191451.0,PINTURA HOJALATACAOBA ACRIZINC  1 GAL,BAJO NIVEL CRITICOY SIN ENTREGA LOS ÚLTIMOS 90 DÍAS,0.0,3.0,3.0,5.25,10.0,5.0,60 MESES,OBRABRISASDEJUNQUILLAR,1191451-OBRABRISASDEJUNQUILLAR
1191460.0,PINTURA HOJALATACASTANO ACRIZINC  1 GAL,BAJO NIVEL CRITICOY SIN ENTREGA LOS ÚLTIMOS 90 DÍAS,1.0,6.0,6.0,2.75,2.0,2.0,60 MESES,OBRABRISASDEJUNQUILLAR,1191460-OBRABRISASDEJUNQUILLAR
1194652.0,PINTURA HOJALATANEGRO ACRIZINC  1 GAL,BAJO NIVEL CRITICOY SIN ENTREGA LOS ÚLTIMOS 90 DÍAS,0.0,5.0,5.0,16.5,16.5,16.5,60 MESES,OBRABRISASDEJUNQUILLAR,1194652-OBRABRISASDEJUNQUILLAR
1274821.0,PINTURA IMPERMEABILIZANTE MASTERWALL BEIGE (IC)  1 TIN,BAJO NIVEL CRITICO Y PARA MÁS DE DOS SEMANAS,4.0,6.0,5.0,11.0,10.0,10.0,12 MESES,OBRABRISASDEJUNQUILLAR,1274821-OBRABRISASDEJUNQUILLAR
1274839.0,PINTURA IMPERMEABILIZANTE MASTERWALL GRIS ARENA (SR)  1 TIN,BAJO NIVEL CRITICO Y PARA MÁS DE DOS SEMANAS,6.0,6.0,5.0,11.0,10.0,10.0,12 MESES,OBRABRISASDEJUNQUILLAR,1274839-OBRABRISASDEJUNQUILLAR
1274847.0,PINTURA IMPERMEABILIZANTE MASTERWALL MOSTAZA (GS)  1 TIN,BAJO NIVEL CRITICO Y PARA MÁS DE DOS SEMANAS,2.0,5.0,5.0,11.0,13.0,13.0,12 MESES,OBRABRISASDEJUNQUILLAR,1274847-OBRABRISASDEJUNQUILLAR
41020253.0,PINTURA IMPERMEABILIZANTE SIKAWALL-416 ALPACA 1 TIN,BAJO NIVEL CRITICO Y PARA MÁS DE DOS SEMANAS,2.0,7.0,7.0,13.2,16.0,16.0,12 MESES,OBRABRISASDEJUNQUILLAR,41020253-OBRABRISASDEJUNQUILLAR
41020252.0,PINTURA IMPERMEABILIZANTE SIKAWALL-416 FUNCTIONAL GRAY 1 TIN,BAJO NIVEL CRITICO Y PARA MÁS DE DOS SEMANAS,1.0,7.0,7.0,13.2,12.0,12.0,12 MESES,OBRABRISASDEJUNQUILLAR,41020252-OBRABRISASDEJUNQUILLAR
41020328.0,PINTURA LATEX ACRILICO BACKDROP CK-70 1 TIN,BAJO NIVEL CRITICO Y PARA MÁS DE DOS SEMANAS,3.0,7.0,7.0,75.6,4.0,4.0,12 MESES,OBRABRISASDEJUNQUILLAR,41020328-OBRABRISASDEJUNQUILLAR
41020327.0,PINTURA LATEX ACRILICO FUNCTIONAL GRAY CK-70 1 TIN,BAJO NIVEL CRITICOY SIN ENTREGA LOS ÚLTIMOS 90 DÍAS,0.0,7.0,7.0,75.6,1.0,1.0,12 MESES,OBRABRISASDEJUNQUILLAR,41020327-OBRABRISASDEJUNQUILLAR
41020325.0,PINTURA LATEX ACRILICO PURE WHITE CIELOLAT 1 TIN,BAJO NIVEL CRITICO Y PARA MENOS DE DOS SEMANAS,0.0,7.0,7.0,53.18,6.0,6.0,12 MESES,OBRABRISASDEJUNQUILLAR,41020325-OBRABRISASDEJUNQUILLAR
41020326.0,PINTURA LATEX ACRILICO SIMPLE WHITE CIELOLAT 1 TIN,BAJO NIVEL CRITICO Y PARA MÁS DE DOS SEMANAS,3.0,7.0,7.0,75.6,2.0,2.0,12 MESES,OBRABRISASDEJUNQUILLAR,41020326-OBRABRISASDEJUNQUILLAR
1188105.0,PLANCHA FIBROCEMENTO 4 MM VOLCAN 1 PLANCHA,BAJO NIVEL CRITICO Y PARA MÁS DE DOS SEMANAS,63.29,6.0,6.0,101.75,72.5,72.5,,OBRABRISASDEJUNQUILLAR,1188105-OBRABRISASDEJUNQUILLAR
1259305.0,"PLANCHA OSB PROTEC 11,1 MM X 2,4 4 X 1,22 MTS LP 1 UN",SOBRE NIVEL CRÍTICO Y PARA MÁS DE DOS SEMANAS,407.9,8.0,7.0,840.0,840.0,840.0,,OBRABRISASDEJUNQUILLAR,1259305-OBRABRISASDEJUNQUILLAR
1192999.0,"PLANCHA OSB STD 9,5 MM X 2,44 X 1,22 MTS LP 1 UN",BAJO NIVEL CRITICO Y PARA MENOS DE DOS SEMANAS,-3.0,7.0,7.0,24.0,24.0,24.0,,OBRABRISASDEJUNQUILLAR,1192999-OBRABRISASDEJUNQUILLAR
1182758.0,"PLANCHA YESO-CARTON RH 12,5 MM 1,20 X 2,40 VOLCAN 1 PLANCHA",BAJO NIVEL CRITICO Y PARA MÁS DE DOS SEMANAS,20.0,7.0,7.0,96.0,96.0,96.0,,OBRABRISASDEJUNQUILLAR,1182758-OBRABRISASDEJUNQUILLAR
1179698.0,"PLANCHA YESO-CARTON ST 10 MM 1,20 X 2,40 VOLCAN 1 PLANCHA",BAJO NIVEL CRITICO Y PARA MENOS DE DOS SEMANAS,-39.99997802734379,7.0,7.0,1440.0,673.02,673.02,,OBRABRISASDEJUNQUILLAR,1179698-OBRABRISASDEJUNQUILLAR
1278928.0,POLIESTIRENO EXP. 30 MM (20KG/ M3) 1 PLANCHA,CERCA DE NIVEL CRITICOY SIN ENTREGA LOS ÚLTIMOS 90 DÍAS,149.0,7.0,7.0,360.0,300.0,300.0,,OBRABRISASDEJUNQUILLAR,1278928-OBRABRISASDEJUNQUILLAR
1278944.0,POLIESTIRENO EXP. 70 MM (20KG/ M3) 1 PLANCHA,CERCA DE NIVEL CRITICO Y PARA MÁS DE DOS SEMANAS,155.0,7.0,7.0,288.0,288.0,288.0,,OBRABRISASDEJUNQUILLAR,1278944-OBRABRISASDEJUNQUILLAR
1278952.0,POLIESTIRENO EXP. 80 MM (20KG/ M3) 1 PLANCHA,SOBRE NIVEL CRÍTICO Y PARA MÁS DE DOS SEMANAS,1992.8,8.0,8.0,3105.0,3101.0,3101.0,,OBRABRISASDEJUNQUILLAR,1278952-OBRABRISASDEJUNQUILLAR
41020260.0,PORCELANATO GRES KLASSIC LIGHT GREY MATEE 60 X 60 1M2,BAJO NIVEL CRITICO Y PARA MÁS DE DOS SEMANAS,4.319999809265137,7.0,7.0,112.9,7.2,7.2,,OBRABRISASDEJUNQUILLAR,41020260-OBRABRISASDEJUNQUILLAR
41020249.0,PORCELANATO GRES YORK WALNUT 30 X 60 1 M2,SOBRE NIVEL CRÍTICO Y PARA MÁS DE DOS SEMANAS,885.6000012207031,7.0,7.0,1069.23,1198.08,1198.08,,OBRABRISASDEJUNQUILLAR,41020249-OBRABRISASDEJUNQUILLAR
1191945.0,PROMOTOR DE ADHERENCIA TECNO BOND  20 KG 1 TIN,BAJO NIVEL CRITICO Y PARA MÁS DE DOS SEMANAS,3.0,7.0,7.0,4.22,4.0,4.0,12 MESES,OBRABRISASDEJUNQUILLAR,1191945-OBRABRISASDEJUNQUILLAR
41020284.0,PROTECTOR DE MADERA GRIS CUARZO CERESTAIN 1 GAL,,,,,,,,24 MESES,OBRABRISASDEJUNQUILLAR,41020284-OBRABRISASDEJUNQUILLAR
1260955.0,"PUERTA HDF EXTERIOR PRESTIGE PROTEGIDA 0,80 X 2 MT 1 UN",BAJO NIVEL CRITICOY SIN ENTREGA LOS ÚLTIMOS 90 DÍAS,1.0,5.0,5.0,30.0,30.0,30.0,,OBRABRISASDEJUNQUILLAR,1260955-OBRABRISASDEJUNQUILLAR
1192112.0,"PUERTA HDF PRESTIGE 0,65 X 2 M T INTERIOR 1 UN",BAJO NIVEL CRITICO Y PARA MENOS DE DOS SEMANAS,0.0,6.0,6.0,11.0,11.0,11.0,,OBRABRISASDEJUNQUILLAR,1192112-OBRABRISASDEJUNQUILLAR
1192121.0,"PUERTA HDF PRESTIGE 0,70 X 2 M T INTERIOR 1 UN",BAJO NIVEL CRITICO Y PARA MENOS DE DOS SEMANAS,0.0,6.0,6.0,66.0,66.0,66.0,,OBRABRISASDEJUNQUILLAR,1192121-OBRABRISASDEJUNQUILLAR
1192139.0,"PUERTA HDF PRESTIGE 0,75 X 2 M T INTERIOR 1 UN",BAJO NIVEL CRITICO Y PARA MENOS DE DOS SEMANAS,0.0,6.0,6.0,11.0,11.0,11.0,,OBRABRISASDEJUNQUILLAR,1192139-OBRABRISASDEJUNQUILLAR
41020428.0,"PUERTA MDF HR EXTERIOR PREPINTADA 2V+5H C/PE DOBLE BASTIDOR 0,80 X 2,00 MT 1 UN",,,,,,,,,OBRABRISASDEJUNQUILLAR,41020428-OBRABRISASDEJUNQUILLAR
1275428.0,"PUERTA MDF HR PREP CAPRI III C/POLIEST Y DOBLE CELOSIA 0,70 X 2,00 MT 1 UN",BAJO NIVEL CRITICOY SIN ENTREGA LOS ÚLTIMOS 90 DÍAS,0.0,2.0,2.0,21.0,21.0,21.0,,OBRABRISASDEJUNQUILLAR,1275428-OBRABRISASDEJUNQUILLAR
1243995.0,"PUERTA MDF INTERIOR PREPINTADA 2V+5H 0,65 X 2,00 MT 1 UN",,,,,,,,,OBRABRISASDEJUNQUILLAR,1243995-OBRABRISASDEJUNQUILLAR
1244015.0,"PUERTA MDF INTERIOR PREPINTADA 2V+5H 0,70 X 2,00 MT 1 UN",,,,,,,,,OBRABRISASDEJUNQUILLAR,1244015-OBRABRISASDEJUNQUILLAR
1244023.0,"PUERTA MDF INTERIOR PREPINTADA 2V+5H 0,75 X 2,00 MT 1 UN",,,,,,,,,OBRABRISASDEJUNQUILLAR,1244023-OBRABRISASDEJUNQUILLAR
1190969.0,"PUERTA TERCIADO 0,70 X 2,00 CO N PE C/C 1 UN",BAJO NIVEL CRITICOY SIN ENTREGA LOS ÚLTIMOS 90 DÍAS,4.0,6.0,6.0,11.0,11.0,11.0,,OBRABRISASDEJUNQUILLAR,1190969-OBRABRISASDEJUNQUILLAR
1280551.0,"PUERTA TOSCANA ESTILO RUSTICO 0,85 X 2,00 MT 1 UN",BAJO NIVEL CRITICO Y PARA MENOS DE DOS SEMANAS,0.0,6.0,6.0,11.0,11.0,11.0,,OBRABRISASDEJUNQUILLAR,1280551-OBRABRISASDEJUNQUILLAR
41020304.0,ADHESIVO PORCELANATO EN POLVO SIKACERAM 200 FLEX 25 KG 1 SACO,SOBRE NIVEL CRÍTICO Y PARA MÁS DE DOS SEMANAS,109.0,2.0,2.0,351.17,362.41,362.41,6 MESES,OBRABRISASDEMACHALI,41020304-OBRABRISASDEMACHALI
1196455.0,ADHESIVO SILICONABLANCO SANISIL 280 ML 1 UN,SOBRE NIVEL CRÍTICO Y PARA MÁS DE DOS SEMANAS,25.0,2.0,1.0,16.0,16.0,16.0,24 MESES,OBRABRISASDEMACHALI,1196455-OBRABRISASDEMACHALI
1177650.0,ADHESIVOBLANCO SIKACRYL+ PINTABLE 300 ML 1 UN,SOBRE NIVEL CRÍTICO Y PARA MÁS DE DOS SEMANAS,73.0,2.0,2.0,111.2,103.0,103.0,24 MESES,OBRABRISASDEMACHALI,1177650-OBRABRISASDEMACHALI
41020426.0,AIRE ACONDICIONADO UNIDA INTERIOR 18000 BTU 1 UN,BAJO NIVEL CRITICOY SIN ENTREGA LOS ÚLTIMOS 90 DÍAS,1.0,1.0,1.0,24.0,2.0,2.0,,OBRABRISASDEMACHALI,41020426-OBRABRISASDEMACHALI
41020425.0,AIRE ACONDICIONADO UNIDA INTERIOR 9000 BTU 1 UN,BAJO NIVEL CRITICOY SIN ENTREGA LOS ÚLTIMOS 90 DÍAS,2.0,1.0,,,,,,OBRABRISASDEMACHALI,41020425-OBRABRISASDEMACHALI
1177895.0,ANTICORROSIVO NEGRO 1 GAL,BAJO NIVEL CRITICO Y PARA MENOS DE DOS SEMANAS,0.0,3.0,3.0,5.0,4.5,4.5,12 MESES,OBRABRISASDEMACHALI,1177895-OBRABRISASDEMACHALI
1192155.0,"BISAGRA 3 1/2"" X 3 1/2"" CROMO SATIN 1 UN",SOBRE NIVEL CRÍTICO Y PARA MÁS DE DOS SEMANAS,45.0,3.0,2.0,33.0,33.0,33.0,,OBRABRISASDEMACHALI,1192155-OBRABRISASDEMACHALI
1192147.0,"BISAGRA 3"" X 3"" CROMO SATIN 1 UN",SOBRE NIVEL CRÍTICO Y PARA MÁS DE DOS SEMANAS,681.0,3.0,2.0,495.0,495.0,495.0,,OBRABRISASDEMACHALI,1192147-OBRABRISASDEMACHALI
1178193.0,"BROCHA 2"" 1 UN",SOBRE NIVEL CRÍTICO Y PARA MÁS DE DOS SEMANAS,28.0,3.0,3.0,50.1,20.81,20.81,,OBRABRISASDEMACHALI,1178193-OBRABRISASDEMACHALI
1179508.0,"BROCHA 4"" 1 UN",SOBRE NIVEL CRÍTICO Y PARA MÁS DE DOS SEMANAS,34.0,3.0,3.0,50.0,20.0,20.0,,OBRABRISASDEMACHALI,1179508-OBRABRISASDEMACHALI
1274572.0,BURLETE BAJO PUERTA 1 UN,SOBRE NIVEL CRÍTICO Y PARA MÁS DE DOS SEMANAS,14.0,2.0,2.0,22.0,22.0,22.0,,OBRABRISASDEMACHALI,1274572-OBRABRISASDEMACHALI
41020230.0,CAMPANA BAJO MUEBLE 1 UN,BAJO NIVEL CRITICOY SIN ENTREGA LOS ÚLTIMOS 90 DÍAS,7.0,1.0,1.0,8.0,8.0,8.0,,OBRABRISASDEMACHALI,41020230-OBRABRISASDEMACHALI
1189722.0,CELOSIA 20 X 20 BLANCA 1 UN,SOBRE NIVEL CRÍTICOY SIN ENTREGA LOS ÚLTIMOS 90 DÍAS,66.0,3.0,1.0,24.0,24.0,24.0,,OBRABRISASDEMACHALI,1189722-OBRABRISASDEMACHALI
1178257.0,CELOSIA 30 X 30 BLANCA 1 UN,SOBRE NIVEL CRÍTICOY SIN ENTREGA LOS ÚLTIMOS 90 DÍAS,88.0,4.0,1.0,16.0,16.0,16.0,,OBRABRISASDEMACHALI,1178257-OBRABRISASDEMACHALI
1269802.0,CEMENTO AR PUZOLANICO BIO BIO 1 KG,SOBRE NIVEL CRÍTICO Y PARA MÁS DE DOS SEMANAS,109689.2296875,6.0,5.0,12616.06,14441.06,14441.06,2 MESES,OBRABRISASDEMACHALI,1269802-OBRABRISASDEMACHALI
41020315.0,CERRADURA EMBUTIDA MANILLA ACCESO SCANAVINI 1 UN,BAJO NIVEL CRITICO Y PARA MÁS DE DOS SEMANAS,5.0,2.0,2.0,11.0,11.0,11.0,,OBRABRISASDEMACHALI,41020315-OBRABRISASDEMACHALI
41020409.0,CERRADURA EMBUTIDA MANILLA BAÑO SCANAVINI 1 UN,SOBRE NIVEL CRÍTICO Y PARA MÁS DE DOS SEMANAS,20.0,2.0,2.0,44.0,44.0,44.0,,OBRABRISASDEMACHALI,41020409-OBRABRISASDEMACHALI
41020410.0,CERRADURA EMBUTIDA MANILLA SEGURO-LLAVE SCANAVINI 1 UN,BAJO NIVEL CRITICO Y PARA MÁS DE DOS SEMANAS,15.0,2.0,2.0,33.0,33.0,33.0,,OBRABRISASDEMACHALI,41020410-OBRABRISASDEMACHALI
41020408.0,CERRADURA EMBUTIDA MANILLA SIMPLE PASO SCANAVINI 1 UN,SOBRE NIVEL CRÍTICO Y PARA MÁS DE DOS SEMANAS,35.0,2.0,2.0,77.0,77.0,77.0,,OBRABRISASDEMACHALI,41020408-OBRABRISASDEMACHALI
1193959.0,"CIELO PERFIL AT 20 X 25 X 4 X 0,42 MM X 3,0 MTS",SOBRE NIVEL CRÍTICO Y PARA MÁS DE DOS SEMANAS,369.0,4.0,3.0,213.94,214.0,214.0,,OBRABRISASDEMACHALI,1193959-OBRABRISASDEMACHALI
1183013.0,CINTA AUTOADHESIVA P/JUNTURA 45 MTS 1 ROLLO,SOBRE NIVEL CRÍTICO Y PARA MÁS DE DOS SEMANAS,70.0,4.0,3.0,84.06,84.06,77.0,,OBRABRISASDEMACHALI,1183013-OBRABRISASDEMACHALI
1252390.0,"CODO PP-R DOBLE FIJACION TINA HI 20 X 1/2"" 1 UN",CERCA DE NIVEL CRITICO Y PARA MÁS DE DOS SEMANAS,22.0,6.0,6.0,30.0,30.0,0.0,,OBRABRISASDEMACHALI,1252390-OBRABRISASDEMACHALI
1247072.0,CODO PP-R 20 MM 1 UN,SOBRE NIVEL CRÍTICO Y PARA MÁS DE DOS SEMANAS,289.0,6.0,6.0,260.0,260.0,0.0,,OBRABRISASDEMACHALI,1247072-OBRABRISASDEMACHALI
1196076.0,"CODO PP-R 20 X 1/2"" HI 1 UN",SOBRE NIVEL CRÍTICO Y PARA MÁS DE DOS SEMANAS,92.0,6.0,6.0,80.0,80.0,0.0,,OBRABRISASDEMACHALI,1196076-OBRABRISASDEMACHALI
1247081.0,CODO PP-R 25 MM 1 UN,SOBRE NIVEL CRÍTICO Y PARA MÁS DE DOS SEMANAS,209.0,6.0,6.0,260.0,260.0,0.0,,OBRABRISASDEMACHALI,1247081-OBRABRISASDEMACHALI
1205921.0,"CODO PP-R 25 X 1/2"" HE 1 UN",BAJO NIVEL CRITICOY SIN ENTREGA LOS ÚLTIMOS 90 DÍAS,0.0,10.0,9.0,40.0,40.0,40.0,,OBRABRISASDEMACHALI,1205921-OBRABRISASDEMACHALI
1190230.0,CODO PP-R 32 MM 1 UN,SOBRE NIVEL CRÍTICO Y PARA MÁS DE DOS SEMANAS,84.0,6.0,6.0,10.0,30.0,0.0,,OBRABRISASDEMACHALI,1190230-OBRABRISASDEMACHALI
1254862.0,CODO PP-R 40 MM X 90? 1 UN ,SOBRE NIVEL CRÍTICO Y PARA MÁS DE DOS SEMANAS,130.0,6.0,6.0,10.0,50.0,0.0,,OBRABRISASDEMACHALI,1254862-OBRABRISASDEMACHALI
1252533.0,COPLA PP-R 25 MM 1 UN,SOBRE NIVEL CRÍTICO Y PARA MÁS DE DOS SEMANAS,127.0,6.0,6.0,20.0,20.0,0.0,,OBRABRISASDEMACHALI,1252533-OBRABRISASDEMACHALI
1199592.0,COPLA PP-R 32 MM 1 UN,BAJO NIVEL CRITICO Y PARA MÁS DE DOS SEMANAS,18.0,6.0,6.0,10.0,10.0,0.0,,OBRABRISASDEMACHALI,1199592-OBRABRISASDEMACHALI
1254871.0,COPLA PP-R 40 X 32 MM 1 UN,BAJO NIVEL CRITICOY SIN ENTREGA LOS ÚLTIMOS 90 DÍAS,19.0,6.0,6.0,10.0,10.0,0.0,,OBRABRISASDEMACHALI,1254871-OBRABRISASDEMACHALI
1181561.0,"DESAGUE LAVAPLATOS 1 1/2"" 1 U N",BAJO NIVEL CRITICO Y PARA MÁS DE DOS SEMANAS,28.0,2.0,1.0,16.0,8.0,8.0,,OBRABRISASDEMACHALI,1181561-OBRABRISASDEMACHALI
1256198.0,"DESAGUE LAVATORIO 1 1/4"" C/REB /REJ 1 UN",SOBRE NIVEL CRÍTICO Y PARA MÁS DE DOS SEMANAS,84.0,3.0,1.0,8.0,32.0,32.0,,OBRABRISASDEMACHALI,1256198-OBRABRISASDEMACHALI
1200151.0,DESAGUE PLATO DUCHA E70 X S 1 1/2 1 UN,BAJO NIVEL CRITICO Y PARA MÁS DE DOS SEMANAS,4.0,3.0,3.0,3.333333333333333,10.0,10.0,,OBRABRISASDEMACHALI,1200151-OBRABRISASDEMACHALI
1177879.0,DESAGUE TINA/REBALSE/SIFON 1 UN,BAJO NIVEL CRITICO Y PARA MÁS DE DOS SEMANAS,26.0,1.0,1.0,16.0,32.0,32.0,,OBRABRISASDEMACHALI,1177879-OBRABRISASDEMACHALI
1187161.0,"ESQUINEROS METALICO 30 X 30 X 2,40 MTS 1 UN",SOBRE NIVEL CRÍTICO Y PARA MÁS DE DOS SEMANAS,639.0,4.0,3.0,360.03,360.0,350.0,,OBRABRISASDEMACHALI,1187161-OBRABRISASDEMACHALI
41020424.0,ESTANQUE EBEN-R 1 UN,CERCA DE NIVEL CRITICOY SIN ENTREGA LOS ÚLTIMOS 90 DÍAS,38.0,2.0,,,,,,OBRABRISASDEMACHALI,41020424-OBRABRISASDEMACHALI
41020434.0,ESTANQUE WC LOFTY 1 UN,BAJO NIVEL CRITICO Y PARA MÁS DE DOS SEMANAS,22.0,2.0,1.0,32.0,16.0,16.0,,OBRABRISASDEMACHALI,41020434-OBRABRISASDEMACHALI
1291188.0,EXTRACTOR RETON 100 BTH HIGRO 1 UN,SOBRE NIVEL CRÍTICO Y PARA MÁS DE DOS SEMANAS,60.0,2.0,1.0,40.0,40.0,40.0,,OBRABRISASDEMACHALI,1291188-OBRABRISASDEMACHALI
1290062.0,FRAGUE CERAMICO GRIS GARZA 1 KG,BAJO NIVEL CRITICO Y PARA MÁS DE DOS SEMANAS,29.0,2.0,2.0,49.96,20.0,20.0,12 MESES,OBRABRISASDEMACHALI,1290062-OBRABRISASDEMACHALI
1256340.0,FRAGUE CERAMICOCAPRI  1 KG 1 UN,SOBRE NIVEL CRÍTICO Y PARA MÁS DE DOS SEMANAS,89.0,2.0,2.0,77.18,60.0,60.0,12 MESES,OBRABRISASDEMACHALI,1256340-OBRABRISASDEMACHALI
41020342.0,GUARDAPOLVO MADERA RECTO LIJADO 13 X 100 X 2400 1 UN,SOBRE NIVEL CRÍTICOY SIN ENTREGA LOS ÚLTIMOS 90 DÍAS,530.0,3.0,,,,,,OBRABRISASDEMACHALI,41020342-OBRABRISASDEMACHALI
1274302.0,HORNO ELECTRICO,BAJO NIVEL CRITICO Y PARA MÁS DE DOS SEMANAS,8.0,1.0,1.0,8.0,8.0,8.0,,OBRABRISASDEMACHALI,1274302-OBRABRISASDEMACHALI
41020459.0,LAVAPLATO BAJO CUBIERTA ACERO INOX. 730 X 460 MM 1 UN,BAJO NIVEL CRITICO Y PARA MÁS DE DOS SEMANAS,13.0,2.0,1.0,8.0,8.0,8.0,,OBRABRISASDEMACHALI,41020459-OBRABRISASDEMACHALI
1203213.0,LLAVE PASO PP-R CAMPANA 20 MM CRM 1 UN,SOBRE NIVEL CRÍTICO Y PARA MÁS DE DOS SEMANAS,150.0,6.0,6.0,90.0,90.0,0.0,,OBRABRISASDEMACHALI,1203213-OBRABRISASDEMACHALI
1190344.0,LLAVE PASO PP-R CAMPANA 25 MM CRM 1 UN,BAJO NIVEL CRITICO Y PARA MÁS DE DOS SEMANAS,23.0,6.0,6.0,70.0,70.0,0.0,,OBRABRISASDEMACHALI,1190344-OBRABRISASDEMACHALI
1191591.0,"LP OSB TECHSHIELD 11,1 MM X 2, 44 X 1,22 MTS 1 PLANCHA",SOBRE NIVEL CRÍTICO Y PARA MÁS DE DOS SEMANAS,475.0,4.0,3.0,608.99,608.9200000000001,608.92,,OBRABRISASDEMACHALI,1191591-OBRABRISASDEMACHALI
1251346.0,MALLA DE FIBRA DE VIDRIO 153 GRS/M2 1 X 50 WEBER MTS 1 UN,BAJO NIVEL CRITICO Y PARA MÁS DE DOS SEMANAS,20.0,3.0,3.0,35.4,35.0,35.0,,OBRABRISASDEMACHALI,1251346-OBRABRISASDEMACHALI
41020412.0,MANILLON PUERTA RECTANGULAR ACERO INOX 11B 25X34X350 MM 1 UN,BAJO NIVEL CRITICOY SIN ENTREGA LOS ÚLTIMOS 90 DÍAS,17.0,2.0,,,,,,OBRABRISASDEMACHALI,41020412-OBRABRISASDEMACHALI
1279525.0,MARCO PUERTA L M26 1 UN,BAJO NIVEL CRITICOY SIN ENTREGA LOS ÚLTIMOS 90 DÍAS,0.0,1.0,1.0,8.0,16.0,16.0,,OBRABRISASDEMACHALI,1279525-OBRABRISASDEMACHALI
1182862.0,MARCO PUERTA MADERA 30 X 90 1 UN,SOBRE NIVEL CRÍTICO Y PARA MÁS DE DOS SEMANAS,60.0,2.0,2.0,132.0,132.0,132.0,,OBRABRISASDEMACHALI,1182862-OBRABRISASDEMACHALI
1271136.0,MARCO PUERTA MADERA 40 X 90 C/RANURA BURLETE 1 UN,BAJO NIVEL CRITICO Y PARA MÁS DE DOS SEMANAS,12.0,2.0,2.0,11.0,11.0,11.0,,OBRABRISASDEMACHALI,1271136-OBRABRISASDEMACHALI
41020241.0,MARMOLINA GAUNTLET GRAY CT-70R G.M (25 KG) 1 TINETA,BAJO NIVEL CRITICO Y PARA MÁS DE DOS SEMANAS,11.0,2.0,1.0,67.7,68.0,68.0,24 MESES,OBRABRISASDEMACHALI,41020241-OBRABRISASDEMACHALI
1268623.0,MASILLA BASE JUNTA PRO VOLCAN 25 KG,BAJO NIVEL CRITICO Y PARA MÁS DE DOS SEMANAS,51.0,3.0,3.0,46.42,30.8,30.8,6 MESES,OBRABRISASDEMACHALI,1268623-OBRABRISASDEMACHALI
1192956.0,MASTERSEAL 550 30 KG 1 JUEGO,BAJO NIVEL CRITICOY SIN ENTREGA LOS ÚLTIMOS 90 DÍAS,28.0,4.0,4.0,20.63,10.0,10.0,24 MESES,OBRABRISASDEMACHALI,1192956-OBRABRISASDEMACHALI
1271494.0,MEDIA CA?A PINO FINGER MC-7 UN,SOBRE NIVEL CRÍTICO Y PARA MÁS DE DOS SEMANAS,300.0,2.0,1.0,200.0,167.0,167.0,,OBRABRISASDEMACHALI,1271494-OBRABRISASDEMACHALI
1179348.0,"MEDIDOR AGUA POTABLE 1""  1 UN ",BAJO NIVEL CRITICO Y PARA MÁS DE DOS SEMANAS,19.01,5.0,3.0,10.0,18.0,18.005,12 MESES,OBRABRISASDEMACHALI,1179348-OBRABRISASDEMACHALI
1292033.0,MOLDURA NOMASTYL 30 X 20 T4 1 ML,SOBRE NIVEL CRÍTICO Y PARA MÁS DE DOS SEMANAS,1020.0,2.0,2.0,1837.0,1870.0,1870.0,,OBRABRISASDEMACHALI,1292033-OBRABRISASDEMACHALI
1274812.0,MORTERO BASE COAT 20 KG 1 SACO,SOBRE NIVEL CRÍTICO Y PARA MÁS DE DOS SEMANAS,132.0,4.0,3.0,361.09,362.25,362.25,12 MESES,OBRABRISASDEMACHALI,1274812-OBRABRISASDEMACHALI
41020232.0,MORTERO PRESEC 196 25 KG,BAJO NIVEL CRITICO Y PARA MÁS DE DOS SEMANAS,50.0,2.0,2.0,91.41,98.0,98.0,6 MESES,OBRABRISASDEMACHALI,41020232-OBRABRISASDEMACHALI
41020234.0,MUEBLE BALI CON VANITORIO 1 UN,BAJO NIVEL CRITICO Y PARA MÁS DE DOS SEMANAS,11.0,2.0,1.0,32.0,8.0,8.0,,OBRABRISASDEMACHALI,41020234-OBRABRISASDEMACHALI
41020404.0,NARIZ DE GRADA PVC TIPO WALNUT 25X50X2400 MM 1 TIRA,BAJO NIVEL CRITICO Y PARA MÁS DE DOS SEMANAS,40.0,2.0,1.0,8.0,40.0,40.0,,OBRABRISASDEMACHALI,41020404-OBRABRISASDEMACHALI
1183136.0,PAPEL FIELTRO 10/40 1 ROLLO,BAJO NIVEL CRITICO Y PARA MÁS DE DOS SEMANAS,15.0,6.0,6.0,47.37,47.93,0.0,,OBRABRISASDEMACHALI,1183136-OBRABRISASDEMACHALI
1299451.0,PASTA MURO (25 KG) 1 TINETA,BAJO NIVEL CRITICO Y PARA MÁS DE DOS SEMANAS,25.0,2.0,2.0,100.15,39.17,39.17,12 MESES,OBRABRISASDEMACHALI,1299451-OBRABRISASDEMACHALI
1188033.0,"PERFIL CANAL NORMAL 61 X 20 X 0,5 MM X 3 MTS 1 UN",SOBRE NIVEL CRÍTICO Y PARA MÁS DE DOS SEMANAS,339.0,4.0,3.0,320.0,320.0,320.0,,OBRABRISASDEMACHALI,1188033-OBRABRISASDEMACHALI
1188025.0,"PERFIL MONTANTE NORMAL 60 X 38 X 0,5 MM X 2,4 MTS 1 UN",SOBRE NIVEL CRÍTICO Y PARA MÁS DE DOS SEMANAS,1460.0,4.0,3.0,1000.0,1000.0,1000.0,,OBRABRISASDEMACHALI,1188025-OBRABRISASDEMACHALI
1198881.0,"PERFIL PORTANTE 40 R 40 X 18 X 10 X 0,5 MM X 6 MTS",SOBRE NIVEL CRÍTICO Y PARA MÁS DE DOS SEMANAS,620.0048828125,4.0,3.0,486.07,486.0,486.0,,OBRABRISASDEMACHALI,1198881-OBRABRISASDEMACHALI
41020332.0,PILASTRA PINO RECTA 13 X 30 X 2400 1 UN,SOBRE NIVEL CRÍTICO Y PARA MÁS DE DOS SEMANAS,407.0,2.0,2.0,407.0,407.0,407.0,,OBRABRISASDEMACHALI,41020332-OBRABRISASDEMACHALI
1193713.0,"PINO 2"" X 2"" X 3,20 MT IMPREGNADO",SOBRE NIVEL CRÍTICO Y PARA MÁS DE DOS SEMANAS,1208.0,4.0,3.0,1430.0,1430.0,1430.0,,OBRABRISASDEMACHALI,1193713-OBRABRISASDEMACHALI
41020267.0,PINTURA DE MADERA TERRA MADERVET 1 TIN,BAJO NIVEL CRITICOY SIN ENTREGA LOS ÚLTIMOS 90 DÍAS,2.0,1.0,,,,,24 MESES,OBRABRISASDEMACHALI,41020267-OBRABRISASDEMACHALI
41020321.0,PINTURA ESMALTE AL AGUA BACKDROP CP-70 1 TIN,BAJO NIVEL CRITICO Y PARA MÁS DE DOS SEMANAS,17.0,3.0,2.0,44.0,13.0,13.0,12 MESES,OBRABRISASDEMACHALI,41020321-OBRABRISASDEMACHALI
41020322.0,PINTURA ESMALTE AL AGUA FUNCTIONAL GRAY CP-70 1 TIN,BAJO NIVEL CRITICO Y PARA MENOS DE DOS SEMANAS,0.0,2.0,2.0,44.0,4.0,4.0,12 MESES,OBRABRISASDEMACHALI,41020322-OBRABRISASDEMACHALI
41020323.0,PINTURA ESMALTE AL AGUA PURE WHITE CP-70 1 TIN,BAJO NIVEL CRITICOY SIN ENTREGA LOS ÚLTIMOS 90 DÍAS,9.0,1.0,1.0,32.0,26.0,26.0,12 MESES,OBRABRISASDEMACHALI,41020323-OBRABRISASDEMACHALI
1270379.0,PINTURA HOJALATANEGRO ACRIZINC  1 TIN,BAJO NIVEL CRITICOY SIN ENTREGA LOS ÚLTIMOS 90 DÍAS,8.0,10.0,9.0,3.3,3.5,3.5,60 MESES,OBRABRISASDEMACHALI,1270379-OBRABRISASDEMACHALI
41020251.0,PINTURA IMPERMEABILIZANTE SIKAWALL-416 GAUNLET GRAY 1 TIN,BAJO NIVEL CRITICO Y PARA MÁS DE DOS SEMANAS,30.0,2.0,1.0,32.32,32.32,32.32,12 MESES,OBRABRISASDEMACHALI,41020251-OBRABRISASDEMACHALI
41020328.0,PINTURA LATEX ACRILICO BACKDROP CK-70 1 TIN,BAJO NIVEL CRITICOY SIN ENTREGA LOS ÚLTIMOS 90 DÍAS,18.0,3.0,,,,,12 MESES,OBRABRISASDEMACHALI,41020328-OBRABRISASDEMACHALI
41020327.0,PINTURA LATEX ACRILICO FUNCTIONAL GRAY CK-70 1 TIN,,,,,,,,12 MESES,OBRABRISASDEMACHALI,41020327-OBRABRISASDEMACHALI
41020325.0,PINTURA LATEX ACRILICO PURE WHITE CIELOLAT 1 TIN,BAJO NIVEL CRITICO Y PARA MÁS DE DOS SEMANAS,43.0,3.0,3.0,18.0,47.0,47.0,12 MESES,OBRABRISASDEMACHALI,41020325-OBRABRISASDEMACHALI
1188105.0,PLANCHA FIBROCEMENTO 4 MM VOLCAN 1 PLANCHA,SOBRE NIVEL CRÍTICOY SIN ENTREGA LOS ÚLTIMOS 90 DÍAS,100.0,10.0,10.0,117.0,95.0,95.0,,OBRABRISASDEMACHALI,1188105-OBRABRISASDEMACHALI
1182758.0,"PLANCHA YESO-CARTON RH 12,5 MM 1,20 X 2,40 VOLCAN 1 PLANCHA",BAJO NIVEL CRITICO Y PARA MÁS DE DOS SEMANAS,33.0,5.0,4.0,108.5,108.5,13.5,,OBRABRISASDEMACHALI,1182758-OBRABRISASDEMACHALI
1179698.0,"PLANCHA YESO-CARTON ST 10 MM 1,20 X 2,40 VOLCAN 1 PLANCHA",SOBRE NIVEL CRÍTICO Y PARA MÁS DE DOS SEMANAS,202.0,5.0,4.0,105.0,105.0,0.0,,OBRABRISASDEMACHALI,1179698-OBRABRISASDEMACHALI
1278928.0,POLIESTIRENO EXP. 30 MM (20KG/ M3) 1 PLANCHA,SOBRE NIVEL CRÍTICO Y PARA MÁS DE DOS SEMANAS,407.9999938964844,6.0,5.0,270.0,270.75,270.75,,OBRABRISASDEMACHALI,1278928-OBRABRISASDEMACHALI
1278952.0,POLIESTIRENO EXP. 80 MM (20KG/ M3) 1 PLANCHA,SOBRE NIVEL CRÍTICO Y PARA MENOS DE DOS SEMANAS,282.0,3.0,3.0,3110.01,3108.0,1425.0,,OBRABRISASDEMACHALI,1278952-OBRABRISASDEMACHALI
41020260.0,PORCELANATO GRES KLASSIC LIGHT GREY MATEE 60 X 60 1M2,BAJO NIVEL CRITICO Y PARA MÁS DE DOS SEMANAS,4.320000152587891,2.0,2.0,709.17,21.6,21.6,,OBRABRISASDEMACHALI,41020260-OBRABRISASDEMACHALI
41020259.0,PORCELANATO GRES VITTORIA GREIGE MATE 60 X 60 1M2,BAJO NIVEL CRITICO Y PARA MÁS DE DOS SEMANAS,64.79999816894531,2.0,2.0,1376.64,234.72,234.72,,OBRABRISASDEMACHALI,41020259-OBRABRISASDEMACHALI
41020250.0,PORCELANATO GRES YORK WALNUT 20 X 120 1 M2,BAJO NIVEL CRITICO Y PARA MENOS DE DOS SEMANAS,64.80001098632812,2.0,2.0,1376.64,685.44,685.44,,OBRABRISASDEMACHALI,41020250-OBRABRISASDEMACHALI
1191945.0,PROMOTOR DE ADHERENCIA TECNO BOND  20 KG 1 TIN,BAJO NIVEL CRITICO Y PARA MÁS DE DOS SEMANAS,9.0,3.0,3.0,11.17,15.0,15.0,12 MESES,OBRABRISASDEMACHALI,1191945-OBRABRISASDEMACHALI
41020284.0,PROTECTOR DE MADERA GRIS CUARZO CERESTAIN 1 GAL,,,,,,,,24 MESES,OBRABRISASDEMACHALI,41020284-OBRABRISASDEMACHALI
1244015.0,"PUERTA MDF INTERIOR PREPINTADA 2V+5H 0,70 X 2,00 MT 1 UN",BAJO NIVEL CRITICO Y PARA MÁS DE DOS SEMANAS,20.0,2.0,2.0,44.0,44.0,44.0,,OBRABRISASDEMACHALI,1244015-OBRABRISASDEMACHALI
1244023.0,"PUERTA MDF INTERIOR PREPINTADA 2V+5H 0,75 X 2,00 MT 1 UN",BAJO NIVEL CRITICOY SIN ENTREGA LOS ÚLTIMOS 90 DÍAS,0.0,10.0,10.0,27.0,27.0,27.0,,OBRABRISASDEMACHALI,1244023-OBRABRISASDEMACHALI
41020302.0,"PUERTA MDF INTERIOR PREPINTADA DOBLE HORA 5 LUCES 1,20 X 2 MT1 UN",,,,,,,,,OBRABRISASDEMACHALI,41020302-OBRABRISASDEMACHALI
1243987.0,"PUERTA MDF PREP. AMPARO 0,60 X 2,00 MT",BAJO NIVEL CRITICO Y PARA MÁS DE DOS SEMANAS,5.0,2.0,2.0,11.0,11.0,11.0,,OBRABRISASDEMACHALI,1243987-OBRABRISASDEMACHALI
1279517.0,"PUERTA TOSCANA ESTILO NATURAL 0,85 X 2,00 MT 1 UN",BAJO NIVEL CRITICO Y PARA MÁS DE DOS SEMANAS,5.0,5.0,2.0,11.0,11.0,11.0,,OBRABRISASDEMACHALI,1279517-OBRABRISASDEMACHALI
41020368.0,"PUERTA TOSCANA SIN NUDOS 0,85 X 2,00 MT 1 UN",,,,,,,,,OBRABRISASDEMACHALI,41020368-OBRABRISASDEMACHALI
1196623.0,"RECEPTACULO 0,70 X 0,70 MT 1 UN",BAJO NIVEL CRITICO Y PARA MÁS DE DOS SEMANAS,5.0,3.0,3.0,10.0,10.0,10.0,,OBRABRISASDEMACHALI,1196623-OBRABRISASDEMACHALI
1177810.0,RODILLO CHIPORRO 18 CM 1 UN,BAJO NIVEL CRITICO Y PARA MÁS DE DOS SEMANAS,69.0,3.0,3.0,59.2,24.0,24.0,,OBRABRISASDEMACHALI,1177810-OBRABRISASDEMACHALI
1183128.0,"SIFON BOTELLA 1 1/4"" SALIDA CURVA 1 UN",BAJO NIVEL CRITICOY SIN ENTREGA LOS ÚLTIMOS 90 DÍAS,30.0,3.0,10.0,36.0,40.0,40.0,,OBRABRISASDEMACHALI,1183128-OBRABRISASDEMACHALI
1181317.0,"SIFON EMBELLE 1 1/4"" SALIDA RECTA 1 UN",BAJO NIVEL CRITICO Y PARA MÁS DE DOS SEMANAS,64.0,3.0,2.0,22.0,33.0,33.0,,OBRABRISASDEMACHALI,1181317-OBRABRISASDEMACHALI
1177887.0,"SIFON LOA LAVAPLATOS S/CURVA 1 1/2"" 1 UN",BAJO NIVEL CRITICOY SIN ENTREGA LOS ÚLTIMOS 90 DÍAS,24.0,7.0,6.0,10.0,10.0,10.0,,OBRABRISASDEMACHALI,1177887-OBRABRISASDEMACHALI
1279584.0,"SIKABOND MONTAJE 3,8 KG BALDES",BAJO NIVEL CRITICO Y PARA MÁS DE DOS SEMANAS,35.0,2.0,2.0,58.97,56.0,56.0,12 MESES,OBRABRISASDEMACHALI,1279584-OBRABRISASDEMACHALI
1276771.0,SILICONA SANISIL TRANSPARENTE 1 UN,BAJO NIVEL CRITICO Y PARA MÁS DE DOS SEMANAS,24.0,1.0,1.0,16.0,12.0,12.0,24 MESES,OBRABRISASDEMACHALI,1276771-OBRABRISASDEMACHALI
1199517.0,SOBREPASO PP-R 20 MM 1 UN,BAJO NIVEL CRITICO Y PARA MÁS DE DOS SEMANAS,4.0,6.0,6.0,20.0,20.0,0.0,,OBRABRISASDEMACHALI,1199517-OBRABRISASDEMACHALI
1199525.0,SOBREPASO PP-R 25 MM 1 UN,BAJO NIVEL CRITICO Y PARA MÁS DE DOS SEMANAS,13.0,6.0,6.0,10.0,10.0,0.0,,OBRABRISASDEMACHALI,1199525-OBRABRISASDEMACHALI
41020405.0,TABLON FLEXIBLE LVT TIPO WALNUT 3MM 1 M2,,,,,,,,,OBRABRISASDEMACHALI,41020405-OBRABRISASDEMACHALI
1187751.0,"TAPACAN SMARTSIDE TRIM 7 1/4"" LP 1 UN",CERCA DE NIVEL CRITICO Y PARA MÁS DE DOS SEMANAS,118.0,4.0,3.0,169.77,170.25,170.25,,OBRABRISASDEMACHALI,1187751-OBRABRISASDEMACHALI
1248032.0,"TAPON PP-R 1/2"" HE 1 UN",SOBRE NIVEL CRÍTICOY SIN ENTREGA LOS ÚLTIMOS 90 DÍAS,391.0,6.0,6.0,53.33,54.0,0.0,,OBRABRISASDEMACHALI,1248032-OBRABRISASDEMACHALI
1248041.0,"TAPON PP-R 1/2"" HI 1 UN",SOBRE NIVEL CRÍTICOY SIN ENTREGA LOS ÚLTIMOS 90 DÍAS,386.0,6.0,6.0,33.33,34.0,0.0,,OBRABRISASDEMACHALI,1248041-OBRABRISASDEMACHALI
1204515.0,TEE PP-R 25 MM 1 UN,BAJO NIVEL CRITICO Y PARA MÁS DE DOS SEMANAS,36.0,6.0,6.0,20.0,20.0,0.0,,OBRABRISASDEMACHALI,1204515-OBRABRISASDEMACHALI
1252971.0,TEE PP-R 32 MM 1 UN,BAJO NIVEL CRITICO Y PARA MÁS DE DOS SEMANAS,7.0,6.0,6.0,10.0,10.0,0.0,,OBRABRISASDEMACHALI,1252971-OBRABRISASDEMACHALI
1248788.0,TEE RED 40 X 25 X 32 PP-R 1 UN,BAJO NIVEL CRITICO Y PARA MÁS DE DOS SEMANAS,18.0,6.0,6.0,10.0,10.0,0.0,,OBRABRISASDEMACHALI,1248788-OBRABRISASDEMACHALI
1190336.0,TEE RED PP-R 32 X 20 X 32 MM ,BAJO NIVEL CRITICO Y PARA MENOS DE DOS SEMANAS,0.0,6.0,6.0,20.0,20.0,0.0,,OBRABRISASDEMACHALI,1190336-OBRABRISASDEMACHALI
1247110.0,TEE RED.20 X 25 X 20 PP-R 1 UN,BAJO NIVEL CRITICO Y PARA MÁS DE DOS SEMANAS,95.0,6.0,6.0,30.0,30.0,0.0,,OBRABRISASDEMACHALI,1247110-OBRABRISASDEMACHALI
1247128.0,TEE RED.25 X 20 X 20 PP-R 1 UN,BAJO NIVEL CRITICO Y PARA MÁS DE DOS SEMANAS,70.0,6.0,6.0,40.0,40.0,0.0,,OBRABRISASDEMACHALI,1247128-OBRABRISASDEMACHALI
1190299.0,TEE RED.25 X 20 X 25 PP-R 1 UN,BAJO NIVEL CRITICO Y PARA MÁS DE DOS SEMANAS,38.0,6.0,6.0,30.0,30.0,0.0,,OBRABRISASDEMACHALI,1190299-OBRABRISASDEMACHALI
1247144.0,TEE RED.25 X 25 X 20 PP-R 1 UN,BAJO NIVEL CRITICO Y PARA MÁS DE DOS SEMANAS,43.0,6.0,6.0,20.0,20.0,0.0,,OBRABRISASDEMACHALI,1247144-OBRABRISASDEMACHALI
1255355.0,TEE RED.32 X 25 X 20 PP-R 1 UN,BAJO NIVEL CRITICO Y PARA MÁS DE DOS SEMANAS,17.0,6.0,6.0,10.0,10.0,0.0,,OBRABRISASDEMACHALI,1255355-OBRABRISASDEMACHALI
1247161.0,TEE RED.32 X 25 X 25 PP-R 1 UN,BAJO NIVEL CRITICOY SIN ENTREGA LOS ÚLTIMOS 90 DÍAS,48.0,6.0,6.0,10.0,10.0,0.0,,OBRABRISASDEMACHALI,1247161-OBRABRISASDEMACHALI
1255566.0,TEE RED.32 X 25 X 32 PP-R 1 UN,BAJO NIVEL CRITICOY SIN ENTREGA LOS ÚLTIMOS 90 DÍAS,7.0,8.0,8.0,14.0,28.0,28.0,,OBRABRISASDEMACHALI,1255566-OBRABRISASDEMACHALI
1290142.0,TEJA ASFALTICA OAKRIDGE BROWNWOOD CAFE M2,BAJO NIVEL CRITICO Y PARA MENOS DE DOS SEMANAS,102.3000007629394,3.0,3.0,1749.45,1751.5,1751.5,,OBRABRISASDEMACHALI,1290142-OBRABRISASDEMACHALI
1290151.0,TEJA ASFALTICA SUPREME BROWNWOOD CAFE M2,SOBRE NIVEL CRÍTICO Y PARA MÁS DE DOS SEMANAS,170.4999992370605,4.0,3.0,155.33,155.33,155.33,,OBRABRISASDEMACHALI,1290151-OBRABRISASDEMACHALI
1208006.0,TERMINAL PP-R 20 X 1/2 HI 1 UN,BAJO NIVEL CRITICO Y PARA MÁS DE DOS SEMANAS,88.0,6.0,6.0,20.0,20.0,0.0,,OBRABRISASDEMACHALI,1208006-OBRABRISASDEMACHALI
1252074.0,"TERMINAL PP-R 20 X 1/2"" HE 1 UN",BAJO NIVEL CRITICOY SIN ENTREGA LOS ÚLTIMOS 90 DÍAS,8.0,3.0,2.0,11.0,22.0,22.0,,OBRABRISASDEMACHALI,1252074-OBRABRISASDEMACHALI
1258273.0,"TERMINAL PP-R 25 X 1/2"" HI 1 UN",BAJO NIVEL CRITICOY SIN ENTREGA LOS ÚLTIMOS 90 DÍAS,15.0,1.0,1.0,2.0,2.0,0.0,,OBRABRISASDEMACHALI,1258273-OBRABRISASDEMACHALI
1252980.0,"TERMINAL PP-R 32 X 1"" HE 1 UN",BAJO NIVEL CRITICO Y PARA MÁS DE DOS SEMANAS,99.0,6.0,6.0,10.0,10.0,0.0,,OBRABRISASDEMACHALI,1252980-OBRABRISASDEMACHALI
1195217.0,"TINA 1,40 X 0,70 MTS BLANCA ES MALTADA SENSI DACQUA 1 UN",BAJO NIVEL CRITICO Y PARA MÁS DE DOS SEMANAS,4.0,3.0,3.0,10.0,10.0,10.0,,OBRABRISASDEMACHALI,1195217-OBRABRISASDEMACHALI
1191371.0,"TINA 1,70 X 0,70 MTS ACERO ESMALTADA SENSI DACQUA 1 UN",BAJO NIVEL CRITICO Y PARA MÁS DE DOS SEMANAS,6.0,3.0,3.0,10.0,10.0,10.0,,OBRABRISASDEMACHALI,1191371-OBRABRISASDEMACHALI
41020406.0,TOPE DE PUERTA MEDIALUNA NEGRO 1 UN,SOBRE NIVEL CRÍTICO Y PARA MÁS DE DOS SEMANAS,180.0,2.0,1.0,120.0,120.0,120.0,,OBRABRISASDEMACHALI,41020406-OBRABRISASDEMACHALI
1205850.0,TUBERIA PP-R 20 MM PN-16 1 ML,BAJO NIVEL CRITICO Y PARA MÁS DE DOS SEMANAS,115.8200073242188,6.0,6.0,320.0,320.0,0.0,,OBRABRISASDEMACHALI,1205850-OBRABRISASDEMACHALI
1205868.0,TUBERIA PP-R 25 MM PN-16 1 ML,SOBRE NIVEL CRÍTICO Y PARA MÁS DE DOS SEMANAS,973.0999969482422,6.0,5.0,696.0,696.0,696.0,,OBRABRISASDEMACHALI,1205868-OBRABRISASDEMACHALI
1205876.0,TUBERIA PP-R 32 MM PN-16 1 ML,SOBRE NIVEL CRÍTICO Y PARA MÁS DE DOS SEMANAS,569.0,6.0,6.0,160.0,160.0,0.0,,OBRABRISASDEMACHALI,1205876-OBRABRISASDEMACHALI
1245991.0,TUBERIA PP-R 40 MM PN-16 1 ML,SOBRE NIVEL CRÍTICO Y PARA MÁS DE DOS SEMANAS,248.0,6.0,6.0,80.0,100.0,0.0,,OBRABRISASDEMACHALI,1245991-OBRABRISASDEMACHALI
1275065.0,"VENTILACION PASIVA 4"" 1 UN",BAJO NIVEL CRITICO Y PARA MÁS DE DOS SEMANAS,40.0,2.0,2.0,88.0,88.0,88.0,,OBRABRISASDEMACHALI,1275065-OBRABRISASDEMACHALI
41020423.0,WC EBEN-R DESCARGA DUAL 1 UN,BAJO NIVEL CRITICO Y PARA MÁS DE DOS SEMANAS,22.0,2.0,1.0,32.0,16.0,16.0,,OBRABRISASDEMACHALI,41020423-OBRABRISASDEMACHALI
41020433.0,WC LOFTY DESCARGA DUAL 1 UN,BAJO NIVEL CRITICO Y PARA MÁS DE DOS SEMANAS,22.0,2.0,1.0,32.0,16.0,16.0,,OBRABRISASDEMACHALI,41020433-OBRABRISASDEMACHALI
1268615.0,YESO EXPRESS VOLCAN 25 KG,BAJO NIVEL CRITICO Y PARA MÁS DE DOS SEMANAS,46.0,2.0,2.0,461.0,456.53,336.53,6 MESES,OBRABRISASDEMACHALI,1268615-OBRABRISASDEMACHALI
1196990.0,LANA DE VIDRIO 120 MM 1 M2,SOBRE NIVEL CRÍTICO Y PARA MÁS DE DOS SEMANAS,801.0,3.0,3.0,873.71,869.0,869.0,,OBRABRISASDEMACHALI,1196990-OBRABRISASDEMACHALI
1207433.0,ADHESIVO DE CONTACTO FLEX 125 18 LTS 1 LAT,BAJO NIVEL CRITICO Y PARA MÁS DE DOS SEMANAS,10.0,2.0,2.0,14.17,14.81,14.81,24 MESES,OBRABRISASDEMACHALI,1207433-OBRABRISASDEMACHALI
41020318.0,MARCO PUERTA L M26 C/MAMPARA 1 UN,BAJO NIVEL CRITICO Y PARA MÁS DE DOS SEMANAS,5.0,3.0,3.0,10.0,10.0,0.0,,OBRABRISASDEMACHALI,41020318-OBRABRISASDEMACHALI
41020440.0,ENCIMERA ELECTRICA VITROCERAMICA 3 PLATOS 600 X 450 MM 1 UN,BAJO NIVEL CRITICO Y PARA MÁS DE DOS SEMANAS,5.0,1.0,1.0,8.0,8.0,8.0,,OBRABRISASDEMACHALI,41020440-OBRABRISASDEMACHALI
,,,,,1.0,10.0,50.0,50.0,,OBRABRISASDEMACHALI,
,,,,,1.0,10.0,50.0,50.0,,OBRABRISASDEMACHALI,
,,,,,1.0,10.0,50.0,50.0,,OBRABRISASDEMACHALI,
,,,,,1.0,10.0,50.0,50.0,,OBRABRISASDEMACHALI,
,,,,,1.0,10.0,50.0,50.0,,OBRABRISASDEMACHALI,
,,,,,1.0,10.0,50.0,50.0,,OBRABRISASDEMACHALI,
,,,,,1.0,10.0,50.0,50.0,,OBRABRISASDEMACHALI,
,,,,,1.0,10.0,50.0,50.0,,OBRABRISASDEMACHALI,
,,,,,1.0,10.0,50.0,50.0,,OBRABRISASDEMACHALI,
,,,,,1.0,10.0,50.0,50.0,,OBRABRISASDEMACHALI,
,,,,,1.0,10.0,50.0,50.0,,OBRABRISASDEMACHALI,
,,,,,1.0,10.0,50.0,50.0,,OBRABRISASDEMACHALI,
,,,,,1.0,10.0,50.0,50.0,,OBRABRISASDEMACHALI,
,,,,,1.0,10.0,50.0,50.0,,OBRABRISASDEMACHALI,
,,,,,1.0,10.0,50.0,50.0,,OBRABRISASDEMACHALI,
,,,,,1.0,10.0,50.0,50.0,,OBRABRISASDEMACHALI,
,,,,,1.0,10.0,50.0,50.0,,OBRABRISASDEMACHALI,
,,,,,1.0,10.0,50.0,50.0,,OBRABRISASDEMACHALI,
,,,,,1.0,10.0,50.0,50.0,,OBRABRISASDEMACHALI,
,,,,,1.0,10.0,50.0,50.0,,OBRABRISASDEMACHALI,
,,,,,1.0,10.0,50.0,50.0,,OBRABRISASDEMACHALI,
,,,,,1.0,10.0,50.0,50.0,,OBRABRISASDEMACHALI,
1269909.0,ADHESIVO CERAMICO EN PASTA AC  25 KG 1 TIN,SOBRE NIVEL CRÍTICO Y PARA MÁS DE DOS SEMANAS,33.01,13.0,13.0,19.68,19.62,19.62,9 MESES ,OBRACHILLAN,1269909-OBRACHILLAN
1177641.0,ADHESIVO CERAMICO POLVO ULTRA 25 KG 1 SACO,SOBRE NIVEL CRÍTICO Y PARA MENOS DE DOS SEMANAS,60.0,13.0,13.0,132.96,132.52,132.52,6 MESES,OBRACHILLAN,1177641-OBRACHILLAN
1196455.0,ADHESIVO SILICONABLANCO SANISIL 280 ML 1 UN,SOBRE NIVEL CRÍTICO Y PARA MÁS DE DOS SEMANAS,45.0,13.0,12.0,28.0,28.0,28.0,24 MESES,OBRACHILLAN,1196455-OBRACHILLAN
1177650.0,ADHESIVOBLANCO SIKACRYL+ PINTABLE 300 ML 1 UN,BAJO NIVEL CRITICO Y PARA MÁS DE DOS SEMANAS,72.0,12.0,12.0,140.0,63.0,63.0,24 MESES,OBRACHILLAN,1177650-OBRACHILLAN
1296237.0,AIRE ACONDICIONADO 12000 BTU 1 UN,BAJO NIVEL CRITICO Y PARA MENOS DE DOS SEMANAS,3.0,10.0,10.0,22.0,22.0,22.0,,OBRACHILLAN,1296237-OBRACHILLAN
1261106.0,ALFOMBRABEIGE SPEED 400 GRS 1 M2,SOBRE NIVEL CRÍTICO Y PARA MÁS DE DOS SEMANAS,413.740126953125,13.0,11.0,1157.48,1172.6,1172.6,,OBRACHILLAN,1261106-OBRACHILLAN
1257570.0,ALFOMBRABEIGE STONE 600 GRS 1 M2,SOBRE NIVEL CRÍTICOY SIN ENTREGA LOS ÚLTIMOS 90 DÍAS,1159.349998474121,12.0,7.0,1052.2,1119.6,1119.6,,OBRACHILLAN,1257570-OBRACHILLAN
1177895.0,ANTICORROSIVO NEGRO 1 GAL,SOBRE NIVEL CRÍTICO Y PARA MÁS DE DOS SEMANAS,30.0,13.0,13.0,9.2,9.2,9.2,12 MESES,OBRACHILLAN,1177895-OBRACHILLAN
1192147.0,"BISAGRA 3"" X 3"" CROMO SATIN 1 UN",SOBRE NIVEL CRÍTICO Y PARA MÁS DE DOS SEMANAS,319.0,13.0,12.0,420.0,420.0,420.0,,OBRACHILLAN,1192147-OBRACHILLAN
1178193.0,"BROCHA 2"" 1 UN",SOBRE NIVEL CRÍTICO Y PARA MÁS DE DOS SEMANAS,82.0,11.0,11.0,66.0,66.0,66.0,,OBRACHILLAN,1178193-OBRACHILLAN
1179508.0,"BROCHA 4"" 1 UN",SOBRE NIVEL CRÍTICO Y PARA MÁS DE DOS SEMANAS,12.0,12.0,12.0,35.0,35.0,35.0,,OBRACHILLAN,1179508-OBRACHILLAN
1274572.0,BURLETE BAJO PUERTA 1 UN,SOBRE NIVEL CRÍTICO Y PARA MÁS DE DOS SEMANAS,67.0,13.0,11.0,44.0,44.0,44.0,,OBRACHILLAN,1274572-OBRACHILLAN
1274564.0,BURLETE MARCO PUERTA 1 MT,SOBRE NIVEL CRÍTICO Y PARA MÁS DE DOS SEMANAS,500.0,13.0,11.0,220.0,220.0,220.0,,OBRACHILLAN,1274564-OBRACHILLAN
1191849.0,CALEFON TIRO NATURAL  G.L. 7 LTS C/FLEX 1 UN,BAJO NIVEL CRITICOY SIN ENTREGA LOS ÚLTIMOS 90 DÍAS,0.0,10.0,10.0,13.0,13.0,13.0,,OBRACHILLAN,1191849-OBRACHILLAN
1208153.0,CALEFON TIRO NATURAL G.L. 10 LTS C/FLEX 1 UN,SOBRE NIVEL CRÍTICO Y PARA MÁS DE DOS SEMANAS,18.0,12.0,11.0,22.0,22.0,22.0,,OBRACHILLAN,1208153-OBRACHILLAN
1189722.0,CELOSIA 20 X 20 BLANCA 1 UN,SOBRE NIVEL CRÍTICO Y PARA MÁS DE DOS SEMANAS,99.0,13.0,11.0,66.0,66.0,66.0,,OBRACHILLAN,1189722-OBRACHILLAN
1178257.0,CELOSIA 30 X 30 BLANCA 1 UN,SOBRE NIVEL CRÍTICO Y PARA MÁS DE DOS SEMANAS,133.0,13.0,13.0,54.0,54.0,54.0,,OBRACHILLAN,1178257-OBRACHILLAN
1269790.0,CEMENTO AR SIDERURGICO BIO BIO 1 KG,SOBRE NIVEL CRÍTICO Y PARA MÁS DE DOS SEMANAS,8486696.28,13.0,12.0,10319.8,10319.4,10319.4,2 MESES,OBRACHILLAN,1269790-OBRACHILLAN
1295381.0,CERAMICA NEW BLANCA BRILL 20 X,SOBRE NIVEL CRÍTICO Y PARA MÁS DE DOS SEMANAS,68.72,13.0,13.0,120.12,102.97,102.97,,OBRACHILLAN,1295381-OBRACHILLAN
1286080.0,CERAMICABEIGE SOLANA 45 X 45 1 M2,SOBRE NIVEL CRÍTICO Y PARA MENOS DE DOS SEMANAS,125.2600146484375,13.0,13.0,465.34,459.34,459.34,,OBRACHILLAN,1286080-OBRACHILLAN
41020262.0,CERCO VENTANA TECHO LISO ALTATERRA 55 X 78 1 UN,BAJO NIVEL CRITICO Y PARA MENOS DE DOS SEMANAS,0.0,12.0,12.0,20.0,20.0,20.0,,OBRACHILLAN,41020262-OBRACHILLAN
41020263.0,CERCO VENTANA TECHO ONDULADO ALTATERRA 55 X 78 1 UN,BAJO NIVEL CRITICO Y PARA MÁS DE DOS SEMANAS,3.0,13.0,13.0,6.0,6.0,6.0,,OBRACHILLAN,41020263-OBRACHILLAN
1251688.0,CERRADURA ACC LLAVE ANDESLOCK CILINDRICA INOX AA43-AI 1 UN,BAJO NIVEL CRITICO Y PARA MENOS DE DOS SEMANAS,2.0,12.0,12.0,20.0,18.0,18.0,,OBRACHILLAN,1251688-OBRACHILLAN
1251696.0,CERRADURA BAÑO ANDESLOCK CILINDRICA INOX AA44-AI 1 UN,BAJO NIVEL CRITICO Y PARA MÁS DE DOS SEMANAS,8.0,12.0,12.0,40.0,34.0,34.0,,OBRACHILLAN,1251696-OBRACHILLAN
1193027.0,CERRADURA CILIN INOX ACCESO LL AVE 1 UN,BAJO NIVEL CRITICO Y PARA MÁS DE DOS SEMANAS,18.0,13.0,11.0,22.0,22.0,22.0,,OBRACHILLAN,1193027-OBRACHILLAN
1193060.0,CERRADURA CILINDRICA INOX YALE BANO 134640  1 UN,BAJO NIVEL CRITICO Y PARA MÁS DE DOS SEMANAS,22.0,13.0,11.0,44.0,44.0,44.0,,OBRACHILLAN,1193060-OBRACHILLAN
1248251.0,CERRADURA CILINDRICA INOX YALE OFICINA-DORMITORIO 134630  1 UN,SOBRE NIVEL CRÍTICO Y PARA MÁS DE DOS SEMANAS,32.00000047683716,13.0,11.0,44.0,44.0,44.0,,OBRACHILLAN,1248251-OBRACHILLAN
1193086.0,CERRADURA CILINDRICA INOX YALE S/PASO  1 UN,BAJO NIVEL CRITICO Y PARA MÁS DE DOS SEMANAS,22.0,13.0,11.0,44.0,44.0,44.0,,OBRACHILLAN,1193086-OBRACHILLAN
1251725.0,CERRADURA DORMITORIO - OFICINA ANDESLOCK CILINDRICA INOX AA40-AI 1 UN,BAJO NIVEL CRITICO Y PARA MENOS DE DOS SEMANAS,8.0,12.0,12.0,40.0,37.0,37.0,,OBRACHILLAN,1251725-OBRACHILLAN
1251709.0,CERRADURA SIMPLE PASO ANDESLOCK CILINDRICA INOX AA46-AI 1 UN,BAJO NIVEL CRITICO Y PARA MÁS DE DOS SEMANAS,8.0,12.0,12.0,40.0,34.0,34.0,,OBRACHILLAN,1251709-OBRACHILLAN
1193131.0,CERROJO INOX LLAVE ANDESLOCK AX70-AI 1 UN,BAJO NIVEL CRITICO Y PARA MÁS DE DOS SEMANAS,9.0,12.0,12.0,40.0,40.0,40.0,,OBRACHILLAN,1193131-OBRACHILLAN
1252664.0,CERROJO INOX LLAVE-LLAVE 134670  1 UN,CERCA DE NIVEL CRITICO Y PARA MÁS DE DOS SEMANAS,33.0,13.0,11.0,44.0,44.0,44.0,,OBRACHILLAN,1252664-OBRACHILLAN
1193959.0,"CIELO PERFIL AT 20 X 25 X 4 X 0,42 MM X 3,0 MTS",SOBRE NIVEL CRÍTICO Y PARA MÁS DE DOS SEMANAS,454.0,13.0,13.0,122.03,122.0,122.0,,OBRACHILLAN,1193959-OBRACHILLAN
1183013.0,CINTA AUTOADHESIVA P/JUNTURA 45 MTS 1 ROLLO,SOBRE NIVEL CRÍTICO Y PARA MÁS DE DOS SEMANAS,189.4500061035156,13.0,13.0,73.13,73.0,73.0,,OBRACHILLAN,1183013-OBRACHILLAN
1252390.0,"CODO PP-R DOBLE FIJACION TINA HI 20 X 1/2"" 1 UN",BAJO NIVEL CRITICO Y PARA MÁS DE DOS SEMANAS,6.0,13.0,13.0,22.0,22.0,22.0,,OBRACHILLAN,1252390-OBRACHILLAN
1272340.0,CODO PEX 20 X 1/2 HE,BAJO NIVEL CRITICO Y PARA MÁS DE DOS SEMANAS,22.0,13.0,12.0,20.0,20.0,20.0,,OBRACHILLAN,1272340-OBRACHILLAN
1272323.0,CODO PEX 20 X 20 MM,SOBRE NIVEL CRÍTICO Y PARA MÁS DE DOS SEMANAS,64.0,13.0,12.0,80.0,80.0,80.0,,OBRACHILLAN,1272323-OBRACHILLAN
1247072.0,CODO PP-R 20 MM 1 UN,SOBRE NIVEL CRÍTICO Y PARA MÁS DE DOS SEMANAS,169.0,13.0,13.0,136.0,136.0,136.0,,OBRACHILLAN,1247072-OBRACHILLAN
1196199.0,"CODO PP-R 20 X 1/2"" HE 1 UN",BAJO NIVEL CRITICO Y PARA MÁS DE DOS SEMANAS,13.0,13.0,13.0,12.0,12.0,12.0,,OBRACHILLAN,1196199-OBRACHILLAN
1196076.0,"CODO PP-R 20 X 1/2"" HI 1 UN",SOBRE NIVEL CRÍTICO Y PARA MÁS DE DOS SEMANAS,62.0,13.0,13.0,106.0,106.0,106.0,,OBRACHILLAN,1196076-OBRACHILLAN
1247081.0,CODO PP-R 25 MM 1 UN,SOBRE NIVEL CRÍTICO Y PARA MÁS DE DOS SEMANAS,274.0,13.0,13.0,210.0,210.0,210.0,,OBRACHILLAN,1247081-OBRACHILLAN
1205921.0,"CODO PP-R 25 X 1/2"" HE 1 UN",SOBRE NIVEL CRÍTICOY SIN ENTREGA LOS ÚLTIMOS 90 DÍAS,99.0,13.0,11.0,132.0,79.0,79.0,,OBRACHILLAN,1205921-OBRACHILLAN
1190230.0,CODO PP-R 32 MM 1 UN,SOBRE NIVEL CRÍTICOY SIN ENTREGA LOS ÚLTIMOS 90 DÍAS,591.0,13.0,12.0,80.0,42.0,0.0,,OBRACHILLAN,1190230-OBRACHILLAN
1252541.0,COPLA PP-R 20 MM 1 UN,BAJO NIVEL CRITICO Y PARA MÁS DE DOS SEMANAS,18.0,13.0,10.0,44.0,44.0,44.0,,OBRACHILLAN,1252541-OBRACHILLAN
1252533.0,COPLA PP-R 25 MM 1 UN,CERCA DE NIVEL CRITICOY SIN ENTREGA LOS ÚLTIMOS 90 DÍAS,50.0,13.0,10.0,39.0,39.0,39.0,,OBRACHILLAN,1252533-OBRACHILLAN
1199592.0,COPLA PP-R 32 MM 1 UN,SOBRE NIVEL CRÍTICOY SIN ENTREGA LOS ÚLTIMOS 90 DÍAS,239.0,13.0,11.0,66.0,66.0,0.0,,OBRACHILLAN,1199592-OBRACHILLAN
1256198.0,"DESAGUE LAVATORIO 1 1/4"" C/REB /REJ 1 UN",BAJO NIVEL CRITICO Y PARA MÁS DE DOS SEMANAS,16.0,12.0,11.0,44.0,44.0,44.0,,OBRACHILLAN,1256198-OBRACHILLAN
1177879.0,DESAGUE TINA/REBALSE/SIFON 1 UN,BAJO NIVEL CRITICO Y PARA MÁS DE DOS SEMANAS,20.0,12.0,12.0,40.0,40.0,40.0,,OBRACHILLAN,1177879-OBRACHILLAN
1187161.0,"ESQUINEROS METALICO 30 X 30 X 2,40 MTS 1 UN",SOBRE NIVEL CRÍTICO Y PARA MÁS DE DOS SEMANAS,126.0,13.0,13.0,242.0,242.0,242.0,,OBRACHILLAN,1187161-OBRACHILLAN
1290581.0,ESTANQUE LUGANO 1 UN,BAJO NIVEL CRITICO Y PARA MÁS DE DOS SEMANAS,14.0,11.0,11.0,44.0,44.0,44.0,,OBRACHILLAN,1290581-OBRACHILLAN
1291188.0,EXTRACTOR RETON 100 BTH HIGRO 1 UN,SOBRE NIVEL CRÍTICO Y PARA MÁS DE DOS SEMANAS,76.0,12.0,11.0,66.0,66.0,66.0,,OBRACHILLAN,1291188-OBRACHILLAN
1208621.0,FRAGUE CERAMICOALMOND  1 KG 1 UN,SOBRE NIVEL CRÍTICO Y PARA MÁS DE DOS SEMANAS,223.0000036621094,12.0,12.0,259.84,250.0,250.0,12 MESES,OBRACHILLAN,1208621-OBRACHILLAN
1179524.0,FRAGUE CERAMICOBLANCO  1 KG 1 UN,SOBRE NIVEL CRÍTICO Y PARA MÁS DE DOS SEMANAS,114.0,13.0,12.0,79.6,79.6,79.6,12 MESES,OBRACHILLAN,1179524-OBRACHILLAN
1188877.0,GUARDAPOLVO CHAFLAN C/CANTERIA 13 X 65 MM X 3 ML 1 UN,SOBRE NIVEL CRÍTICO Y PARA MÁS DE DOS SEMANAS,2569.99,13.0,12.0,640.0,640.0,640.0,,OBRACHILLAN,1188877-OBRACHILLAN
1182889.0,LANA DE VIDRIO 100 MM VOLCAN 1 M2,CERCA DE NIVEL CRITICO Y PARA MÁS DE DOS SEMANAS,53.99993896484375,12.0,12.0,265.2,180.0,180.0,,OBRACHILLAN,1182889-OBRACHILLAN
1194492.0,LANA DE VIDRIO 140 MM VOLCAN 1 M2,SOBRE NIVEL CRÍTICO Y PARA MÁS DE DOS SEMANAS,837.0000146484374,12.0,12.0,1600.0,450.0,450.0,,OBRACHILLAN,1194492-OBRACHILLAN
41020236.0,LATEX KEM PRO BLANCO 1 TINETA,BAJO NIVEL CRITICO Y PARA MÁS DE DOS SEMANAS,18.0,12.0,12.0,48.0,48.0,48.0,12 MESES,OBRACHILLAN,41020236-OBRACHILLAN
41020233.0,LATEX KEM PRO MARFIL 1 TINETA,BAJO NIVEL CRITICO Y PARA MÁS DE DOS SEMANAS,49.0,12.0,12.0,37.0,36.0,36.0,12 MESES,OBRACHILLAN,41020233-OBRACHILLAN
1192260.0,LAVAMANOS VALENCIA  1 UN,BAJO NIVEL CRITICO Y PARA MÁS DE DOS SEMANAS,35.0,12.0,11.0,22.0,44.0,44.0,,OBRACHILLAN,1192260-OBRACHILLAN
1189191.0,LAVAPLATO ACERO INOX DERECHO 800 X 50 1 UN,BAJO NIVEL CRITICO Y PARA MÁS DE DOS SEMANAS,12.0,12.0,11.0,11.0,11.0,11.0,,OBRACHILLAN,1189191-OBRACHILLAN
1189175.0,LAVAPLATO ACERO INOX IZQUIERDO 800 X 50 1 UN,BAJO NIVEL CRITICO Y PARA MÁS DE DOS SEMANAS,8.0,12.0,11.0,11.0,11.0,11.0,,OBRACHILLAN,1189175-OBRACHILLAN
1203213.0,LLAVE PASO PP-R CAMPANA 20 MM CRM 1 UN,BAJO NIVEL CRITICO Y PARA MÁS DE DOS SEMANAS,20.0,13.0,13.0,32.0,32.0,32.0,,OBRACHILLAN,1203213-OBRACHILLAN
1190344.0,LLAVE PASO PP-R CAMPANA 25 MM CRM 1 UN,SOBRE NIVEL CRÍTICO Y PARA MÁS DE DOS SEMANAS,83.0,13.0,13.0,60.0,60.0,60.0,,OBRACHILLAN,1190344-OBRACHILLAN
1251346.0,MALLA DE FIBRA DE VIDRIO 153 GRS/M2 1 X 50 WEBER MTS 1 UN,BAJO NIVEL CRITICO Y PARA MÁS DE DOS SEMANAS,24.50999755859375,13.0,13.0,25.42,25.0,25.0,,OBRACHILLAN,1251346-OBRACHILLAN
1182862.0,MARCO PUERTA MADERA 30 X 90 1 UN,BAJO NIVEL CRITICO Y PARA MÁS DE DOS SEMANAS,54.0,13.0,12.0,100.0,100.0,100.0,,OBRACHILLAN,1182862-OBRACHILLAN
1271136.0,MARCO PUERTA MADERA 40 X 90 C/RANURA BURLETE 1 UN,BAJO NIVEL CRITICO Y PARA MÁS DE DOS SEMANAS,32.0,13.0,12.0,40.0,40.0,40.0,,OBRACHILLAN,1271136-OBRACHILLAN
1270432.0,MARMOLINA BEIGE CT-70R G.M. (25 KG) 1 TINETA,BAJO NIVEL CRITICO Y PARA MÁS DE DOS SEMANAS,37.0,11.0,11.0,35.585,12.0,12.0,24 MESES,OBRACHILLAN,1270432-OBRACHILLAN
1270483.0,MARMOLINA BLANCA CT-70R G.M. (25 KG) 1 TINETA,BAJO NIVEL CRITICO Y PARA MÁS DE DOS SEMANAS,50.0,11.0,11.0,35.585,47.17,47.17,24 MESES,OBRACHILLAN,1270483-OBRACHILLAN
1270459.0,MARMOLINA GRIS ARENA CT-70R G.M. (25 KG) 1 TINETA,BAJO NIVEL CRITICO Y PARA MÁS DE DOS SEMANAS,36.0,11.0,11.0,35.585,12.0,12.0,24 MESES,OBRACHILLAN,1270459-OBRACHILLAN
1270441.0,MARMOLINA MOSTAZA CT-70R G.M. (25 KG) 1 TINETA,BAJO NIVEL CRITICO Y PARA MÁS DE DOS SEMANAS,34.0,11.0,11.0,35.585,12.0,12.0,24 MESES,OBRACHILLAN,1270441-OBRACHILLAN
1192956.0,MASTERSEAL 550 30 KG 1 JUEGO,BAJO NIVEL CRITICO Y PARA MÁS DE DOS SEMANAS,19.0,13.0,13.0,16.0,16.0,16.0,24 MESES,OBRACHILLAN,1192956-OBRACHILLAN
1188885.0,MEDIAS CANAS 13X35 MM X 3 ML,SOBRE NIVEL CRÍTICO Y PARA MÁS DE DOS SEMANAS,1374.0,13.0,13.0,112.0,112.0,112.0,,OBRACHILLAN,1188885-OBRACHILLAN
1182803.0,"MEDIDOR AGUA POTABLE 3/4"" 1 U N",BAJO NIVEL CRITICO Y PARA MÁS DE DOS SEMANAS,37.0,13.0,11.0,22.0,22.0,22.0,12 MESES,OBRACHILLAN,1182803-OBRACHILLAN
1288093.0,MOLDURA XPS 33X32 E6 1 ML,SOBRE NIVEL CRÍTICO Y PARA MÁS DE DOS SEMANAS,3139.0,13.0,12.0,2200.0,2200.0,2200.0,,OBRACHILLAN,1288093-OBRACHILLAN
1264585.0,MONOMANDO LAVAPLATO ORNELLA  1 UN,BAJO NIVEL CRITICO Y PARA MENOS DE DOS SEMANAS,0.0,11.0,11.0,22.0,22.0,22.0,,OBRACHILLAN,1264585-OBRACHILLAN
1289512.0,MONOMANDO LAVAPLATOS AREZZO,BAJO NIVEL CRITICOY SIN ENTREGA LOS ÚLTIMOS 90 DÍAS,21.0,12.0,7.0,20.0,20.0,20.0,,OBRACHILLAN,1289512-OBRACHILLAN
1289483.0,MONOMANDO LAVATORIO AREZZO  1 UN,BAJO NIVEL CRITICOY SIN ENTREGA LOS ÚLTIMOS 90 DÍAS,40.0,12.0,7.0,40.0,40.0,40.0,,OBRACHILLAN,1289483-OBRACHILLAN
1184121.0,MONOMANDO LAVATORIO ORNELLA  1 UN,BAJO NIVEL CRITICO Y PARA MENOS DE DOS SEMANAS,0.0,11.0,11.0,44.0,44.0,44.0,,OBRACHILLAN,1184121-OBRACHILLAN
1289491.0,MONOMANDO TINA-DUCHA AREZZO  1 UN,BAJO NIVEL CRITICOY SIN ENTREGA LOS ÚLTIMOS 90 DÍAS,40.0,12.0,7.0,40.0,40.0,40.0,,OBRACHILLAN,1289491-OBRACHILLAN
1184139.0,MONOMANDO TINA-DUCHA ORNELLA  1 UN,BAJO NIVEL CRITICO Y PARA MENOS DE DOS SEMANAS,0.0,11.0,11.0,44.0,44.0,44.0,,OBRACHILLAN,1184139-OBRACHILLAN
1274812.0,MORTERO BASE COAT 20 KG 1 SACO,BAJO NIVEL CRITICO Y PARA MÁS DE DOS SEMANAS,48.0,13.0,13.0,294.19,185.0,185.0,12 MESES,OBRACHILLAN,1274812-OBRACHILLAN
41020232.0,MORTERO PRESEC 196 25 KG,CERCA DE NIVEL CRITICO Y PARA MÁS DE DOS SEMANAS,87.0,11.0,11.0,140.41,133.0,133.0,6 MESES,OBRACHILLAN,41020232-OBRACHILLAN
1182483.0,"MUEBLE LAVAPLATO 0,8 MTS 1 UN",BAJO NIVEL CRITICO Y PARA MENOS DE DOS SEMANAS,0.0,12.0,12.0,20.0,20.0,0.0,,OBRACHILLAN,1182483-OBRACHILLAN
41020239.0,OLEO OPACO KEM PRO BLANCO 1 GL,BAJO NIVEL CRITICO Y PARA MÁS DE DOS SEMANAS,28.0,10.0,10.0,28.95,28.0,28.0,12 MESES,OBRACHILLAN,41020239-OBRACHILLAN
1183136.0,PAPEL FIELTRO 10/40 1 ROLLO,BAJO NIVEL CRITICO Y PARA MÁS DE DOS SEMANAS,39.0,13.0,13.0,61.92,61.0,61.0,,OBRACHILLAN,1183136-OBRACHILLAN
41020237.0,"PASTA MURO KEM PRO 24,1 KG 1 TINETA",BAJO NIVEL CRITICOY SIN ENTREGA LOS ÚLTIMOS 90 DÍAS,24.0,10.0,10.0,39.0,39.0,39.0,12 MESES,OBRACHILLAN,41020237-OBRACHILLAN
1191662.0,PEDESTAL UNIVERSAL 1 UN,BAJO NIVEL CRITICO Y PARA MÁS DE DOS SEMANAS,40.0,12.0,11.0,44.0,44.0,44.0,,OBRACHILLAN,1191662-OBRACHILLAN
1201470.0,PEGAMENTO ALFOMBRA PATEL 18 LTS,BAJO NIVEL CRITICO Y PARA MÁS DE DOS SEMANAS,10.0,11.0,11.0,18.29,8.379999999999999,8.379999999999999,12 MESES,OBRACHILLAN,1201470-OBRACHILLAN
1193975.0,"PERFIL C METALCON 60 X 38 X 8 X 0,85 MM X 2,4 MTS 60 CA085",BAJO NIVEL CRITICO Y PARA MÁS DE DOS SEMANAS,27.5,13.0,13.0,27.0,27.0,27.0,,OBRACHILLAN,1193975-OBRACHILLAN
1188033.0,"PERFIL CANAL NORMAL 61 X 20 X 0,5 MM X 3 MTS 1 UN",SOBRE NIVEL CRÍTICO Y PARA MÁS DE DOS SEMANAS,865.0,13.0,13.0,258.0,258.0,258.0,,OBRACHILLAN,1188033-OBRACHILLAN
1188025.0,"PERFIL MONTANTE NORMAL 60 X 38 X 0,5 MM X 2,4 MTS 1 UN",SOBRE NIVEL CRÍTICO Y PARA MÁS DE DOS SEMANAS,499.0,13.0,13.0,781.0,781.0,781.0,,OBRACHILLAN,1188025-OBRACHILLAN
1198881.0,"PERFIL PORTANTE 40 R 40 X 18 X 10 X 0,5 MM X 6 MTS",SOBRE NIVEL CRÍTICO Y PARA MÁS DE DOS SEMANAS,274.999990234375,13.0,13.0,474.0,474.0,474.0,,OBRACHILLAN,1198881-OBRACHILLAN
1193983.0,"PERFIL U METALCON 62 X 25 X 0,85 MM X 3,0 MTS 62 CO85",BAJO NIVEL CRITICO Y PARA MENOS DE DOS SEMANAS,0.0,13.0,13.0,6.0,6.0,6.0,,OBRACHILLAN,1193983-OBRACHILLAN
1273393.0,PILASTRA PINO 13X45 MM X 3ML,BAJO NIVEL CRITICO Y PARA MÁS DE DOS SEMANAS,55.0,13.0,12.0,120.0,120.0,120.0,,OBRACHILLAN,1273393-OBRACHILLAN
1178839.0,"PINO 2"" X 10"" X 3,20 MT",BAJO NIVEL CRITICO Y PARA MENOS DE DOS SEMANAS,0.0,13.0,13.0,24.0,24.0,0.0,,OBRACHILLAN,1178839-OBRACHILLAN
1193713.0,"PINO 2"" X 2"" X 3,20 MT IMPREGNADO",SOBRE NIVEL CRÍTICO Y PARA MÁS DE DOS SEMANAS,2883.5,13.0,13.0,1287.0,1287.0,1287.0,,OBRACHILLAN,1193713-OBRACHILLAN
1191216.0,PINTURA DE FIBROCEMENTOCAOBA FIBROCEM  1 TIN,BAJO NIVEL CRITICOY SIN ENTREGA LOS ÚLTIMOS 90 DÍAS,3.000000095367432,12.0,12.0,2.7,3.0,3.0,18 MESES,OBRACHILLAN,1191216-OBRACHILLAN
1191321.0,PINTURA DE FIBROCEMENTOCASTANO FIBROCEM  1 TIN,BAJO NIVEL CRITICOY SIN ENTREGA LOS ÚLTIMOS 90 DÍAS,2.000000019073486,12.0,12.0,2.7,3.0,3.0,18 MESES,OBRACHILLAN,1191321-OBRACHILLAN
1283090.0,PINTURA DE MADERACAOBA MADERVET  1 TIN,BAJO NIVEL CRITICOY SIN ENTREGA LOS ÚLTIMOS 90 DÍAS,3.0,12.0,4.0,2.625,3.0,3.0,24 MESES,OBRACHILLAN,1283090-OBRACHILLAN
1283102.0,PINTURA DE MADERACASTANO MADERVET  1 TIN,BAJO NIVEL CRITICOY SIN ENTREGA LOS ÚLTIMOS 90 DÍAS,4.0,12.0,4.0,2.625,2.0,2.0,24 MESES,OBRACHILLAN,1283102-OBRACHILLAN
41020165.0,PINTURA ESMALTE AL AGUA MARFIL CP-70 1 TIN,BAJO NIVEL CRITICO Y PARA MÁS DE DOS SEMANAS,5.0,11.0,11.0,19.69,19.55,19.55,12 MESES,OBRACHILLAN,41020165-OBRACHILLAN
1191451.0,PINTURA HOJALATACAOBA ACRIZINC  1 GAL,BAJO NIVEL CRITICOY SIN ENTREGA LOS ÚLTIMOS 90 DÍAS,10.0,12.0,7.0,5.0,4.0,4.0,60 MESES,OBRACHILLAN,1191451-OBRACHILLAN
1191460.0,PINTURA HOJALATACASTANO ACRIZINC  1 GAL,BAJO NIVEL CRITICOY SIN ENTREGA LOS ÚLTIMOS 90 DÍAS,8.0,12.0,,,,,60 MESES,OBRACHILLAN,1191460-OBRACHILLAN
1194652.0,PINTURA HOJALATANEGRO ACRIZINC  1 GAL,BAJO NIVEL CRITICO Y PARA MENOS DE DOS SEMANAS,4.0,13.0,11.0,11.0,10.0,10.0,60 MESES,OBRACHILLAN,1194652-OBRACHILLAN
1274821.0,PINTURA IMPERMEABILIZANTE MASTERWALL BEIGE (IC)  1 TIN,BAJO NIVEL CRITICO Y PARA MÁS DE DOS SEMANAS,2.0,12.0,12.0,7.333333333333333,8.0,0.0,12 MESES,OBRACHILLAN,1274821-OBRACHILLAN
1274839.0,PINTURA IMPERMEABILIZANTE MASTERWALL GRIS ARENA (SR)  1 TIN,BAJO NIVEL CRITICO Y PARA MENOS DE DOS SEMANAS,0.0,12.0,11.0,8.066666666666666,8.0,8.0,12 MESES,OBRACHILLAN,1274839-OBRACHILLAN
1274847.0,PINTURA IMPERMEABILIZANTE MASTERWALL MOSTAZA (GS)  1 TIN,BAJO NIVEL CRITICO Y PARA MENOS DE DOS SEMANAS,1.0,12.0,11.0,8.066666666666666,8.0,8.0,12 MESES,OBRACHILLAN,1274847-OBRACHILLAN
1188105.0,PLANCHA FIBROCEMENTO 4 MM VOLCAN 1 PLANCHA,SOBRE NIVEL CRÍTICO Y PARA MÁS DE DOS SEMANAS,371.5,13.0,13.0,202.0,200.0,200.0,,OBRACHILLAN,1188105-OBRACHILLAN
1259305.0,"PLANCHA OSB PROTEC 11,1 MM X 2,4 4 X 1,22 MTS LP 1 UN",BAJO NIVEL CRITICO Y PARA MENOS DE DOS SEMANAS,15.0,12.0,12.0,700.0,710.0,710.0,,OBRACHILLAN,1259305-OBRACHILLAN
1192999.0,"PLANCHA OSB STD 9,5 MM X 2,44 X 1,22 MTS LP 1 UN",BAJO NIVEL CRITICO Y PARA MÁS DE DOS SEMANAS,72.0,13.0,13.0,51.0,59.0,59.0,,OBRACHILLAN,1192999-OBRACHILLAN
1179698.0,"PLANCHA YESO-CARTON ST 10 MM 1,20 X 2,40 VOLCAN 1 PLANCHA",SOBRE NIVEL CRÍTICO Y PARA MÁS DE DOS SEMANAS,438.0,13.0,13.0,360.0,185.0,185.0,,OBRACHILLAN,1179698-OBRACHILLAN
1278928.0,POLIESTIRENO EXP. 30 MM (20KG/ M3) 1 PLANCHA,SOBRE NIVEL CRÍTICO Y PARA MÁS DE DOS SEMANAS,316.9998779296875,13.0,13.0,240.0,207.0,207.0,,OBRACHILLAN,1278928-OBRACHILLAN
1278944.0,POLIESTIRENO EXP. 70 MM (20KG/ M3) 1 PLANCHA,BAJO NIVEL CRITICO Y PARA MÁS DE DOS SEMANAS,42.00000549316407,13.0,13.0,72.0,72.0,72.0,,OBRACHILLAN,1278944-OBRACHILLAN
1278952.0,POLIESTIRENO EXP. 80 MM (20KG/ M3) 1 PLANCHA,SOBRE NIVEL CRÍTICO Y PARA MÁS DE DOS SEMANAS,802.0,13.0,13.0,1350.0,989.0,989.0,,OBRACHILLAN,1278952-OBRACHILLAN
1191945.0,PROMOTOR DE ADHERENCIA TECNO BOND  20 KG 1 TIN,BAJO NIVEL CRITICO Y PARA MÁS DE DOS SEMANAS,1.420000037699938,13.0,13.0,1.53,0.43,0.43,12 MESES,OBRACHILLAN,1191945-OBRACHILLAN
1260955.0,"PUERTA HDF EXTERIOR PRESTIGE PROTEGIDA 0,80 X 2 MT 1 UN",BAJO NIVEL CRITICO Y PARA MÁS DE DOS SEMANAS,12.0,13.0,13.0,16.0,16.0,0.0,,OBRACHILLAN,1260955-OBRACHILLAN
1192112.0,"PUERTA HDF PRESTIGE 0,65 X 2 M T INTERIOR 1 UN",BAJO NIVEL CRITICO Y PARA MENOS DE DOS SEMANAS,2.0,13.0,13.0,6.0,6.0,0.0,,OBRACHILLAN,1192112-OBRACHILLAN
1192121.0,"PUERTA HDF PRESTIGE 0,70 X 2 M T INTERIOR 1 UN",BAJO NIVEL CRITICO Y PARA MENOS DE DOS SEMANAS,8.0,13.0,13.0,54.0,54.0,0.0,,OBRACHILLAN,1192121-OBRACHILLAN
1188471.0,"PUERTA TERCIADO 0,75 X 2,00 MT CON PE C/C  1 UN",BAJO NIVEL CRITICO Y PARA MENOS DE DOS SEMANAS,2.0,13.0,13.0,16.0,16.0,0.0,,OBRACHILLAN,1188471-OBRACHILLAN
1187241.0,REGULADOR P/GAS 45KG RI 11100 1 UN,BAJO NIVEL CRITICO Y PARA MÁS DE DOS SEMANAS,11.99999847412109,11.0,9.0,15.0,15.0,15.0,,OBRACHILLAN,1187241-OBRACHILLAN
1177810.0,RODILLO CHIPORRO 18 CM 1 UN,BAJO NIVEL CRITICO Y PARA MÁS DE DOS SEMANAS,45.50000244140625,12.0,12.0,88.0,88.0,88.0,,OBRACHILLAN,1177810-OBRACHILLAN
1274783.0,"SIDING 0,19 X 6 MM X 3,66 VOLCAN MTS",SOBRE NIVEL CRÍTICO Y PARA MÁS DE DOS SEMANAS,1261.0,13.0,13.0,672.0,600.0,600.0,,OBRACHILLAN,1274783-OBRACHILLAN
1183128.0,"SIFON BOTELLA 1 1/4"" SALIDA CURVA 1 UN",BAJO NIVEL CRITICO Y PARA MÁS DE DOS SEMANAS,8.0,12.0,11.0,22.0,22.0,22.0,,OBRACHILLAN,1183128-OBRACHILLAN
1181317.0,"SIFON EMBELLE 1 1/4"" SALIDA RECTA 1 UN",BAJO NIVEL CRITICO Y PARA MÁS DE DOS SEMANAS,10.0,12.0,11.0,22.0,22.0,22.0,,OBRACHILLAN,1181317-OBRACHILLAN
1177887.0,"SIFON LOA LAVAPLATOS S/CURVA 1 1/2"" 1 UN",BAJO NIVEL CRITICO Y PARA MÁS DE DOS SEMANAS,8.0,12.0,11.0,22.0,22.0,22.0,,OBRACHILLAN,1177887-OBRACHILLAN
1279584.0,"SIKABOND MONTAJE 3,8 KG BALDES",BAJO NIVEL CRITICO Y PARA MÁS DE DOS SEMANAS,45.0,11.0,11.0,48.4,44.84,44.84,12 MESES,OBRACHILLAN,1279584-OBRACHILLAN
1199517.0,SOBREPASO PP-R 20 MM 1 UN,SOBRE NIVEL CRÍTICO Y PARA MÁS DE DOS SEMANAS,223.0,13.0,13.0,70.0,70.0,70.0,,OBRACHILLAN,1199517-OBRACHILLAN
1187671.0,"TAPACAN SMARTSIDE TRIM 5 1/2"" LP 1 UN",BAJO NIVEL CRITICO Y PARA MÁS DE DOS SEMANAS,53.0,13.0,13.0,73.0,72.0,72.0,,OBRACHILLAN,1187671-OBRACHILLAN
1187751.0,"TAPACAN SMARTSIDE TRIM 7 1/4"" LP 1 UN",BAJO NIVEL CRITICO Y PARA MÁS DE DOS SEMANAS,42.5,13.0,13.0,72.0,72.0,72.0,,OBRACHILLAN,1187751-OBRACHILLAN
1248032.0,"TAPON PP-R 1/2"" HE 1 UN",SOBRE NIVEL CRÍTICO Y PARA MÁS DE DOS SEMANAS,381.0,13.0,10.0,78.0,16.0,4.0,,OBRACHILLAN,1248032-OBRACHILLAN
1248041.0,"TAPON PP-R 1/2"" HI 1 UN",SOBRE NIVEL CRÍTICO Y PARA MÁS DE DOS SEMANAS,440.0,13.0,10.0,38.29,38.29,38.0,,OBRACHILLAN,1248041-OBRACHILLAN
12736330.0,TEE PEX 20 MM,BAJO NIVEL CRITICO Y PARA MENOS DE DOS SEMANAS,1.0,13.0,12.0,20.0,20.0,20.0,,OBRACHILLAN,12736330-OBRACHILLAN
1253333.0,TEE PP-R 20 MM 1 UN,BAJO NIVEL CRITICO Y PARA MÁS DE DOS SEMANAS,17.0,13.0,13.0,32.0,32.0,32.0,,OBRACHILLAN,1253333-OBRACHILLAN
1204515.0,TEE PP-R 25 MM 1 UN,BAJO NIVEL CRITICO Y PARA MÁS DE DOS SEMANAS,61.0,13.0,13.0,28.0,28.0,28.0,,OBRACHILLAN,1204515-OBRACHILLAN
12736410.0,TEE PRUEBA PEX 20 X 1/2 HI X20,BAJO NIVEL CRITICOY SIN ENTREGA LOS ÚLTIMOS 90 DÍAS,65.0,13.0,,,,,,OBRACHILLAN,12736410-OBRACHILLAN
1247110.0,TEE RED.20 X 25 X 20 PP-R 1 UN,BAJO NIVEL CRITICO Y PARA MÁS DE DOS SEMANAS,41.0,13.0,13.0,6.0,6.0,6.0,,OBRACHILLAN,1247110-OBRACHILLAN
1247128.0,TEE RED.25 X 20 X 20 PP-R 1 UN,BAJO NIVEL CRITICO Y PARA MENOS DE DOS SEMANAS,2.0,13.0,13.0,32.0,32.0,32.0,,OBRACHILLAN,1247128-OBRACHILLAN
1190299.0,TEE RED.25 X 20 X 25 PP-R 1 UN,BAJO NIVEL CRITICO Y PARA MÁS DE DOS SEMANAS,7.0,13.0,13.0,42.0,42.0,42.0,,OBRACHILLAN,1190299-OBRACHILLAN
1247144.0,TEE RED.25 X 25 X 20 PP-R 1 UN,BAJO NIVEL CRITICO Y PARA MÁS DE DOS SEMANAS,42.0,13.0,13.0,38.0,38.0,38.0,,OBRACHILLAN,1247144-OBRACHILLAN
1247161.0,TEE RED.32 X 25 X 25 PP-R 1 UN,BAJO NIVEL CRITICO Y PARA MÁS DE DOS SEMANAS,4.0,13.0,13.0,6.0,6.0,6.0,,OBRACHILLAN,1247161-OBRACHILLAN
1291532.0,TEJA ASFALTICA SUPREME ONIX BLACK M2,CERCA DE NIVEL CRITICO Y PARA MÁS DE DOS SEMANAS,164.3,12.0,12.0,2170.0,2170.0,2170.0,,OBRACHILLAN,1291532-OBRACHILLAN
1272374.0,TERMINAL PEX 20 X 1/2 HE,BAJO NIVEL CRITICO Y PARA MÁS DE DOS SEMANAS,36.0,13.0,12.0,40.0,40.0,40.0,,OBRACHILLAN,1272374-OBRACHILLAN
1208006.0,TERMINAL PP-R 20 X 1/2 HI 1 UN,BAJO NIVEL CRITICOY SIN ENTREGA LOS ÚLTIMOS 90 DÍAS,108.0,13.0,11.0,95.33,99.0,99.0,,OBRACHILLAN,1208006-OBRACHILLAN
1252074.0,"TERMINAL PP-R 20 X 1/2"" HE 1 UN",BAJO NIVEL CRITICOY SIN ENTREGA LOS ÚLTIMOS 90 DÍAS,32.0,13.0,11.0,44.0,44.0,44.0,,OBRACHILLAN,1252074-OBRACHILLAN
1244285.0,"TERMINAL PP-R 25 X 3/4"" HE 1 UN",BAJO NIVEL CRITICOY SIN ENTREGA LOS ÚLTIMOS 90 DÍAS,10.0,13.0,10.0,13.0,16.25,16.25,,OBRACHILLAN,1244285-OBRACHILLAN
1247179.0,"TERMINAL PP-R 32 X 3/4"" HE 1 UN",BAJO NIVEL CRITICOY SIN ENTREGA LOS ÚLTIMOS 90 DÍAS,55.0,13.0,10.0,9.0,9.0,9.0,,OBRACHILLAN,1247179-OBRACHILLAN
1180331.0,"TINA 1,20 X 0,70 MTS BLANCA ES MALTADA SENSI DACQUA 1 UN",BAJO NIVEL CRITICO Y PARA MÁS DE DOS SEMANAS,5.0,13.0,13.0,6.0,6.0,6.0,,OBRACHILLAN,1180331-OBRACHILLAN
1256817.0,"TINA 1,30 X 0,70 MTS BLANCA ESMALTADA SENSI DACQUA 1 UN",BAJO NIVEL CRITICO Y PARA MÁS DE DOS SEMANAS,16.0,13.0,13.0,16.0,16.0,16.0,,OBRACHILLAN,1256817-OBRACHILLAN
12736090.0,TUBERIA PEX 20 MM 1 MT,SOBRE NIVEL CRÍTICOY SIN ENTREGA LOS ÚLTIMOS 90 DÍAS,450.0,13.0,,,,,,OBRACHILLAN,12736090-OBRACHILLAN
1205850.0,TUBERIA PP-R 20 MM PN-16 1 ML,SOBRE NIVEL CRÍTICO Y PARA MÁS DE DOS SEMANAS,580.0,13.0,13.0,152.0,152.0,152.0,,OBRACHILLAN,1205850-OBRACHILLAN
1205868.0,TUBERIA PP-R 25 MM PN-16 1 ML,SOBRE NIVEL CRÍTICO Y PARA MÁS DE DOS SEMANAS,280.0,13.0,13.0,308.0,306.0,306.0,,OBRACHILLAN,1205868-OBRACHILLAN
1205876.0,TUBERIA PP-R 32 MM PN-16 1 ML,SOBRE NIVEL CRÍTICO Y PARA MÁS DE DOS SEMANAS,424.0,13.0,12.0,200.0,198.0,198.0,,OBRACHILLAN,1205876-OBRACHILLAN
12800240.0,"VALVULA EXCESO FLUJO 3/4""1UN ",BAJO NIVEL CRITICOY SIN ENTREGA LOS ÚLTIMOS 90 DÍAS,42.0,12.0,,,,,,OBRACHILLAN,12800240-OBRACHILLAN
41020261.0,VENTANA TECHO ALTATERRA 55 X 78 CM 1 UN,BAJO NIVEL CRITICO Y PARA MÁS DE DOS SEMANAS,3.0,13.0,13.0,6.0,6.0,6.0,,OBRACHILLAN,41020261-OBRACHILLAN
1275065.0,"VENTILACION PASIVA 4"" 1 UN",SOBRE NIVEL CRÍTICO Y PARA MÁS DE DOS SEMANAS,235.0,13.0,11.0,110.0,110.0,110.0,,OBRACHILLAN,1275065-OBRACHILLAN
1290599.0,WC LUGANO DESC. MURO 1 UN,BAJO NIVEL CRITICO Y PARA MÁS DE DOS SEMANAS,4.0,11.0,11.0,22.0,22.0,22.0,,OBRACHILLAN,1290599-OBRACHILLAN
1290601.0,WC LUGANO DESC. PISO 1 UN,BAJO NIVEL CRITICO Y PARA MENOS DE DOS SEMANAS,1.0,11.0,11.0,22.0,22.0,22.0,,OBRACHILLAN,1290601-OBRACHILLAN
1269909.0,ADHESIVO CERAMICO EN PASTA AC  25 KG 1 TIN,SOBRE NIVEL CRÍTICO Y PARA MÁS DE DOS SEMANAS,16.00000038146973,17.0,16.0,15.36,20.07,20.07,9 MESES ,OBRACONCEPCION,1269909-OBRACONCEPCION
1177641.0,ADHESIVO CERAMICO POLVO ULTRA 25 KG 1 SACO,SOBRE NIVEL CRÍTICO Y PARA MÁS DE DOS SEMANAS,51.99999938964844,17.0,17.0,100.57,155.57,155.57,6 MESES,OBRACONCEPCION,1177641-OBRACONCEPCION
1196455.0,ADHESIVO SILICONABLANCO SANISIL 280 ML 1 UN,SOBRE NIVEL CRÍTICO Y PARA MÁS DE DOS SEMANAS,25.0,17.0,16.0,13.3,13.3,13.3,24 MESES,OBRACONCEPCION,1196455-OBRACONCEPCION
1177650.0,ADHESIVOBLANCO SIKACRYL+ PINTABLE 300 ML 1 UN,SOBRE NIVEL CRÍTICO Y PARA MÁS DE DOS SEMANAS,181.0,17.0,15.0,99.0,176.0,176.0,24 MESES,OBRACONCEPCION,1177650-OBRACONCEPCION
1296237.0,AIRE ACONDICIONADO 12000 BTU 1 UN,,,,,,,,,OBRACONCEPCION,1296237-OBRACONCEPCION
1261106.0,ALFOMBRABEIGE SPEED 400 GRS 1 M2,SOBRE NIVEL CRÍTICO Y PARA MÁS DE DOS SEMANAS,482.404541015625,16.0,15.0,738.92,738.9200000000001,738.9200000000001,,OBRACONCEPCION,1261106-OBRACONCEPCION
1177895.0,ANTICORROSIVO NEGRO 1 GAL,SOBRE NIVEL CRÍTICOY SIN ENTREGA LOS ÚLTIMOS 90 DÍAS,9.000001921653748,17.0,17.0,2.4,3.1,3.1,12 MESES,OBRACONCEPCION,1177895-OBRACONCEPCION
1192147.0,"BISAGRA 3"" X 3"" CROMO SATIN 1 UN",SOBRE NIVEL CRÍTICO Y PARA MÁS DE DOS SEMANAS,210.0,17.0,16.0,213.0,213.0,213.0,,OBRACONCEPCION,1192147-OBRACONCEPCION
1178193.0,"BROCHA 2"" 1 UN",SOBRE NIVEL CRÍTICO Y PARA MÁS DE DOS SEMANAS,20.0,16.0,16.0,27.0,27.0,27.0,,OBRACONCEPCION,1178193-OBRACONCEPCION
1179508.0,"BROCHA 4"" 1 UN",SOBRE NIVEL CRÍTICO Y PARA MÁS DE DOS SEMANAS,71.80000009536744,17.0,17.0,22.8,22.8,22.8,,OBRACONCEPCION,1179508-OBRACONCEPCION
1274572.0,BURLETE BAJO PUERTA 1 UN,SOBRE NIVEL CRÍTICO Y PARA MÁS DE DOS SEMANAS,12.0,17.0,16.0,22.0,22.0,22.0,,OBRACONCEPCION,1274572-OBRACONCEPCION
1274564.0,BURLETE MARCO PUERTA 1 MT,BAJO NIVEL CRITICO Y PARA MENOS DE DOS SEMANAS,0.0,17.0,16.0,110.0,80.0,80.0,,OBRACONCEPCION,1274564-OBRACONCEPCION
1191849.0,CALEFON TIRO NATURAL  G.L. 7 LTS C/FLEX 1 UN,BAJO NIVEL CRITICO Y PARA MÁS DE DOS SEMANAS,3.0,16.0,15.0,2.0,3.0,3.0,,OBRACONCEPCION,1191849-OBRACONCEPCION
1208153.0,CALEFON TIRO NATURAL G.L. 10 LTS C/FLEX 1 UN,BAJO NIVEL CRITICO Y PARA MÁS DE DOS SEMANAS,8.0,16.0,15.0,13.0,18.0,18.0,,OBRACONCEPCION,1208153-OBRACONCEPCION
1189722.0,CELOSIA 20 X 20 BLANCA 1 UN,SOBRE NIVEL CRÍTICO Y PARA MÁS DE DOS SEMANAS,68.0,17.0,14.0,46.0,46.0,20.0,,OBRACONCEPCION,1189722-OBRACONCEPCION
1178257.0,CELOSIA 30 X 30 BLANCA 1 UN,SOBRE NIVEL CRÍTICO Y PARA MÁS DE DOS SEMANAS,173.0,17.0,17.0,41.0,41.0,41.0,,OBRACONCEPCION,1178257-OBRACONCEPCION
1269790.0,CEMENTO AR SIDERURGICO BIO BIO 1 KG,SOBRE NIVEL CRÍTICO Y PARA MÁS DE DOS SEMANAS,21349.25875000001,17.0,17.0,70789.81,9146.15,9146.15,2 MESES,OBRACONCEPCION,1269790-OBRACONCEPCION
1295381.0,CERAMICA NEW BLANCA BRILL 20 X,SOBRE NIVEL CRÍTICO Y PARA MÁS DE DOS SEMANAS,1056.779931640625,17.0,16.0,100.81,100.8,100.8,,OBRACONCEPCION,1295381-OBRACONCEPCION
1286080.0,CERAMICABEIGE SOLANA 45 X 45 1 M2,BAJO NIVEL CRITICO Y PARA MENOS DE DOS SEMANAS,4.882812498863132e-05,17.0,17.0,351.97,351.97,351.97,,OBRACONCEPCION,1286080-OBRACONCEPCION
41020263.0,CERCO VENTANA TECHO ONDULADO ALTATERRA 55 X 78 1 UN,BAJO NIVEL CRITICOY SIN ENTREGA LOS ÚLTIMOS 90 DÍAS,9.0,,,,,,,OBRACONCEPCION,41020263-OBRACONCEPCION
1193027.0,CERRADURA CILIN INOX ACCESO LL AVE 1 UN,BAJO NIVEL CRITICO Y PARA MÁS DE DOS SEMANAS,3.0,17.0,16.0,11.0,22.0,22.0,,OBRACONCEPCION,1193027-OBRACONCEPCION
1193060.0,CERRADURA CILINDRICA INOX YALE BANO 134640  1 UN,SOBRE NIVEL CRÍTICO Y PARA MÁS DE DOS SEMANAS,41.0,17.0,16.0,19.0,27.0,27.0,,OBRACONCEPCION,1193060-OBRACONCEPCION
1248251.0,CERRADURA CILINDRICA INOX YALE OFICINA-DORMITORIO 134630  1 UN,SOBRE NIVEL CRÍTICO Y PARA MÁS DE DOS SEMANAS,32.0,17.0,16.0,11.0,44.0,44.0,,OBRACONCEPCION,1248251-OBRACONCEPCION
1193086.0,CERRADURA CILINDRICA INOX YALE S/PASO  1 UN,SOBRE NIVEL CRÍTICO Y PARA MÁS DE DOS SEMANAS,67.0,17.0,16.0,19.0,30.0,30.0,,OBRACONCEPCION,1193086-OBRACONCEPCION
1252664.0,CERROJO INOX LLAVE-LLAVE 134670  1 UN,BAJO NIVEL CRITICO Y PARA MÁS DE DOS SEMANAS,5.0,17.0,16.0,22.0,22.0,22.0,,OBRACONCEPCION,1252664-OBRACONCEPCION
1193959.0,"CIELO PERFIL AT 20 X 25 X 4 X 0,42 MM X 3,0 MTS",SOBRE NIVEL CRÍTICO Y PARA MÁS DE DOS SEMANAS,836.0,17.0,17.0,111.01,108.0,108.0,,OBRACONCEPCION,1193959-OBRACONCEPCION
1183013.0,CINTA AUTOADHESIVA P/JUNTURA 45 MTS 1 ROLLO,BAJO NIVEL CRITICO Y PARA MÁS DE DOS SEMANAS,23.99990272521973,16.0,16.0,64.4,64.0,0.0,,OBRACONCEPCION,1183013-OBRACONCEPCION
1252390.0,"CODO PP-R DOBLE FIJACION TINA HI 20 X 1/2"" 1 UN",SOBRE NIVEL CRÍTICO Y PARA MÁS DE DOS SEMANAS,44.0,17.0,17.0,19.0,19.0,19.0,,OBRACONCEPCION,1252390-OBRACONCEPCION
1272340.0,CODO PEX 20 X 1/2 HE,CERCA DE NIVEL CRITICO Y PARA MÁS DE DOS SEMANAS,27.0,16.0,15.0,15.0,15.0,15.0,,OBRACONCEPCION,1272340-OBRACONCEPCION
1272323.0,CODO PEX 20 X 20 MM,SOBRE NIVEL CRÍTICO Y PARA MÁS DE DOS SEMANAS,44.0,16.0,15.0,60.0,66.0,66.0,,OBRACONCEPCION,1272323-OBRACONCEPCION
1247072.0,CODO PP-R 20 MM 1 UN,SOBRE NIVEL CRÍTICO Y PARA MÁS DE DOS SEMANAS,91.0,17.0,17.0,109.0,109.0,109.0,,OBRACONCEPCION,1247072-OBRACONCEPCION
1196199.0,"CODO PP-R 20 X 1/2"" HE 1 UN",SOBRE NIVEL CRÍTICO Y PARA MÁS DE DOS SEMANAS,40.0,17.0,17.0,16.0,16.0,16.0,,OBRACONCEPCION,1196199-OBRACONCEPCION
1196076.0,"CODO PP-R 20 X 1/2"" HI 1 UN",SOBRE NIVEL CRÍTICO Y PARA MÁS DE DOS SEMANAS,68.0,17.0,17.0,69.0,69.0,69.0,,OBRACONCEPCION,1196076-OBRACONCEPCION
1247081.0,CODO PP-R 25 MM 1 UN,SOBRE NIVEL CRÍTICO Y PARA MÁS DE DOS SEMANAS,297.0,17.0,17.0,153.0,153.0,153.0,,OBRACONCEPCION,1247081-OBRACONCEPCION
1205921.0,"CODO PP-R 25 X 1/2"" HE 1 UN",BAJO NIVEL CRITICO Y PARA MÁS DE DOS SEMANAS,16.0,17.0,17.0,22.0,22.0,22.0,,OBRACONCEPCION,1205921-OBRACONCEPCION
1190230.0,CODO PP-R 32 MM 1 UN,SOBRE NIVEL CRÍTICOY SIN ENTREGA LOS ÚLTIMOS 90 DÍAS,600.0,17.0,17.0,32.0,32.0,32.0,,OBRACONCEPCION,1190230-OBRACONCEPCION
1252541.0,COPLA PP-R 20 MM 1 UN,BAJO NIVEL CRITICO Y PARA MÁS DE DOS SEMANAS,7.0,17.0,17.0,22.0,22.0,22.0,,OBRACONCEPCION,1252541-OBRACONCEPCION
1252533.0,COPLA PP-R 25 MM 1 UN,BAJO NIVEL CRITICO Y PARA MÁS DE DOS SEMANAS,22.0,17.0,17.0,9.0,9.0,9.0,,OBRACONCEPCION,1252533-OBRACONCEPCION
1256198.0,"DESAGUE LAVATORIO 1 1/4"" C/REB /REJ 1 UN",CERCA DE NIVEL CRITICO Y PARA MÁS DE DOS SEMANAS,42.0,17.0,15.0,28.0,28.0,28.0,,OBRACONCEPCION,1256198-OBRACONCEPCION
1177879.0,DESAGUE TINA/REBALSE/SIFON 1 UN,BAJO NIVEL CRITICO Y PARA MÁS DE DOS SEMANAS,20.0,17.0,16.0,19.0,19.0,19.0,,OBRACONCEPCION,1177879-OBRACONCEPCION
41020238.0,ESMALTE AL AGUA KEM PRO MARFIL 1 TINETA,,,,,,,,12 MESES,OBRACONCEPCION,41020238-OBRACONCEPCION
1187161.0,"ESQUINEROS METALICO 30 X 30 X 2,40 MTS 1 UN",SOBRE NIVEL CRÍTICO Y PARA MÁS DE DOS SEMANAS,766.0,17.0,17.0,209.0,194.0,194.0,,OBRACONCEPCION,1187161-OBRACONCEPCION
1290581.0,ESTANQUE LUGANO 1 UN,BAJO NIVEL CRITICO Y PARA MENOS DE DOS SEMANAS,0.0,15.0,15.0,28.0,28.0,28.0,,OBRACONCEPCION,1290581-OBRACONCEPCION
1291188.0,EXTRACTOR RETON 100 BTH HIGRO 1 UN,SOBRE NIVEL CRÍTICO Y PARA MÁS DE DOS SEMANAS,79.0,17.0,15.0,43.0,43.0,43.0,,OBRACONCEPCION,1291188-OBRACONCEPCION
1208621.0,FRAGUE CERAMICOALMOND  1 KG 1 UN,SOBRE NIVEL CRÍTICO Y PARA MÁS DE DOS SEMANAS,247.0000610351562,16.0,16.0,109.43,100.0,100.0,12 MESES,OBRACONCEPCION,1208621-OBRACONCEPCION
1179524.0,FRAGUE CERAMICOBLANCO  1 KG 1 UN,BAJO NIVEL CRITICO Y PARA MÁS DE DOS SEMANAS,41.00000762939453,17.0,16.0,38.4,38.4,38.4,12 MESES,OBRACONCEPCION,1179524-OBRACONCEPCION
1188877.0,GUARDAPOLVO CHAFLAN C/CANTERIA 13 X 65 MM X 3 ML 1 UN,SOBRE NIVEL CRÍTICO Y PARA MÁS DE DOS SEMANAS,412.0000537109376,17.0,15.0,458.37,457.76,457.76,,OBRACONCEPCION,1188877-OBRACONCEPCION
1182889.0,LANA DE VIDRIO 100 MM VOLCAN 1 M2,SOBRE NIVEL CRÍTICOY SIN ENTREGA LOS ÚLTIMOS 90 DÍAS,468.0000012207031,17.0,14.0,486.24,235.72,235.72,,OBRACONCEPCION,1182889-OBRACONCEPCION
1194492.0,LANA DE VIDRIO 140 MM VOLCAN 1 M2,SOBRE NIVEL CRÍTICOY SIN ENTREGA LOS ÚLTIMOS 90 DÍAS,522.0,17.0,13.0,783.67,783.0,783.0,,OBRACONCEPCION,1194492-OBRACONCEPCION
1295488.0,LATEX CIELOLAT MARFIL 1T      ,BAJO NIVEL CRITICO Y PARA MÁS DE DOS SEMANAS,7.000000762939454,17.0,15.0,14.95,14.3,14.3,12 MESES,OBRACONCEPCION,1295488-OBRACONCEPCION
41020236.0,LATEX KEM PRO BLANCO 1 TINETA,BAJO NIVEL CRITICO Y PARA MÁS DE DOS SEMANAS,14.0,16.0,15.0,34.2,34.2,34.2,12 MESES,OBRACONCEPCION,41020236-OBRACONCEPCION
41020233.0,LATEX KEM PRO MARFIL 1 TINETA,BAJO NIVEL CRITICO Y PARA MENOS DE DOS SEMANAS,0.9999984741210923,17.0,15.0,43.2,28.9,28.9,12 MESES,OBRACONCEPCION,41020233-OBRACONCEPCION
1192260.0,LAVAMANOS VALENCIA  1 UN,BAJO NIVEL CRITICO Y PARA MÁS DE DOS SEMANAS,19.0,16.0,15.0,28.0,31.0,31.0,,OBRACONCEPCION,1192260-OBRACONCEPCION
1189191.0,LAVAPLATO ACERO INOX DERECHO 800 X 50 1 UN,BAJO NIVEL CRITICO Y PARA MÁS DE DOS SEMANAS,3.0,16.0,15.0,7.5,7.0,7.0,,OBRACONCEPCION,1189191-OBRACONCEPCION
1189175.0,LAVAPLATO ACERO INOX IZQUIERDO 800 X 50 1 UN,BAJO NIVEL CRITICO Y PARA MÁS DE DOS SEMANAS,6.0,16.0,16.0,4.0,6.0,0.0,,OBRACONCEPCION,1189175-OBRACONCEPCION
1203213.0,LLAVE PASO PP-R CAMPANA 20 MM CRM 1 UN,BAJO NIVEL CRITICO Y PARA MENOS DE DOS SEMANAS,4.0,17.0,17.0,22.0,22.0,22.0,,OBRACONCEPCION,1203213-OBRACONCEPCION
1190344.0,LLAVE PASO PP-R CAMPANA 25 MM CRM 1 UN,BAJO NIVEL CRITICO Y PARA MÁS DE DOS SEMANAS,40.0,17.0,17.0,49.0,49.0,49.0,,OBRACONCEPCION,1190344-OBRACONCEPCION
1251346.0,MALLA DE FIBRA DE VIDRIO 153 GRS/M2 1 X 50 WEBER MTS 1 UN,BAJO NIVEL CRITICO Y PARA MÁS DE DOS SEMANAS,49.00000047683716,17.0,17.0,17.97,17.97,17.97,,OBRACONCEPCION,1251346-OBRACONCEPCION
1182862.0,MARCO PUERTA MADERA 30 X 90 1 UN,BAJO NIVEL CRITICO Y PARA MÁS DE DOS SEMANAS,47.0,17.0,16.0,49.0,49.0,49.0,,OBRACONCEPCION,1182862-OBRACONCEPCION
1271136.0,MARCO PUERTA MADERA 40 X 90 C/RANURA BURLETE 1 UN,BAJO NIVEL CRITICO Y PARA MÁS DE DOS SEMANAS,21.0,17.0,16.0,22.0,22.0,22.0,,OBRACONCEPCION,1271136-OBRACONCEPCION
1270432.0,MARMOLINA BEIGE CT-70R G.M. (25 KG) 1 TINETA,BAJO NIVEL CRITICO Y PARA MÁS DE DOS SEMANAS,13.0,15.0,15.0,21.0675,15.0,15.0,24 MESES,OBRACONCEPCION,1270432-OBRACONCEPCION
1270483.0,MARMOLINA BLANCA CT-70R G.M. (25 KG) 1 TINETA,BAJO NIVEL CRITICO Y PARA MÁS DE DOS SEMANAS,24.0,15.0,15.0,19.4025,35.0,35.0,24 MESES,OBRACONCEPCION,1270483-OBRACONCEPCION
1270459.0,MARMOLINA GRIS ARENA CT-70R G.M. (25 KG) 1 TINETA,BAJO NIVEL CRITICOY SIN ENTREGA LOS ÚLTIMOS 90 DÍAS,36.0,14.0,14.0,22.0725,70.0,70.0,24 MESES,OBRACONCEPCION,1270459-OBRACONCEPCION
1270441.0,MARMOLINA MOSTAZA CT-70R G.M. (25 KG) 1 TINETA,BAJO NIVEL CRITICOY SIN ENTREGA LOS ÚLTIMOS 90 DÍAS,43.0,15.0,15.0,19.4025,15.0,15.0,24 MESES,OBRACONCEPCION,1270441-OBRACONCEPCION
1192956.0,MASTERSEAL 550 30 KG 1 JUEGO,BAJO NIVEL CRITICOY SIN ENTREGA LOS ÚLTIMOS 90 DÍAS,22.0,17.0,17.0,11.0,11.0,11.0,24 MESES,OBRACONCEPCION,1192956-OBRACONCEPCION
1188885.0,MEDIAS CANAS 13X35 MM X 3 ML,SOBRE NIVEL CRÍTICO Y PARA MÁS DE DOS SEMANAS,106.0000054931641,17.0,17.0,77.0,77.0,77.0,,OBRACONCEPCION,1188885-OBRACONCEPCION
1182803.0,"MEDIDOR AGUA POTABLE 3/4"" 1 U N",BAJO NIVEL CRITICO Y PARA MÁS DE DOS SEMANAS,17.0,17.0,15.0,15.0,15.0,15.0,12 MESES,OBRACONCEPCION,1182803-OBRACONCEPCION
1288093.0,MOLDURA XPS 33X32 E6 1 ML,SOBRE NIVEL CRÍTICO Y PARA MÁS DE DOS SEMANAS,1413.0,17.0,16.0,1084.0,1084.0,1084.0,,OBRACONCEPCION,1288093-OBRACONCEPCION
1264585.0,MONOMANDO LAVAPLATO ORNELLA  1 UN,BAJO NIVEL CRITICO Y PARA MÁS DE DOS SEMANAS,10.0,17.0,15.0,15.0,15.0,15.0,,OBRACONCEPCION,1264585-OBRACONCEPCION
1184121.0,MONOMANDO LAVATORIO ORNELLA  1 UN,BAJO NIVEL CRITICO Y PARA MÁS DE DOS SEMANAS,30.0,17.0,15.0,28.0,28.0,28.0,,OBRACONCEPCION,1184121-OBRACONCEPCION
1184139.0,MONOMANDO TINA-DUCHA ORNELLA  1 UN,BAJO NIVEL CRITICO Y PARA MENOS DE DOS SEMANAS,2.0,17.0,16.0,19.0,19.0,11.0,,OBRACONCEPCION,1184139-OBRACONCEPCION
1274812.0,MORTERO BASE COAT 20 KG 1 SACO,BAJO NIVEL CRITICO Y PARA MÁS DE DOS SEMANAS,35.99998474121094,17.0,17.0,209.39,309.0000000000001,309.0,12 MESES,OBRACONCEPCION,1274812-OBRACONCEPCION
41020232.0,MORTERO PRESEC 196 25 KG,SOBRE NIVEL CRÍTICO Y PARA MÁS DE DOS SEMANAS,94.0,17.0,15.0,85.25,130.96,130.96,6 MESES,OBRACONCEPCION,41020232-OBRACONCEPCION
1182483.0,"MUEBLE LAVAPLATO 0,8 MTS 1 UN",BAJO NIVEL CRITICO Y PARA MÁS DE DOS SEMANAS,11.0,16.0,15.0,15.0,15.0,15.0,,OBRACONCEPCION,1182483-OBRACONCEPCION
41020239.0,OLEO OPACO KEM PRO BLANCO 1 GL,BAJO NIVEL CRITICOY SIN ENTREGA LOS ÚLTIMOS 90 DÍAS,42.0,16.0,,,,,12 MESES,OBRACONCEPCION,41020239-OBRACONCEPCION
1183136.0,PAPEL FIELTRO 10/40 1 ROLLO,BAJO NIVEL CRITICO Y PARA MÁS DE DOS SEMANAS,47.0000004196167,17.0,17.0,43.32,43.0,43.0,,OBRACONCEPCION,1183136-OBRACONCEPCION
1299451.0,PASTA MURO (25 KG) 1 TINETA,BAJO NIVEL CRITICO Y PARA MENOS DE DOS SEMANAS,0.0,16.0,16.0,36.2,36.0,36.0,12 MESES,OBRACONCEPCION,1299451-OBRACONCEPCION
41020237.0,"PASTA MURO KEM PRO 24,1 KG 1 TINETA",BAJO NIVEL CRITICOY SIN ENTREGA LOS ÚLTIMOS 90 DÍAS,21.0,15.0,,,,,12 MESES,OBRACONCEPCION,41020237-OBRACONCEPCION
1191662.0,PEDESTAL UNIVERSAL 1 UN,BAJO NIVEL CRITICO Y PARA MÁS DE DOS SEMANAS,19.0,16.0,15.0,28.0,29.0,29.0,,OBRACONCEPCION,1191662-OBRACONCEPCION
1201470.0,PEGAMENTO ALFOMBRA PATEL 18 LTS,BAJO NIVEL CRITICO Y PARA MÁS DE DOS SEMANAS,7.0,16.0,15.0,11.19,15.19,15.19,12 MESES,OBRACONCEPCION,1201470-OBRACONCEPCION
1193975.0,"PERFIL C METALCON 60 X 38 X 8 X 0,85 MM X 2,4 MTS 60 CA085",BAJO NIVEL CRITICOY SIN ENTREGA LOS ÚLTIMOS 90 DÍAS,58.0,16.0,16.0,36.0,35.5,35.5,,OBRACONCEPCION,1193975-OBRACONCEPCION
1188033.0,"PERFIL CANAL NORMAL 61 X 20 X 0,5 MM X 3 MTS 1 UN",SOBRE NIVEL CRÍTICO Y PARA MÁS DE DOS SEMANAS,339.0,17.0,17.0,220.0,216.0,216.0,,OBRACONCEPCION,1188033-OBRACONCEPCION
1188025.0,"PERFIL MONTANTE NORMAL 60 X 38 X 0,5 MM X 2,4 MTS 1 UN",SOBRE NIVEL CRÍTICO Y PARA MÁS DE DOS SEMANAS,519.5,17.0,17.0,581.5,469.5,469.5,,OBRACONCEPCION,1188025-OBRACONCEPCION
1198881.0,"PERFIL PORTANTE 40 R 40 X 18 X 10 X 0,5 MM X 6 MTS",SOBRE NIVEL CRÍTICO Y PARA MÁS DE DOS SEMANAS,540.99,17.0,17.0,384.0,384.0,384.0,,OBRACONCEPCION,1198881-OBRACONCEPCION
1193983.0,"PERFIL U METALCON 62 X 25 X 0,85 MM X 3,0 MTS 62 CO85",BAJO NIVEL CRITICOY SIN ENTREGA LOS ÚLTIMOS 90 DÍAS,0.0,16.0,16.0,8.0,8.0,8.0,,OBRACONCEPCION,1193983-OBRACONCEPCION
1273393.0,PILASTRA PINO 13X45 MM X 3ML,BAJO NIVEL CRITICO Y PARA MÁS DE DOS SEMANAS,43.0,16.0,16.0,57.75,57.75,57.75,,OBRACONCEPCION,1273393-OBRACONCEPCION
1178839.0,"PINO 2"" X 10"" X 3,20 MT",BAJO NIVEL CRITICOY SIN ENTREGA LOS ÚLTIMOS 90 DÍAS,0.0,15.0,,,,,,OBRACONCEPCION,1178839-OBRACONCEPCION
1193713.0,"PINO 2"" X 2"" X 3,20 MT IMPREGNADO",SOBRE NIVEL CRÍTICO Y PARA MÁS DE DOS SEMANAS,956.0,17.0,17.0,941.0,1157.0,1157.0,,OBRACONCEPCION,1193713-OBRACONCEPCION
41020165.0,PINTURA ESMALTE AL AGUA MARFIL CP-70 1 TIN,BAJO NIVEL CRITICO Y PARA MÁS DE DOS SEMANAS,7.140000000000001,17.0,15.0,12.94,12.79,12.79,12 MESES,OBRACONCEPCION,41020165-OBRACONCEPCION
1194652.0,PINTURA HOJALATANEGRO ACRIZINC  1 GAL,BAJO NIVEL CRITICOY SIN ENTREGA LOS ÚLTIMOS 90 DÍAS,3.000000005960465,17.0,17.0,4.6,4.5,4.5,60 MESES,OBRACONCEPCION,1194652-OBRACONCEPCION
1274821.0,PINTURA IMPERMEABILIZANTE MASTERWALL BEIGE (IC)  1 TIN,BAJO NIVEL CRITICO Y PARA MÁS DE DOS SEMANAS,11.0,16.0,15.0,5.5,6.5,6.5,12 MESES,OBRACONCEPCION,1274821-OBRACONCEPCION
1274839.0,PINTURA IMPERMEABILIZANTE MASTERWALL GRIS ARENA (SR)  1 TIN,BAJO NIVEL CRITICO Y PARA MÁS DE DOS SEMANAS,11.0,16.0,15.0,4.766666666666667,6.0,6.0,12 MESES,OBRACONCEPCION,1274839-OBRACONCEPCION
1274847.0,PINTURA IMPERMEABILIZANTE MASTERWALL MOSTAZA (GS)  1 TIN,BAJO NIVEL CRITICO Y PARA MÁS DE DOS SEMANAS,9.0,16.0,15.0,5.5,4.0,4.0,12 MESES,OBRACONCEPCION,1274847-OBRACONCEPCION
1180074.0,PINTURA OLEO OPACOBLANCO CP-70  1 GAL,BAJO NIVEL CRITICOY SIN ENTREGA LOS ÚLTIMOS 90 DÍAS,20.0,12.0,12.0,28.0,33.0,33.0,12 MESES,OBRACONCEPCION,1180074-OBRACONCEPCION
1183945.0,PINTURA OLEO OPACOMARFIL CP-70  1 GAL,BAJO NIVEL CRITICOY SIN ENTREGA LOS ÚLTIMOS 90 DÍAS,13.0,11.0,11.0,12.9,12.9,12.9,12 MESES,OBRACONCEPCION,1183945-OBRACONCEPCION
1188105.0,PLANCHA FIBROCEMENTO 4 MM VOLCAN 1 PLANCHA,CERCA DE NIVEL CRITICO Y PARA MÁS DE DOS SEMANAS,101.0,17.0,17.0,175.0,175.5,175.5,,OBRACONCEPCION,1188105-OBRACONCEPCION
1192999.0,"PLANCHA OSB STD 9,5 MM X 2,44 X 1,22 MTS LP 1 UN",BAJO NIVEL CRITICO Y PARA MÁS DE DOS SEMANAS,69.0,17.0,17.0,21.5,21.5,21.5,,OBRACONCEPCION,1192999-OBRACONCEPCION
1179698.0,"PLANCHA YESO-CARTON ST 10 MM 1,20 X 2,40 VOLCAN 1 PLANCHA",SOBRE NIVEL CRÍTICO Y PARA MÁS DE DOS SEMANAS,422.0,17.0,17.0,594.0,623.0,618.0,,OBRACONCEPCION,1179698-OBRACONCEPCION
1278928.0,POLIESTIRENO EXP. 30 MM (20KG/ M3) 1 PLANCHA,SOBRE NIVEL CRÍTICOY SIN ENTREGA LOS ÚLTIMOS 90 DÍAS,229.0,17.0,17.0,45.0,5.0,0.0,,OBRACONCEPCION,1278928-OBRACONCEPCION
1278944.0,POLIESTIRENO EXP. 70 MM (20KG/ M3) 1 PLANCHA,BAJO NIVEL CRITICO Y PARA MÁS DE DOS SEMANAS,32.0,17.0,17.0,96.0,96.0,96.0,,OBRACONCEPCION,1278944-OBRACONCEPCION
1278952.0,POLIESTIRENO EXP. 80 MM (20KG/ M3) 1 PLANCHA,SOBRE NIVEL CRÍTICO Y PARA MÁS DE DOS SEMANAS,176.0,17.0,17.0,1526.71,1526.0,1526.0,,OBRACONCEPCION,1278952-OBRACONCEPCION
1191945.0,PROMOTOR DE ADHERENCIA TECNO BOND  20 KG 1 TIN,BAJO NIVEL CRITICO Y PARA MÁS DE DOS SEMANAS,2.01999988079071,17.0,16.0,1.41,1.41,1.41,12 MESES,OBRACONCEPCION,1191945-OBRACONCEPCION
1260955.0,"PUERTA HDF EXTERIOR PRESTIGE PROTEGIDA 0,80 X 2 MT 1 UN",BAJO NIVEL CRITICO Y PARA MÁS DE DOS SEMANAS,10.0,17.0,16.0,11.0,12.0,11.0,,OBRACONCEPCION,1260955-OBRACONCEPCION
1192112.0,"PUERTA HDF PRESTIGE 0,65 X 2 M T INTERIOR 1 UN",BAJO NIVEL CRITICO Y PARA MÁS DE DOS SEMANAS,9.0,17.0,17.0,8.0,8.0,0.0,,OBRACONCEPCION,1192112-OBRACONCEPCION
1192121.0,"PUERTA HDF PRESTIGE 0,70 X 2 M T INTERIOR 1 UN",BAJO NIVEL CRITICO Y PARA MÁS DE DOS SEMANAS,36.0,17.0,16.0,41.0,41.0,41.0,,OBRACONCEPCION,1192121-OBRACONCEPCION
1188471.0,"PUERTA TERCIADO 0,75 X 2,00 MT CON PE C/C  1 UN",BAJO NIVEL CRITICO Y PARA MÁS DE DOS SEMANAS,5.0,17.0,17.0,11.0,12.0,0.0,,OBRACONCEPCION,1188471-OBRACONCEPCION
1187241.0,REGULADOR P/GAS 45KG RI 11100 1 UN,BAJO NIVEL CRITICO Y PARA MÁS DE DOS SEMANAS,15.0,15.0,15.0,15.0,15.0,15.0,,OBRACONCEPCION,1187241-OBRACONCEPCION
1177810.0,RODILLO CHIPORRO 18 CM 1 UN,BAJO NIVEL CRITICO Y PARA MÁS DE DOS SEMANAS,81.24999988555908,16.0,15.0,54.5,114.2,114.2,,OBRACONCEPCION,1177810-OBRACONCEPCION
1274783.0,"SIDING 0,19 X 6 MM X 3,66 VOLCAN MTS",SOBRE NIVEL CRÍTICO Y PARA MÁS DE DOS SEMANAS,278.0,17.0,17.0,566.0,586.0,586.0,,OBRACONCEPCION,1274783-OBRACONCEPCION
1183128.0,"SIFON BOTELLA 1 1/4"" SALIDA CURVA 1 UN",BAJO NIVEL CRITICO Y PARA MÁS DE DOS SEMANAS,20.0,17.0,15.0,15.0,15.0,15.0,,OBRACONCEPCION,1183128-OBRACONCEPCION
1177887.0,"SIFON LOA LAVAPLATOS S/CURVA 1 1/2"" 1 UN",BAJO NIVEL CRITICO Y PARA MÁS DE DOS SEMANAS,21.0,17.0,15.0,15.0,15.0,15.0,,OBRACONCEPCION,1177887-OBRACONCEPCION
1279584.0,"SIKABOND MONTAJE 3,8 KG BALDES",BAJO NIVEL CRITICO Y PARA MÁS DE DOS SEMANAS,31.0,17.0,16.0,29.25,29.25,29.25,12 MESES,OBRACONCEPCION,1279584-OBRACONCEPCION
1199517.0,SOBREPASO PP-R 20 MM 1 UN,SOBRE NIVEL CRÍTICO Y PARA MÁS DE DOS SEMANAS,326.0,17.0,17.0,60.0,60.0,60.0,,OBRACONCEPCION,1199517-OBRACONCEPCION
1199525.0,SOBREPASO PP-R 25 MM 1 UN,BAJO NIVEL CRITICOY SIN ENTREGA LOS ÚLTIMOS 90 DÍAS,10.0,16.0,16.0,60.0,60.0,60.0,,OBRACONCEPCION,1199525-OBRACONCEPCION
1187671.0,"TAPACAN SMARTSIDE TRIM 5 1/2"" LP 1 UN",BAJO NIVEL CRITICO Y PARA MÁS DE DOS SEMANAS,33.0,17.0,17.0,56.0,56.0,56.0,,OBRACONCEPCION,1187671-OBRACONCEPCION
1187751.0,"TAPACAN SMARTSIDE TRIM 7 1/4"" LP 1 UN",BAJO NIVEL CRITICO Y PARA MÁS DE DOS SEMANAS,36.0,17.0,17.0,49.5,48.0,48.0,,OBRACONCEPCION,1187751-OBRACONCEPCION
1248032.0,"TAPON PP-R 1/2"" HE 1 UN",SOBRE NIVEL CRÍTICO Y PARA MÁS DE DOS SEMANAS,388.0,17.0,17.0,74.0,74.0,74.0,,OBRACONCEPCION,1248032-OBRACONCEPCION
1248041.0,"TAPON PP-R 1/2"" HI 1 UN",SOBRE NIVEL CRÍTICO Y PARA MÁS DE DOS SEMANAS,344.000009765625,17.0,17.0,22.63,22.63,22.0,,OBRACONCEPCION,1248041-OBRACONCEPCION
12736330.0,TEE PEX 20 MM,BAJO NIVEL CRITICOY SIN ENTREGA LOS ÚLTIMOS 90 DÍAS,0.0,16.0,,,,,,OBRACONCEPCION,12736330-OBRACONCEPCION
1253333.0,TEE PP-R 20 MM 1 UN,BAJO NIVEL CRITICOY SIN ENTREGA LOS ÚLTIMOS 90 DÍAS,25.0,17.0,17.0,6.0,6.0,6.0,,OBRACONCEPCION,1253333-OBRACONCEPCION
1204515.0,TEE PP-R 25 MM 1 UN,BAJO NIVEL CRITICO Y PARA MÁS DE DOS SEMANAS,16.0,17.0,17.0,19.0,19.0,19.0,,OBRACONCEPCION,1204515-OBRACONCEPCION
12736410.0,TEE PRUEBA PEX 20 X 1/2 HI X20,,,16.0,,,,,,OBRACONCEPCION,12736410-OBRACONCEPCION
1247110.0,TEE RED.20 X 25 X 20 PP-R 1 UN,BAJO NIVEL CRITICO Y PARA MENOS DE DOS SEMANAS,0.0,17.0,17.0,8.0,8.0,8.0,,OBRACONCEPCION,1247110-OBRACONCEPCION
1247128.0,TEE RED.25 X 20 X 20 PP-R 1 UN,BAJO NIVEL CRITICO Y PARA MÁS DE DOS SEMANAS,66.0,17.0,17.0,30.0,30.0,30.0,,OBRACONCEPCION,1247128-OBRACONCEPCION
1190299.0,TEE RED.25 X 20 X 25 PP-R 1 UN,BAJO NIVEL CRITICO Y PARA MÁS DE DOS SEMANAS,63.0,17.0,17.0,33.0,33.0,33.0,,OBRACONCEPCION,1190299-OBRACONCEPCION
1247144.0,TEE RED.25 X 25 X 20 PP-R 1 UN,BAJO NIVEL CRITICO Y PARA MÁS DE DOS SEMANAS,28.0,17.0,17.0,30.0,30.0,30.0,,OBRACONCEPCION,1247144-OBRACONCEPCION
1247161.0,TEE RED.32 X 25 X 25 PP-R 1 UN,BAJO NIVEL CRITICO Y PARA MÁS DE DOS SEMANAS,41.0,17.0,17.0,8.0,8.0,8.0,,OBRACONCEPCION,1247161-OBRACONCEPCION
1272374.0,TERMINAL PEX 20 X 1/2 HE,BAJO NIVEL CRITICO Y PARA MÁS DE DOS SEMANAS,43.0,17.0,15.0,30.0,30.0,30.0,,OBRACONCEPCION,1272374-OBRACONCEPCION
1208006.0,TERMINAL PP-R 20 X 1/2 HI 1 UN,BAJO NIVEL CRITICO Y PARA MÁS DE DOS SEMANAS,45.0,17.0,17.0,22.0,22.0,22.0,,OBRACONCEPCION,1208006-OBRACONCEPCION
1244285.0,"TERMINAL PP-R 25 X 3/4"" HE 1 UN",BAJO NIVEL CRITICO Y PARA MÁS DE DOS SEMANAS,12.0,17.0,16.0,3.0,3.0,3.0,,OBRACONCEPCION,1244285-OBRACONCEPCION
1247179.0,"TERMINAL PP-R 32 X 3/4"" HE 1 UN",BAJO NIVEL CRITICO Y PARA MÁS DE DOS SEMANAS,18.0,17.0,15.0,13.0,15.0,13.0,,OBRACONCEPCION,1247179-OBRACONCEPCION
1180331.0,"TINA 1,20 X 0,70 MTS BLANCA ES MALTADA SENSI DACQUA 1 UN",BAJO NIVEL CRITICO Y PARA MENOS DE DOS SEMANAS,0.0,17.0,17.0,8.0,8.0,0.0,,OBRACONCEPCION,1180331-OBRACONCEPCION
1256817.0,"TINA 1,30 X 0,70 MTS BLANCA ESMALTADA SENSI DACQUA 1 UN",BAJO NIVEL CRITICO Y PARA MENOS DE DOS SEMANAS,1.0,17.0,17.0,11.0,11.0,0.0,,OBRACONCEPCION,1256817-OBRACONCEPCION
12736090.0,TUBERIA PEX 20 MM 1 MT,,,17.0,,,,,,OBRACONCEPCION,12736090-OBRACONCEPCION
1205850.0,TUBERIA PP-R 20 MM PN-16 1 ML,CERCA DE NIVEL CRITICO Y PARA MÁS DE DOS SEMANAS,159.0,17.0,17.0,120.0,120.0,120.0,,OBRACONCEPCION,1205850-OBRACONCEPCION
1205868.0,TUBERIA PP-R 25 MM PN-16 1 ML,SOBRE NIVEL CRÍTICO Y PARA MÁS DE DOS SEMANAS,303.0,17.0,17.0,204.0,204.0,202.0,,OBRACONCEPCION,1205868-OBRACONCEPCION
1205876.0,TUBERIA PP-R 32 MM PN-16 1 ML,SOBRE NIVEL CRÍTICO Y PARA MÁS DE DOS SEMANAS,162.9999694824219,17.0,17.0,80.0,80.0,78.0,,OBRACONCEPCION,1205876-OBRACONCEPCION
12800240.0,"VALVULA EXCESO FLUJO 3/4""1UN ",BAJO NIVEL CRITICOY SIN ENTREGA LOS ÚLTIMOS 90 DÍAS,18.0,15.0,12.0,18.0,18.0,0.0,,OBRACONCEPCION,12800240-OBRACONCEPCION
1269909.0,ADHESIVO CERAMICO EN PASTA AC  25 KG 1 TIN,SOBRE NIVEL CRÍTICO Y PARA MÁS DE DOS SEMANAS,14.0,7.0,7.0,28.08,28.0,28.0,9 MESES ,OBRAEDIFICIOCHILLANVIEJO,1269909-OBRAEDIFICIOCHILLANVIEJO
1177641.0,ADHESIVO CERAMICO POLVO ULTRA 25 KG 1 SACO,SOBRE NIVEL CRÍTICO Y PARA MÁS DE DOS SEMANAS,103.0,8.0,7.0,129.24,129.24,129.24,6 MESES,OBRAEDIFICIOCHILLANVIEJO,1177641-OBRAEDIFICIOCHILLANVIEJO
1196455.0,ADHESIVO SILICONABLANCO SANISIL 280 ML 1 UN,SOBRE NIVEL CRÍTICOY SIN ENTREGA LOS ÚLTIMOS 90 DÍAS,70.0,7.0,5.0,50.0,50.0,50.0,24 MESES,OBRAEDIFICIOCHILLANVIEJO,1196455-OBRAEDIFICIOCHILLANVIEJO
1177650.0,ADHESIVOBLANCO SIKACRYL+ PINTABLE 300 ML 1 UN,SOBRE NIVEL CRÍTICO Y PARA MÁS DE DOS SEMANAS,160.0,7.0,7.0,161.89,156.0,156.0,24 MESES,OBRAEDIFICIOCHILLANVIEJO,1177650-OBRAEDIFICIOCHILLANVIEJO
1257570.0,ALFOMBRABEIGE STONE 600 GRS 1 M2,SOBRE NIVEL CRÍTICOY SIN ENTREGA LOS ÚLTIMOS 90 DÍAS,937.7000268554688,7.0,7.0,903.6,901.8,901.8,,OBRAEDIFICIOCHILLANVIEJO,1257570-OBRAEDIFICIOCHILLANVIEJO
1192155.0,"BISAGRA 3 1/2"" X 3 1/2"" CROMO SATIN 1 UN",SOBRE NIVEL CRÍTICOY SIN ENTREGA LOS ÚLTIMOS 90 DÍAS,60.0,7.0,5.0,60.0,60.0,60.0,,OBRAEDIFICIOCHILLANVIEJO,1192155-OBRAEDIFICIOCHILLANVIEJO
1192147.0,"BISAGRA 3"" X 3"" CROMO SATIN 1 UN",SOBRE NIVEL CRÍTICO Y PARA MÁS DE DOS SEMANAS,238.0,7.0,7.0,276.0,276.0,276.0,,OBRAEDIFICIOCHILLANVIEJO,1192147-OBRAEDIFICIOCHILLANVIEJO
1178193.0,"BROCHA 2"" 1 UN",SOBRE NIVEL CRÍTICO Y PARA MÁS DE DOS SEMANAS,42.0,7.0,7.0,89.74,53.0,53.0,,OBRAEDIFICIOCHILLANVIEJO,1178193-OBRAEDIFICIOCHILLANVIEJO
1179508.0,"BROCHA 4"" 1 UN",SOBRE NIVEL CRÍTICO Y PARA MÁS DE DOS SEMANAS,31.0,7.0,7.0,148.17,42.84,42.84,,OBRAEDIFICIOCHILLANVIEJO,1179508-OBRAEDIFICIOCHILLANVIEJO
1274572.0,BURLETE BAJO PUERTA 1 UN,SOBRE NIVEL CRÍTICOY SIN ENTREGA LOS ÚLTIMOS 90 DÍAS,22.0,7.0,5.0,21.0,21.0,21.0,,OBRAEDIFICIOCHILLANVIEJO,1274572-OBRAEDIFICIOCHILLANVIEJO
1274564.0,BURLETE MARCO PUERTA 1 MT,SOBRE NIVEL CRÍTICOY SIN ENTREGA LOS ÚLTIMOS 90 DÍAS,100.0,7.0,5.0,110.0,102.0,102.0,,OBRAEDIFICIOCHILLANVIEJO,1274564-OBRAEDIFICIOCHILLANVIEJO
1244103.0,CALEFON TIRO FORZADO G.N. 10 LTS C/KIT C/FLEX 1 UN,SOBRE NIVEL CRÍTICOY SIN ENTREGA LOS ÚLTIMOS 90 DÍAS,20.0,7.0,5.0,20.0,20.0,20.0,,OBRAEDIFICIOCHILLANVIEJO,1244103-OBRAEDIFICIOCHILLANVIEJO
1189722.0,CELOSIA 20 X 20 BLANCA 1 UN,SOBRE NIVEL CRÍTICO Y PARA MÁS DE DOS SEMANAS,89.0,7.0,7.0,130.0,130.0,130.0,,OBRAEDIFICIOCHILLANVIEJO,1189722-OBRAEDIFICIOCHILLANVIEJO
1178257.0,CELOSIA 30 X 30 BLANCA 1 UN,SOBRE NIVEL CRÍTICO Y PARA MÁS DE DOS SEMANAS,148.0,8.0,7.0,38.0,42.0,42.0,,OBRAEDIFICIOCHILLANVIEJO,1178257-OBRAEDIFICIOCHILLANVIEJO
1269790.0,CEMENTO AR SIDERURGICO BIO BIO 1 KG,SOBRE NIVEL CRÍTICO Y PARA MÁS DE DOS SEMANAS,525.0,8.0,8.0,474.9,474.9,474.9,2 MESES,OBRAEDIFICIOCHILLANVIEJO,1269790-OBRAEDIFICIOCHILLANVIEJO
1295322.0,"CERAMICA CUOMO BLANCO 45,3 X 4",SOBRE NIVEL CRÍTICO Y PARA MÁS DE DOS SEMANAS,337.1999974822998,8.0,7.0,388.7,388.7,388.7,,OBRAEDIFICIOCHILLANVIEJO,1295322-OBRAEDIFICIOCHILLANVIEJO
1295381.0,CERAMICA NEW BLANCA BRILL 20 X,SOBRE NIVEL CRÍTICO Y PARA MÁS DE DOS SEMANAS,82.5,7.0,7.0,183.01,150.0,150.0,,OBRAEDIFICIOCHILLANVIEJO,1295381-OBRAEDIFICIOCHILLANVIEJO
1193027.0,CERRADURA CILIN INOX ACCESO LL AVE 1 UN,SOBRE NIVEL CRÍTICO Y PARA MÁS DE DOS SEMANAS,20.0,7.0,7.0,31.0,21.0,21.0,,OBRAEDIFICIOCHILLANVIEJO,1193027-OBRAEDIFICIOCHILLANVIEJO
1193060.0,CERRADURA CILINDRICA INOX YALE BANO 134640  1 UN,SOBRE NIVEL CRÍTICO Y PARA MÁS DE DOS SEMANAS,26.0,7.0,7.0,11.25028125703143,30.0,30.0,,OBRAEDIFICIOCHILLANVIEJO,1193060-OBRAEDIFICIOCHILLANVIEJO
1248251.0,CERRADURA CILINDRICA INOX YALE OFICINA-DORMITORIO 134630  1 UN,BAJO NIVEL CRITICO Y PARA MÁS DE DOS SEMANAS,17.0,7.0,7.0,7.5,20.0,20.0,,OBRAEDIFICIOCHILLANVIEJO,1248251-OBRAEDIFICIOCHILLANVIEJO
1193086.0,CERRADURA CILINDRICA INOX YALE S/PASO  1 UN,SOBRE NIVEL CRÍTICO Y PARA MÁS DE DOS SEMANAS,36.0,7.0,7.0,15.00037500937523,40.0,40.0,,OBRAEDIFICIOCHILLANVIEJO,1193086-OBRAEDIFICIOCHILLANVIEJO
1252664.0,CERROJO INOX LLAVE-LLAVE 134670  1 UN,CERCA DE NIVEL CRITICOY SIN ENTREGA LOS ÚLTIMOS 90 DÍAS,20.0,7.0,5.0,20.0,22.0,22.0,,OBRAEDIFICIOCHILLANVIEJO,1252664-OBRAEDIFICIOCHILLANVIEJO
1183013.0,CINTA AUTOADHESIVA P/JUNTURA 45 MTS 1 ROLLO,SOBRE NIVEL CRÍTICO Y PARA MÁS DE DOS SEMANAS,27.0,7.0,7.0,56.0,87.0,87.0,,OBRAEDIFICIOCHILLANVIEJO,1183013-OBRAEDIFICIOCHILLANVIEJO
1252390.0,"CODO PP-R DOBLE FIJACION TINA HI 20 X 1/2"" 1 UN",BAJO NIVEL CRITICO Y PARA MENOS DE DOS SEMANAS,2.0,8.0,8.0,6.0,6.0,6.0,,OBRAEDIFICIOCHILLANVIEJO,1252390-OBRAEDIFICIOCHILLANVIEJO
1247072.0,CODO PP-R 20 MM 1 UN,SOBRE NIVEL CRÍTICO Y PARA MÁS DE DOS SEMANAS,131.0,8.0,8.0,200.0,200.0,200.0,,OBRAEDIFICIOCHILLANVIEJO,1247072-OBRAEDIFICIOCHILLANVIEJO
1196076.0,"CODO PP-R 20 X 1/2"" HI 1 UN",BAJO NIVEL CRITICO Y PARA MÁS DE DOS SEMANAS,16.0,8.0,8.0,170.0,186.0,186.0,,OBRAEDIFICIOCHILLANVIEJO,1196076-OBRAEDIFICIOCHILLANVIEJO
1247081.0,CODO PP-R 25 MM 1 UN,SOBRE NIVEL CRÍTICO Y PARA MÁS DE DOS SEMANAS,208.0,8.0,8.0,136.0,136.0,136.0,,OBRAEDIFICIOCHILLANVIEJO,1247081-OBRAEDIFICIOCHILLANVIEJO
1190230.0,CODO PP-R 32 MM 1 UN,SOBRE NIVEL CRÍTICO Y PARA MÁS DE DOS SEMANAS,91.0,8.0,8.0,161.0,214.0,162.0,,OBRAEDIFICIOCHILLANVIEJO,1190230-OBRAEDIFICIOCHILLANVIEJO
1252533.0,COPLA PP-R 25 MM 1 UN,SOBRE NIVEL CRÍTICO Y PARA MÁS DE DOS SEMANAS,330.0,8.0,8.0,20.0,36.0,36.0,,OBRAEDIFICIOCHILLANVIEJO,1252533-OBRAEDIFICIOCHILLANVIEJO
1199592.0,COPLA PP-R 32 MM 1 UN,BAJO NIVEL CRITICO Y PARA MÁS DE DOS SEMANAS,7.0,8.0,8.0,20.0,25.0,25.0,,OBRAEDIFICIOCHILLANVIEJO,1199592-OBRAEDIFICIOCHILLANVIEJO
1190272.0,COPLA REDUC. PP-R 32 X 25 1 UN,BAJO NIVEL CRITICOY SIN ENTREGA LOS ÚLTIMOS 90 DÍAS,11.0,8.0,7.0,2.0,2.0,2.0,,OBRAEDIFICIOCHILLANVIEJO,1190272-OBRAEDIFICIOCHILLANVIEJO
1256198.0,"DESAGUE LAVATORIO 1 1/4"" C/REB /REJ 1 UN",CERCA DE NIVEL CRITICOY SIN ENTREGA LOS ÚLTIMOS 90 DÍAS,32.0,7.0,5.0,30.0,32.0,32.0,,OBRAEDIFICIOCHILLANVIEJO,1256198-OBRAEDIFICIOCHILLANVIEJO
1177879.0,DESAGUE TINA/REBALSE/SIFON 1 UN,CERCA DE NIVEL CRITICOY SIN ENTREGA LOS ÚLTIMOS 90 DÍAS,32.0,7.0,7.0,30.0,30.0,30.0,,OBRAEDIFICIOCHILLANVIEJO,1177879-OBRAEDIFICIOCHILLANVIEJO
41020431.0,ESMALTE AL AGUA KEM PRO BLANCO 1 TINETA,,,,,,,,12 MESES,OBRAEDIFICIOCHILLANVIEJO,41020431-OBRAEDIFICIOCHILLANVIEJO
41020238.0,ESMALTE AL AGUA KEM PRO MARFIL 1 TINETA,,,,,,,,12 MESES,OBRAEDIFICIOCHILLANVIEJO,41020238-OBRAEDIFICIOCHILLANVIEJO
1187161.0,"ESQUINEROS METALICO 30 X 30 X 2,40 MTS 1 UN",SOBRE NIVEL CRÍTICO Y PARA MÁS DE DOS SEMANAS,539.0,8.0,7.0,358.0,381.0,381.0,,OBRAEDIFICIOCHILLANVIEJO,1187161-OBRAEDIFICIOCHILLANVIEJO
1290581.0,ESTANQUE LUGANO 1 UN,BAJO NIVEL CRITICOY SIN ENTREGA LOS ÚLTIMOS 90 DÍAS,32.0,7.0,5.0,30.0,30.0,30.0,,OBRAEDIFICIOCHILLANVIEJO,1290581-OBRAEDIFICIOCHILLANVIEJO
1291188.0,EXTRACTOR RETON 100 BTH HIGRO 1 UN,SOBRE NIVEL CRÍTICOY SIN ENTREGA LOS ÚLTIMOS 90 DÍAS,51.0,7.0,5.0,50.0,50.0,50.0,,OBRAEDIFICIOCHILLANVIEJO,1291188-OBRAEDIFICIOCHILLANVIEJO
1208621.0,FRAGUE CERAMICOALMOND  1 KG 1 UN,SOBRE NIVEL CRÍTICO Y PARA MÁS DE DOS SEMANAS,109.0,8.0,7.0,112.59,112.59,112.59,12 MESES,OBRAEDIFICIOCHILLANVIEJO,1208621-OBRAEDIFICIOCHILLANVIEJO
1179524.0,FRAGUE CERAMICOBLANCO  1 KG 1 UN,SOBRE NIVEL CRÍTICO Y PARA MÁS DE DOS SEMANAS,55.0,7.0,7.0,70.2,66.0,66.0,12 MESES,OBRAEDIFICIOCHILLANVIEJO,1179524-OBRAEDIFICIOCHILLANVIEJO
1188877.0,GUARDAPOLVO CHAFLAN C/CANTERIA 13 X 65 MM X 3 ML 1 UN,SOBRE NIVEL CRÍTICOY SIN ENTREGA LOS ÚLTIMOS 90 DÍAS,340.0,7.0,5.0,340.0,374.0,374.0,,OBRAEDIFICIOCHILLANVIEJO,1188877-OBRAEDIFICIOCHILLANVIEJO
1194492.0,LANA DE VIDRIO 140 MM VOLCAN 1 M2,SOBRE NIVEL CRÍTICOY SIN ENTREGA LOS ÚLTIMOS 90 DÍAS,261.0,7.0,5.0,234.0,234.0,234.0,,OBRAEDIFICIOCHILLANVIEJO,1194492-OBRAEDIFICIOCHILLANVIEJO
1181421.0,LANA DE VIDRIO 50 MM VOLCAN 1 M2,SOBRE NIVEL CRÍTICOY SIN ENTREGA LOS ÚLTIMOS 90 DÍAS,59.4,8.0,3.0,15.85,16.0,16.0,,OBRAEDIFICIOCHILLANVIEJO,1181421-OBRAEDIFICIOCHILLANVIEJO
1295488.0,LATEX CIELOLAT MARFIL 1T      ,BAJO NIVEL CRITICOY SIN ENTREGA LOS ÚLTIMOS 90 DÍAS,0.0,5.0,5.0,45.33,47.67,47.67,12 MESES,OBRAEDIFICIOCHILLANVIEJO,1295488-OBRAEDIFICIOCHILLANVIEJO
41020236.0,LATEX KEM PRO BLANCO 1 TINETA,BAJO NIVEL CRITICO Y PARA MÁS DE DOS SEMANAS,11.0,7.0,7.0,23.91,11.0,11.0,12 MESES,OBRAEDIFICIOCHILLANVIEJO,41020236-OBRAEDIFICIOCHILLANVIEJO
41020233.0,LATEX KEM PRO MARFIL 1 TINETA,BAJO NIVEL CRITICO Y PARA MÁS DE DOS SEMANAS,19.0,7.0,7.0,45.33,20.34,20.34,12 MESES,OBRAEDIFICIOCHILLANVIEJO,41020233-OBRAEDIFICIOCHILLANVIEJO
1192260.0,LAVAMANOS VALENCIA  1 UN,BAJO NIVEL CRITICOY SIN ENTREGA LOS ÚLTIMOS 90 DÍAS,30.0,7.0,5.0,30.0,32.0,32.0,,OBRAEDIFICIOCHILLANVIEJO,1192260-OBRAEDIFICIOCHILLANVIEJO
1194281.0,LAVAPLATO EMPOTRAR INOX C/REBALSE MONOMANDO DER 800 X 435 1 UN,BAJO NIVEL CRITICOY SIN ENTREGA LOS ÚLTIMOS 90 DÍAS,10.0,7.0,1.0,10.0,1.0,1.0,,OBRAEDIFICIOCHILLANVIEJO,1194281-OBRAEDIFICIOCHILLANVIEJO
1194290.0,LAVAPLATO EMPOTRAR INOX C/REBALSE MONOMANDO IZQ 800 X 435 1 UN,BAJO NIVEL CRITICOY SIN ENTREGA LOS ÚLTIMOS 90 DÍAS,10.0,7.0,5.0,10.0,8.0,8.0,,OBRAEDIFICIOCHILLANVIEJO,1194290-OBRAEDIFICIOCHILLANVIEJO
1203213.0,LLAVE PASO PP-R CAMPANA 20 MM CRM 1 UN,BAJO NIVEL CRITICO Y PARA MÁS DE DOS SEMANAS,35.0,8.0,8.0,10.0,20.0,20.0,,OBRAEDIFICIOCHILLANVIEJO,1203213-OBRAEDIFICIOCHILLANVIEJO
1190344.0,LLAVE PASO PP-R CAMPANA 25 MM CRM 1 UN,BAJO NIVEL CRITICO Y PARA MÁS DE DOS SEMANAS,19.0,8.0,8.0,74.0,74.0,74.0,,OBRAEDIFICIOCHILLANVIEJO,1190344-OBRAEDIFICIOCHILLANVIEJO
1204540.0,LLAVE PASO PP-R CAMPANA 32 MM CRM 1 UN,BAJO NIVEL CRITICO Y PARA MÁS DE DOS SEMANAS,30.0,8.0,8.0,26.0,28.0,28.0,,OBRAEDIFICIOCHILLANVIEJO,1204540-OBRAEDIFICIOCHILLANVIEJO
1270521.0,LOSATEX (25 KG) SOQUINA 1 TINETA,BAJO NIVEL CRITICOY SIN ENTREGA LOS ÚLTIMOS 90 DÍAS,20.0,7.0,5.0,20.07,20.0,20.0,12 MESES,OBRAEDIFICIOCHILLANVIEJO,1270521-OBRAEDIFICIOCHILLANVIEJO
1251346.0,MALLA DE FIBRA DE VIDRIO 153 GRS/M2 1 X 50 WEBER MTS 1 UN,BAJO NIVEL CRITICO Y PARA MÁS DE DOS SEMANAS,11.0,8.0,8.0,11.96,10.0,0.0,,OBRAEDIFICIOCHILLANVIEJO,1251346-OBRAEDIFICIOCHILLANVIEJO
1182862.0,MARCO PUERTA MADERA 30 X 90 1 UN,BAJO NIVEL CRITICO Y PARA MÁS DE DOS SEMANAS,47.0,7.0,7.0,86.0,86.0,86.0,,OBRAEDIFICIOCHILLANVIEJO,1182862-OBRAEDIFICIOCHILLANVIEJO
1271136.0,MARCO PUERTA MADERA 40 X 90 C/RANURA BURLETE 1 UN,BAJO NIVEL CRITICOY SIN ENTREGA LOS ÚLTIMOS 90 DÍAS,7.0,5.0,5.0,21.0,21.0,21.0,,OBRAEDIFICIOCHILLANVIEJO,1271136-OBRAEDIFICIOCHILLANVIEJO
1270475.0,MARMOLINA CLAY BEIGECT-70R G.M. (25 KG) 1 TINETA,BAJO NIVEL CRITICO Y PARA MÁS DE DOS SEMANAS,16.0,7.0,7.0,38.34,20.0,20.0,24 MESES,OBRAEDIFICIOCHILLANVIEJO,1270475-OBRAEDIFICIOCHILLANVIEJO
1270467.0,MARMOLINA MOCHA BROWNCT-70R G.M. (25 KG) 1 TINETA,BAJO NIVEL CRITICO Y PARA MÁS DE DOS SEMANAS,15.0,7.0,7.0,46.5,12.0,12.0,24 MESES,OBRAEDIFICIOCHILLANVIEJO,1270467-OBRAEDIFICIOCHILLANVIEJO
1192956.0,MASTERSEAL 550 30 KG 1 JUEGO,BAJO NIVEL CRITICO Y PARA MÁS DE DOS SEMANAS,18.0,7.0,7.0,9.5,9.0,9.0,24 MESES,OBRAEDIFICIOCHILLANVIEJO,1192956-OBRAEDIFICIOCHILLANVIEJO
1182803.0,"MEDIDOR AGUA POTABLE 3/4"" 1 U N",BAJO NIVEL CRITICOY SIN ENTREGA LOS ÚLTIMOS 90 DÍAS,21.0,8.0,8.0,21.0,21.0,0.0,12 MESES,OBRAEDIFICIOCHILLANVIEJO,1182803-OBRAEDIFICIOCHILLANVIEJO
1265140.0,MOLDURA NOMASTYL 100X100 SL 1  ML,SOBRE NIVEL CRÍTICOY SIN ENTREGA LOS ÚLTIMOS 90 DÍAS,244.0,7.0,5.0,90.0,57.5,57.5,,OBRAEDIFICIOCHILLANVIEJO,1265140-OBRAEDIFICIOCHILLANVIEJO
1288093.0,MOLDURA XPS 33X32 E6 1 ML,SOBRE NIVEL CRÍTICOY SIN ENTREGA LOS ÚLTIMOS 90 DÍAS,1226.0,7.0,5.0,1435.0,1707.0,1707.0,,OBRAEDIFICIOCHILLANVIEJO,1288093-OBRAEDIFICIOCHILLANVIEJO
1264585.0,MONOMANDO LAVAPLATO ORNELLA  1 UN,BAJO NIVEL CRITICOY SIN ENTREGA LOS ÚLTIMOS 90 DÍAS,20.0,7.0,5.0,20.0,20.0,20.0,,OBRAEDIFICIOCHILLANVIEJO,1264585-OBRAEDIFICIOCHILLANVIEJO
1184121.0,MONOMANDO LAVATORIO ORNELLA  1 UN,BAJO NIVEL CRITICOY SIN ENTREGA LOS ÚLTIMOS 90 DÍAS,30.0,7.0,5.0,30.0,30.0,30.0,,OBRAEDIFICIOCHILLANVIEJO,1184121-OBRAEDIFICIOCHILLANVIEJO
1184139.0,MONOMANDO TINA-DUCHA ORNELLA  1 UN,BAJO NIVEL CRITICOY SIN ENTREGA LOS ÚLTIMOS 90 DÍAS,32.0,7.0,5.0,30.0,30.0,30.0,,OBRAEDIFICIOCHILLANVIEJO,1184139-OBRAEDIFICIOCHILLANVIEJO
1274812.0,MORTERO BASE COAT 20 KG 1 SACO,BAJO NIVEL CRITICO Y PARA MÁS DE DOS SEMANAS,44.0,8.0,8.0,2.4,2.4,2.4,12 MESES,OBRAEDIFICIOCHILLANVIEJO,1274812-OBRAEDIFICIOCHILLANVIEJO
41020232.0,MORTERO PRESEC 196 25 KG,BAJO NIVEL CRITICOY SIN ENTREGA LOS ÚLTIMOS 90 DÍAS,62.0,8.0,,,,,6 MESES,OBRAEDIFICIOCHILLANVIEJO,41020232-OBRAEDIFICIOCHILLANVIEJO
41020239.0,OLEO OPACO KEM PRO BLANCO 1 GL,,,,,,,,12 MESES,OBRAEDIFICIOCHILLANVIEJO,41020239-OBRAEDIFICIOCHILLANVIEJO
1183136.0,PAPEL FIELTRO 10/40 1 ROLLO,BAJO NIVEL CRITICO Y PARA MÁS DE DOS SEMANAS,11.0,8.0,7.0,10.8,10.8,10.8,,OBRAEDIFICIOCHILLANVIEJO,1183136-OBRAEDIFICIOCHILLANVIEJO
1299451.0,PASTA MURO (25 KG) 1 TINETA,BAJO NIVEL CRITICOY SIN ENTREGA LOS ÚLTIMOS 90 DÍAS,0.0,7.0,5.0,59.6,22.6,22.6,12 MESES,OBRAEDIFICIOCHILLANVIEJO,1299451-OBRAEDIFICIOCHILLANVIEJO
41020237.0,"PASTA MURO KEM PRO 24,1 KG 1 TINETA",BAJO NIVEL CRITICO Y PARA MÁS DE DOS SEMANAS,16.0,8.0,7.0,53.34,24.44,24.44,12 MESES,OBRAEDIFICIOCHILLANVIEJO,41020237-OBRAEDIFICIOCHILLANVIEJO
1191662.0,PEDESTAL UNIVERSAL 1 UN,BAJO NIVEL CRITICOY SIN ENTREGA LOS ÚLTIMOS 90 DÍAS,30.0,7.0,5.0,30.0,31.0,31.0,,OBRAEDIFICIOCHILLANVIEJO,1191662-OBRAEDIFICIOCHILLANVIEJO
1201470.0,PEGAMENTO ALFOMBRA PATEL 18 LTS,BAJO NIVEL CRITICOY SIN ENTREGA LOS ÚLTIMOS 90 DÍAS,7.0,5.0,5.0,16.25,16.0,16.0,12 MESES,OBRAEDIFICIOCHILLANVIEJO,1201470-OBRAEDIFICIOCHILLANVIEJO
1194169.0,"PERFIL CANAL ECO 39 X 20 X 0,5 MM X 3,00 MTS",SOBRE NIVEL CRÍTICO Y PARA MÁS DE DOS SEMANAS,289.9999351501465,8.0,7.0,128.33,128.0,128.0,,OBRAEDIFICIOCHILLANVIEJO,1194169-OBRAEDIFICIOCHILLANVIEJO
1188033.0,"PERFIL CANAL NORMAL 61 X 20 X 0,5 MM X 3 MTS 1 UN",SOBRE NIVEL CRÍTICO Y PARA MÁS DE DOS SEMANAS,363.9999694824219,8.0,7.0,328.0,351.0,328.0,,OBRAEDIFICIOCHILLANVIEJO,1188033-OBRAEDIFICIOCHILLANVIEJO
1199752.0,"PERFIL MONTANTE ECO 38 X 38 X 0,5 MM X 2,4 MTS 1 TIRA",SOBRE NIVEL CRÍTICO Y PARA MÁS DE DOS SEMANAS,363.9999847412109,8.0,7.0,280.0,280.0,280.0,,OBRAEDIFICIOCHILLANVIEJO,1199752-OBRAEDIFICIOCHILLANVIEJO
1188025.0,"PERFIL MONTANTE NORMAL 60 X 38 X 0,5 MM X 2,4 MTS 1 UN",SOBRE NIVEL CRÍTICO Y PARA MÁS DE DOS SEMANAS,1239.0,8.0,7.0,1227.0,1227.0,1227.0,,OBRAEDIFICIOCHILLANVIEJO,1188025-OBRAEDIFICIOCHILLANVIEJO
1193713.0,"PINO 2"" X 2"" X 3,20 MT IMPREGNADO",SOBRE NIVEL CRÍTICO Y PARA MÁS DE DOS SEMANAS,237.0,8.0,8.0,178.0,178.0,0.0,,OBRAEDIFICIOCHILLANVIEJO,1193713-OBRAEDIFICIOCHILLANVIEJO
1194652.0,PINTURA HOJALATANEGRO ACRIZINC  1 GAL,BAJO NIVEL CRITICOY SIN ENTREGA LOS ÚLTIMOS 90 DÍAS,0.0,5.0,5.0,6.9,1.0,1.0,60 MESES,OBRAEDIFICIOCHILLANVIEJO,1194652-OBRAEDIFICIOCHILLANVIEJO
1275217.0,PINTURA IMPERMEABILIZANTE MASTERWALL CLAY BEIGE 1 TINETA,BAJO NIVEL CRITICO Y PARA MÁS DE DOS SEMANAS,3.0,7.0,7.0,12.48,9.0,9.0,12 MESES,OBRAEDIFICIOCHILLANVIEJO,1275217-OBRAEDIFICIOCHILLANVIEJO
1275225.0,PINTURA IMPERMEABILIZANTE MASTERWALL MOCHA BROWN 1 TINETA,BAJO NIVEL CRITICO Y PARA MÁS DE DOS SEMANAS,4.0,7.0,7.0,15.0,6.0,6.0,12 MESES,OBRAEDIFICIOCHILLANVIEJO,1275225-OBRAEDIFICIOCHILLANVIEJO
1269909.0,ADHESIVO CERAMICO EN PASTA AC  25 KG 1 TIN,BAJO NIVEL CRITICOY SIN ENTREGA LOS ÚLTIMOS 90 DÍAS,0.75,3.0,3.0,22.46,31.96,31.96,9 MESES ,OBRAEDIFICIOCUMBRESRETIRO,1269909-OBRAEDIFICIOCUMBRESRETIRO
1177641.0,ADHESIVO CERAMICO POLVO ULTRA 25 KG 1 SACO,BAJO NIVEL CRITICO Y PARA MENOS DE DOS SEMANAS,-41.0,3.0,3.0,103.42,203.42,203.42,6 MESES,OBRAEDIFICIOCUMBRESRETIRO,1177641-OBRAEDIFICIOCUMBRESRETIRO
1196455.0,ADHESIVO SILICONABLANCO SANISIL 280 ML 1 UN,BAJO NIVEL CRITICO Y PARA MÁS DE DOS SEMANAS,3.0,3.0,3.0,42.0,66.0,64.0,24 MESES,OBRAEDIFICIOCUMBRESRETIRO,1196455-OBRAEDIFICIOCUMBRESRETIRO
1177650.0,ADHESIVOBLANCO SIKACRYL+ PINTABLE 300 ML 1 UN,BAJO NIVEL CRITICO Y PARA MENOS DE DOS SEMANAS,-81.52999999999997,3.0,3.0,129.51,137.47,137.47,24 MESES,OBRAEDIFICIOCUMBRESRETIRO,1177650-OBRAEDIFICIOCUMBRESRETIRO
1257570.0,ALFOMBRABEIGE STONE 600 GRS 1 M2,BAJO NIVEL CRITICOY SIN ENTREGA LOS ÚLTIMOS 90 DÍAS,177.0699877929687,3.0,3.0,722.88,801.5999999999999,801.6,,OBRAEDIFICIOCUMBRESRETIRO,1257570-OBRAEDIFICIOCUMBRESRETIRO
1192155.0,"BISAGRA 3 1/2"" X 3 1/2"" CROMO SATIN 1 UN",BAJO NIVEL CRITICOY SIN ENTREGA LOS ÚLTIMOS 90 DÍAS,0.0,3.0,3.0,48.0,48.0,48.0,,OBRAEDIFICIOCUMBRESRETIRO,1192155-OBRAEDIFICIOCUMBRESRETIRO
1192147.0,"BISAGRA 3"" X 3"" CROMO SATIN 1 UN",SOBRE NIVEL CRÍTICO Y PARA MÁS DE DOS SEMANAS,8.0,3.0,3.0,204.0,221.0,221.0,,OBRAEDIFICIOCUMBRESRETIRO,1192147-OBRAEDIFICIOCUMBRESRETIRO
1178193.0,"BROCHA 2"" 1 UN",BAJO NIVEL CRITICOY SIN ENTREGA LOS ÚLTIMOS 90 DÍAS,-13.0,3.0,3.0,41.24,40.0,40.0,,OBRAEDIFICIOCUMBRESRETIRO,1178193-OBRAEDIFICIOCUMBRESRETIRO
1179508.0,"BROCHA 4"" 1 UN",BAJO NIVEL CRITICO Y PARA MENOS DE DOS SEMANAS,-14.0,3.0,3.0,48.0,48.0,48.0,,OBRAEDIFICIOCUMBRESRETIRO,1179508-OBRAEDIFICIOCUMBRESRETIRO
1274572.0,BURLETE BAJO PUERTA 1 UN,BAJO NIVEL CRITICOY SIN ENTREGA LOS ÚLTIMOS 90 DÍAS,6.0,3.0,3.0,16.0,16.0,16.0,,OBRAEDIFICIOCUMBRESRETIRO,1274572-OBRAEDIFICIOCUMBRESRETIRO
1274564.0,BURLETE MARCO PUERTA 1 MT,SOBRE NIVEL CRÍTICO Y PARA MÁS DE DOS SEMANAS,42.0,3.0,3.0,80.0,80.0,80.0,,OBRAEDIFICIOCUMBRESRETIRO,1274564-OBRAEDIFICIOCUMBRESRETIRO
1244103.0,CALEFON TIRO FORZADO G.N. 10 LTS C/KIT C/FLEX 1 UN,BAJO NIVEL CRITICOY SIN ENTREGA LOS ÚLTIMOS 90 DÍAS,1.0,3.0,3.0,16.0,16.0,16.0,,OBRAEDIFICIOCUMBRESRETIRO,1244103-OBRAEDIFICIOCUMBRESRETIRO
1189722.0,CELOSIA 20 X 20 BLANCA 1 UN,BAJO NIVEL CRITICO Y PARA MENOS DE DOS SEMANAS,0.0,3.0,3.0,120.0,120.0,120.0,,OBRAEDIFICIOCUMBRESRETIRO,1189722-OBRAEDIFICIOCUMBRESRETIRO
1178257.0,CELOSIA 30 X 30 BLANCA 1 UN,BAJO NIVEL CRITICOY SIN ENTREGA LOS ÚLTIMOS 90 DÍAS,-30.0,3.0,3.0,30.0,33.0,33.0,,OBRAEDIFICIOCUMBRESRETIRO,1178257-OBRAEDIFICIOCUMBRESRETIRO
1269790.0,CEMENTO AR SIDERURGICO BIO BIO 1 KG,BAJO NIVEL CRITICOY SIN ENTREGA LOS ÚLTIMOS 90 DÍAS,-305.0,3.0,3.0,379.52,379.52,379.52,2 MESES,OBRAEDIFICIOCUMBRESRETIRO,1269790-OBRAEDIFICIOCUMBRESRETIRO
1295322.0,"CERAMICA CUOMO BLANCO 45,3 X 4",SOBRE NIVEL CRÍTICO Y PARA MÁS DE DOS SEMANAS,52.9299890136719,3.0,3.0,309.68,338.68,338.68,,OBRAEDIFICIOCUMBRESRETIRO,1295322-OBRAEDIFICIOCUMBRESRETIRO
1295381.0,CERAMICA NEW BLANCA BRILL 20 X,SOBRE NIVEL CRÍTICOY SIN ENTREGA LOS ÚLTIMOS 90 DÍAS,53.55999816894531,3.0,3.0,146.4,120.0,120.0,,OBRAEDIFICIOCUMBRESRETIRO,1295381-OBRAEDIFICIOCUMBRESRETIRO
1193027.0,CERRADURA CILIN INOX ACCESO LL AVE 1 UN,BAJO NIVEL CRITICOY SIN ENTREGA LOS ÚLTIMOS 90 DÍAS,2.0,3.0,3.0,17.0,17.0,17.0,,OBRAEDIFICIOCUMBRESRETIRO,1193027-OBRAEDIFICIOCUMBRESRETIRO
1193060.0,CERRADURA CILINDRICA INOX YALE BANO 134640  1 UN,BAJO NIVEL CRITICOY SIN ENTREGA LOS ÚLTIMOS 90 DÍAS,1.0,3.0,3.0,24.0,24.0,24.0,,OBRAEDIFICIOCUMBRESRETIRO,1193060-OBRAEDIFICIOCUMBRESRETIRO
1248251.0,CERRADURA CILINDRICA INOX YALE OFICINA-DORMITORIO 134630  1 UN,BAJO NIVEL CRITICOY SIN ENTREGA LOS ÚLTIMOS 90 DÍAS,-1.0,3.0,3.0,16.0,16.0,16.0,,OBRAEDIFICIOCUMBRESRETIRO,1248251-OBRAEDIFICIOCUMBRESRETIRO
1193086.0,CERRADURA CILINDRICA INOX YALE S/PASO  1 UN,BAJO NIVEL CRITICOY SIN ENTREGA LOS ÚLTIMOS 90 DÍAS,-7.0,3.0,3.0,24.0,24.0,24.0,,OBRAEDIFICIOCUMBRESRETIRO,1193086-OBRAEDIFICIOCUMBRESRETIRO
1252664.0,CERROJO INOX LLAVE-LLAVE 134670  1 UN,BAJO NIVEL CRITICOY SIN ENTREGA LOS ÚLTIMOS 90 DÍAS,0.0,3.0,3.0,16.0,16.0,16.0,,OBRAEDIFICIOCUMBRESRETIRO,1252664-OBRAEDIFICIOCUMBRESRETIRO
1183013.0,CINTA AUTOADHESIVA P/JUNTURA 45 MTS 1 ROLLO,BAJO NIVEL CRITICOY SIN ENTREGA LOS ÚLTIMOS 90 DÍAS,-2.0,3.0,3.0,41.4,60.0,60.0,,OBRAEDIFICIOCUMBRESRETIRO,1183013-OBRAEDIFICIOCUMBRESRETIRO
1252390.0,"CODO PP-R DOBLE FIJACION TINA HI 20 X 1/2"" 1 UN",BAJO NIVEL CRITICOY SIN ENTREGA LOS ÚLTIMOS 90 DÍAS,0.0,3.0,3.0,24.0,24.0,18.0,,OBRAEDIFICIOCUMBRESRETIRO,1252390-OBRAEDIFICIOCUMBRESRETIRO
1247072.0,CODO PP-R 20 MM 1 UN,BAJO NIVEL CRITICOY SIN ENTREGA LOS ÚLTIMOS 90 DÍAS,0.0,3.0,3.0,160.0,160.0,160.0,,OBRAEDIFICIOCUMBRESRETIRO,1247072-OBRAEDIFICIOCUMBRESRETIRO
1196076.0,"CODO PP-R 20 X 1/2"" HI 1 UN",BAJO NIVEL CRITICOY SIN ENTREGA LOS ÚLTIMOS 90 DÍAS,0.0,3.0,3.0,152.0,152.0,152.0,,OBRAEDIFICIOCUMBRESRETIRO,1196076-OBRAEDIFICIOCUMBRESRETIRO
1247081.0,CODO PP-R 25 MM 1 UN,BAJO NIVEL CRITICO Y PARA MENOS DE DOS SEMANAS,0.0,3.0,3.0,110.0,110.0,110.0,,OBRAEDIFICIOCUMBRESRETIRO,1247081-OBRAEDIFICIOCUMBRESRETIRO
1190230.0,CODO PP-R 32 MM 1 UN,BAJO NIVEL CRITICOY SIN ENTREGA LOS ÚLTIMOS 90 DÍAS,0.0,3.0,3.0,140.0,140.0,140.0,,OBRAEDIFICIOCUMBRESRETIRO,1190230-OBRAEDIFICIOCUMBRESRETIRO
1252533.0,COPLA PP-R 25 MM 1 UN,BAJO NIVEL CRITICOY SIN ENTREGA LOS ÚLTIMOS 90 DÍAS,0.0,3.0,3.0,16.0,16.0,16.0,,OBRAEDIFICIOCUMBRESRETIRO,1252533-OBRAEDIFICIOCUMBRESRETIRO
1199592.0,COPLA PP-R 32 MM 1 UN,BAJO NIVEL CRITICOY SIN ENTREGA LOS ÚLTIMOS 90 DÍAS,0.0,3.0,3.0,16.0,16.0,16.0,,OBRAEDIFICIOCUMBRESRETIRO,1199592-OBRAEDIFICIOCUMBRESRETIRO
1190272.0,COPLA REDUC. PP-R 32 X 25 1 UN,BAJO NIVEL CRITICOY SIN ENTREGA LOS ÚLTIMOS 90 DÍAS,0.0,3.0,3.0,1.0,1.0,1.0,,OBRAEDIFICIOCUMBRESRETIRO,1190272-OBRAEDIFICIOCUMBRESRETIRO
1256198.0,"DESAGUE LAVATORIO 1 1/4"" C/REB /REJ 1 UN",BAJO NIVEL CRITICO Y PARA MENOS DE DOS SEMANAS,-1.0,3.0,3.0,24.0,24.0,24.0,,OBRAEDIFICIOCUMBRESRETIRO,1256198-OBRAEDIFICIOCUMBRESRETIRO
1177879.0,DESAGUE TINA/REBALSE/SIFON 1 UN,BAJO NIVEL CRITICO Y PARA MENOS DE DOS SEMANAS,-1.0,3.0,3.0,24.0,24.0,24.0,,OBRAEDIFICIOCUMBRESRETIRO,1177879-OBRAEDIFICIOCUMBRESRETIRO
41020431.0,ESMALTE AL AGUA KEM PRO BLANCO 1 TINETA,,,,,,,,12 MESES,OBRAEDIFICIOCUMBRESRETIRO,41020431-OBRAEDIFICIOCUMBRESRETIRO
41020238.0,ESMALTE AL AGUA KEM PRO MARFIL 1 TINETA,,,,,,,,12 MESES,OBRAEDIFICIOCUMBRESRETIRO,41020238-OBRAEDIFICIOCUMBRESRETIRO
1187161.0,"ESQUINEROS METALICO 30 X 30 X 2,40 MTS 1 UN",SOBRE NIVEL CRÍTICOY SIN ENTREGA LOS ÚLTIMOS 90 DÍAS,43.0,3.0,3.0,279.0,279.0,272.0,,OBRAEDIFICIOCUMBRESRETIRO,1187161-OBRAEDIFICIOCUMBRESRETIRO
1290581.0,ESTANQUE LUGANO 1 UN,BAJO NIVEL CRITICOY SIN ENTREGA LOS ÚLTIMOS 90 DÍAS,0.0,3.0,3.0,24.0,24.0,24.0,,OBRAEDIFICIOCUMBRESRETIRO,1290581-OBRAEDIFICIOCUMBRESRETIRO
1291188.0,EXTRACTOR RETON 100 BTH HIGRO 1 UN,BAJO NIVEL CRITICOY SIN ENTREGA LOS ÚLTIMOS 90 DÍAS,0.0,3.0,3.0,40.0,42.0,42.0,,OBRAEDIFICIOCUMBRESRETIRO,1291188-OBRAEDIFICIOCUMBRESRETIRO
1208621.0,FRAGUE CERAMICOALMOND  1 KG 1 UN,SOBRE NIVEL CRÍTICO Y PARA MÁS DE DOS SEMANAS,125.0,3.0,3.0,92.36,92.36,92.35999999999999,12 MESES,OBRAEDIFICIOCUMBRESRETIRO,1208621-OBRAEDIFICIOCUMBRESRETIRO
1179524.0,FRAGUE CERAMICOBLANCO  1 KG 1 UN,BAJO NIVEL CRITICOY SIN ENTREGA LOS ÚLTIMOS 90 DÍAS,26.0,3.0,3.0,56.16,56.16,56.16,12 MESES,OBRAEDIFICIOCUMBRESRETIRO,1179524-OBRAEDIFICIOCUMBRESRETIRO
1188877.0,GUARDAPOLVO CHAFLAN C/CANTERIA 13 X 65 MM X 3 ML 1 UN,BAJO NIVEL CRITICOY SIN ENTREGA LOS ÚLTIMOS 90 DÍAS,0.0,3.0,3.0,272.0,292.0,292.0,,OBRAEDIFICIOCUMBRESRETIRO,1188877-OBRAEDIFICIOCUMBRESRETIRO
1182889.0,LANA DE VIDRIO 100 MM VOLCAN 1 M2,BAJO NIVEL CRITICO Y PARA MENOS DE DOS SEMANAS,0.0,3.0,3.0,41.6,45.0,45.0,,OBRAEDIFICIOCUMBRESRETIRO,1182889-OBRAEDIFICIOCUMBRESRETIRO
1194492.0,LANA DE VIDRIO 140 MM VOLCAN 1 M2,SOBRE NIVEL CRÍTICOY SIN ENTREGA LOS ÚLTIMOS 90 DÍAS,234.0,3.0,3.0,234.0,234.0,234.0,,OBRAEDIFICIOCUMBRESRETIRO,1194492-OBRAEDIFICIOCUMBRESRETIRO
1181421.0,LANA DE VIDRIO 50 MM VOLCAN 1 M2,BAJO NIVEL CRITICOY SIN ENTREGA LOS ÚLTIMOS 90 DÍAS,12.2299984741211,3.0,2.0,9.57,12.0,12.0,,OBRAEDIFICIOCUMBRESRETIRO,1181421-OBRAEDIFICIOCUMBRESRETIRO
1295488.0,LATEX CIELOLAT MARFIL 1T      ,BAJO NIVEL CRITICO Y PARA MENOS DE DOS SEMANAS,0.0,3.0,3.0,36.27,39.27,39.27,12 MESES,OBRAEDIFICIOCUMBRESRETIRO,1295488-OBRAEDIFICIOCUMBRESRETIRO
41020236.0,LATEX KEM PRO BLANCO 1 TINETA,BAJO NIVEL CRITICO Y PARA MENOS DE DOS SEMANAS,-6.0,3.0,3.0,20.68,8.0,8.0,12 MESES,OBRAEDIFICIOCUMBRESRETIRO,41020236-OBRAEDIFICIOCUMBRESRETIRO
41020233.0,LATEX KEM PRO MARFIL 1 TINETA,BAJO NIVEL CRITICOY SIN ENTREGA LOS ÚLTIMOS 90 DÍAS,-3.0,,,,,,12 MESES,OBRAEDIFICIOCUMBRESRETIRO,41020233-OBRAEDIFICIOCUMBRESRETIRO
1192260.0,LAVAMANOS VALENCIA  1 UN,BAJO NIVEL CRITICOY SIN ENTREGA LOS ÚLTIMOS 90 DÍAS,0.0,3.0,3.0,24.0,24.0,24.0,,OBRAEDIFICIOCUMBRESRETIRO,1192260-OBRAEDIFICIOCUMBRESRETIRO
1194281.0,LAVAPLATO EMPOTRAR INOX C/REBALSE MONOMANDO DER 800 X 435 1 UN,BAJO NIVEL CRITICOY SIN ENTREGA LOS ÚLTIMOS 90 DÍAS,0.0,3.0,3.0,8.0,8.0,8.0,,OBRAEDIFICIOCUMBRESRETIRO,1194281-OBRAEDIFICIOCUMBRESRETIRO
1194290.0,LAVAPLATO EMPOTRAR INOX C/REBALSE MONOMANDO IZQ 800 X 435 1 UN,BAJO NIVEL CRITICOY SIN ENTREGA LOS ÚLTIMOS 90 DÍAS,0.0,3.0,3.0,8.0,8.0,8.0,,OBRAEDIFICIOCUMBRESRETIRO,1194290-OBRAEDIFICIOCUMBRESRETIRO
1203213.0,LLAVE PASO PP-R CAMPANA 20 MM CRM 1 UN,BAJO NIVEL CRITICOY SIN ENTREGA LOS ÚLTIMOS 90 DÍAS,0.0,3.0,3.0,8.0,16.0,16.0,,OBRAEDIFICIOCUMBRESRETIRO,1203213-OBRAEDIFICIOCUMBRESRETIRO
1190344.0,LLAVE PASO PP-R CAMPANA 25 MM CRM 1 UN,BAJO NIVEL CRITICOY SIN ENTREGA LOS ÚLTIMOS 90 DÍAS,0.0,3.0,3.0,64.0,64.0,64.0,,OBRAEDIFICIOCUMBRESRETIRO,1190344-OBRAEDIFICIOCUMBRESRETIRO
1204540.0,LLAVE PASO PP-R CAMPANA 32 MM CRM 1 UN,BAJO NIVEL CRITICOY SIN ENTREGA LOS ÚLTIMOS 90 DÍAS,0.0,3.0,3.0,8.0,16.0,16.0,,OBRAEDIFICIOCUMBRESRETIRO,1204540-OBRAEDIFICIOCUMBRESRETIRO
1270521.0,LOSATEX (25 KG) SOQUINA 1 TINETA,BAJO NIVEL CRITICOY SIN ENTREGA LOS ÚLTIMOS 90 DÍAS,11.07,3.0,3.0,16.05,16.0,0.0,12 MESES,OBRAEDIFICIOCUMBRESRETIRO,1270521-OBRAEDIFICIOCUMBRESRETIRO
1251346.0,MALLA DE FIBRA DE VIDRIO 153 GRS/M2 1 X 50 WEBER MTS 1 UN,BAJO NIVEL CRITICOY SIN ENTREGA LOS ÚLTIMOS 90 DÍAS,0.0,3.0,3.0,9.67,12.0,12.0,,OBRAEDIFICIOCUMBRESRETIRO,1251346-OBRAEDIFICIOCUMBRESRETIRO
1182862.0,MARCO PUERTA MADERA 30 X 90 1 UN,BAJO NIVEL CRITICOY SIN ENTREGA LOS ÚLTIMOS 90 DÍAS,8.0,3.0,3.0,68.0,68.0,68.0,,OBRAEDIFICIOCUMBRESRETIRO,1182862-OBRAEDIFICIOCUMBRESRETIRO
1271136.0,MARCO PUERTA MADERA 40 X 90 C/RANURA BURLETE 1 UN,BAJO NIVEL CRITICOY SIN ENTREGA LOS ÚLTIMOS 90 DÍAS,2.0,3.0,3.0,16.0,16.0,16.0,,OBRAEDIFICIOCUMBRESRETIRO,1271136-OBRAEDIFICIOCUMBRESRETIRO
1270475.0,MARMOLINA CLAY BEIGECT-70R G.M. (25 KG) 1 TINETA,BAJO NIVEL CRITICOY SIN ENTREGA LOS ÚLTIMOS 90 DÍAS,0.0,1.0,1.0,37.41,22.0,22.0,24 MESES,OBRAEDIFICIOCUMBRESRETIRO,1270475-OBRAEDIFICIOCUMBRESRETIRO
41020176.0,MARMOLINA GRIS LOBO CT-70R G.M. (25 KG) 1 TINETA,BAJO NIVEL CRITICOY SIN ENTREGA LOS ÚLTIMOS 90 DÍAS,1.0,3.0,3.0,48.91,7.79,7.79,24 MESES,OBRAEDIFICIOCUMBRESRETIRO,41020176-OBRAEDIFICIOCUMBRESRETIRO
41020177.0,MARMOLINA GRIS VISION CT-70R G.M. (25 KG) 1 TINETA,BAJO NIVEL CRITICOY SIN ENTREGA LOS ÚLTIMOS 90 DÍAS,0.0,3.0,3.0,45.12,44.71,44.71,24 MESES,OBRAEDIFICIOCUMBRESRETIRO,41020177-OBRAEDIFICIOCUMBRESRETIRO
1192956.0,MASTERSEAL 550 30 KG 1 JUEGO,BAJO NIVEL CRITICO Y PARA MÁS DE DOS SEMANAS,2.0,3.0,3.0,3.35,3.35,3.35,24 MESES,OBRAEDIFICIOCUMBRESRETIRO,1192956-OBRAEDIFICIOCUMBRESRETIRO
1294952.0,MASTERWALL GRIS LOBO (K158),BAJO NIVEL CRITICOY SIN ENTREGA LOS ÚLTIMOS 90 DÍAS,1.0,3.0,3.0,10.02,7.0,7.0,12 MESES,OBRAEDIFICIOCUMBRESRETIRO,1294952-OBRAEDIFICIOCUMBRESRETIRO
1294944.0,MASTERWALL GRIS VISION (S161),BAJO NIVEL CRITICOY SIN ENTREGA LOS ÚLTIMOS 90 DÍAS,0.0,3.0,3.0,12.02,14.0,14.0,12 MESES,OBRAEDIFICIOCUMBRESRETIRO,1294944-OBRAEDIFICIOCUMBRESRETIRO
1182803.0,"MEDIDOR AGUA POTABLE 3/4"" 1 U N",BAJO NIVEL CRITICOY SIN ENTREGA LOS ÚLTIMOS 90 DÍAS,19.0,3.0,2.0,16.0,16.0,16.0,12 MESES,OBRAEDIFICIOCUMBRESRETIRO,1182803-OBRAEDIFICIOCUMBRESRETIRO
1265140.0,MOLDURA NOMASTYL 100X100 SL 1  ML,SOBRE NIVEL CRÍTICO Y PARA MÁS DE DOS SEMANAS,76.0,3.0,3.0,70.0,70.0,70.0,,OBRAEDIFICIOCUMBRESRETIRO,1265140-OBRAEDIFICIOCUMBRESRETIRO
1288093.0,MOLDURA XPS 33X32 E6 1 ML,BAJO NIVEL CRITICO Y PARA MENOS DE DOS SEMANAS,-137.0,3.0,3.0,1148.0,1148.0,1148.0,,OBRAEDIFICIOCUMBRESRETIRO,1288093-OBRAEDIFICIOCUMBRESRETIRO
1264585.0,MONOMANDO LAVAPLATO ORNELLA  1 UN,BAJO NIVEL CRITICO Y PARA MÁS DE DOS SEMANAS,1.0,3.0,3.0,16.0,16.0,16.0,,OBRAEDIFICIOCUMBRESRETIRO,1264585-OBRAEDIFICIOCUMBRESRETIRO
1184121.0,MONOMANDO LAVATORIO ORNELLA  1 UN,BAJO NIVEL CRITICOY SIN ENTREGA LOS ÚLTIMOS 90 DÍAS,0.0,3.0,3.0,24.0,24.0,24.0,,OBRAEDIFICIOCUMBRESRETIRO,1184121-OBRAEDIFICIOCUMBRESRETIRO
1184139.0,MONOMANDO TINA-DUCHA ORNELLA  1 UN,BAJO NIVEL CRITICO Y PARA MENOS DE DOS SEMANAS,-1.0,3.0,3.0,24.0,24.0,24.0,,OBRAEDIFICIOCUMBRESRETIRO,1184139-OBRAEDIFICIOCUMBRESRETIRO
1274812.0,MORTERO BASE COAT 20 KG 1 SACO,BAJO NIVEL CRITICOY SIN ENTREGA LOS ÚLTIMOS 90 DÍAS,0.0,3.0,3.0,137.7,188.77,188.77,12 MESES,OBRAEDIFICIOCUMBRESRETIRO,1274812-OBRAEDIFICIOCUMBRESRETIRO
41020232.0,MORTERO PRESEC 196 25 KG,BAJO NIVEL CRITICOY SIN ENTREGA LOS ÚLTIMOS 90 DÍAS,-1.220703126136868e-06,3.0,3.0,255.82,383.78,373.78,6 MESES,OBRAEDIFICIOCUMBRESRETIRO,41020232-OBRAEDIFICIOCUMBRESRETIRO
41020239.0,OLEO OPACO KEM PRO BLANCO 1 GL,BAJO NIVEL CRITICOY SIN ENTREGA LOS ÚLTIMOS 90 DÍAS,0.0,,,,,,12 MESES,OBRAEDIFICIOCUMBRESRETIRO,41020239-OBRAEDIFICIOCUMBRESRETIRO
1183136.0,PAPEL FIELTRO 10/40 1 ROLLO,BAJO NIVEL CRITICOY SIN ENTREGA LOS ÚLTIMOS 90 DÍAS,12.47000000596046,3.0,3.0,10.8,10.8,10.8,,OBRAEDIFICIOCUMBRESRETIRO,1183136-OBRAEDIFICIOCUMBRESRETIRO
41020237.0,"PASTA MURO KEM PRO 24,1 KG 1 TINETA",BAJO NIVEL CRITICOY SIN ENTREGA LOS ÚLTIMOS 90 DÍAS,-0.9100000000000001,3.0,3.0,4.06,1.5,1.5,12 MESES,OBRAEDIFICIOCUMBRESRETIRO,41020237-OBRAEDIFICIOCUMBRESRETIRO
1191662.0,PEDESTAL UNIVERSAL 1 UN,BAJO NIVEL CRITICOY SIN ENTREGA LOS ÚLTIMOS 90 DÍAS,0.0,3.0,3.0,24.0,24.0,24.0,,OBRAEDIFICIOCUMBRESRETIRO,1191662-OBRAEDIFICIOCUMBRESRETIRO
1201470.0,PEGAMENTO ALFOMBRA PATEL 18 LTS,BAJO NIVEL CRITICOY SIN ENTREGA LOS ÚLTIMOS 90 DÍAS,11.0,3.0,3.0,13.0,5.0,5.0,12 MESES,OBRAEDIFICIOCUMBRESRETIRO,1201470-OBRAEDIFICIOCUMBRESRETIRO
1194169.0,"PERFIL CANAL ECO 39 X 20 X 0,5 MM X 3,00 MTS",BAJO NIVEL CRITICOY SIN ENTREGA LOS ÚLTIMOS 90 DÍAS,10.0,3.0,3.0,107.67,117.0,117.0,,OBRAEDIFICIOCUMBRESRETIRO,1194169-OBRAEDIFICIOCUMBRESRETIRO
1188033.0,"PERFIL CANAL NORMAL 61 X 20 X 0,5 MM X 3 MTS 1 UN",SOBRE NIVEL CRÍTICO Y PARA MÁS DE DOS SEMANAS,434.0,3.0,3.0,251.0,251.0,251.0,,OBRAEDIFICIOCUMBRESRETIRO,1188033-OBRAEDIFICIOCUMBRESRETIRO
1199752.0,"PERFIL MONTANTE ECO 38 X 38 X 0,5 MM X 2,4 MTS 1 TIRA",BAJO NIVEL CRITICOY SIN ENTREGA LOS ÚLTIMOS 90 DÍAS,0.0,3.0,3.0,229.0,233.0,233.0,,OBRAEDIFICIOCUMBRESRETIRO,1199752-OBRAEDIFICIOCUMBRESRETIRO
1188025.0,"PERFIL MONTANTE NORMAL 60 X 38 X 0,5 MM X 2,4 MTS 1 UN",SOBRE NIVEL CRÍTICO Y PARA MÁS DE DOS SEMANAS,848.0,3.0,3.0,885.0,885.0,885.0,,OBRAEDIFICIOCUMBRESRETIRO,1188025-OBRAEDIFICIOCUMBRESRETIRO
1273393.0,PILASTRA PINO 13X45 MM X 3ML,BAJO NIVEL CRITICOY SIN ENTREGA LOS ÚLTIMOS 90 DÍAS,-7.0,3.0,3.0,96.0,96.0,96.0,,OBRAEDIFICIOCUMBRESRETIRO,1273393-OBRAEDIFICIOCUMBRESRETIRO
1269909.0,ADHESIVO CERAMICO EN PASTA AC  25 KG 1 TIN,SOBRE NIVEL CRÍTICO Y PARA MÁS DE DOS SEMANAS,62.08999904632569,8.0,8.0,28.08,28.0,28.0,9 MESES ,OBRAEDIFICIOCURICO,1269909-OBRAEDIFICIOCURICO
1177641.0,ADHESIVO CERAMICO POLVO ULTRA 25 KG 1 SACO,SOBRE NIVEL CRÍTICO Y PARA MÁS DE DOS SEMANAS,63.0,8.0,8.0,129.08,168.0,168.0,6 MESES,OBRAEDIFICIOCURICO,1177641-OBRAEDIFICIOCURICO
1196455.0,ADHESIVO SILICONABLANCO SANISIL 280 ML 1 UN,SOBRE NIVEL CRÍTICO Y PARA MÁS DE DOS SEMANAS,50.0,6.0,6.0,55.0,54.0,54.0,24 MESES,OBRAEDIFICIOCURICO,1196455-OBRAEDIFICIOCURICO
1177650.0,ADHESIVOBLANCO SIKACRYL+ PINTABLE 300 ML 1 UN,BAJO NIVEL CRITICO Y PARA MENOS DE DOS SEMANAS,0.0,7.0,6.0,161.89,161.89,161.89,24 MESES,OBRAEDIFICIOCURICO,1177650-OBRAEDIFICIOCURICO
1257570.0,ALFOMBRABEIGE STONE 600 GRS 1 M2,SOBRE NIVEL CRÍTICO Y PARA MÁS DE DOS SEMANAS,424.7500244140625,7.0,6.0,903.6,998.0,998.0,,OBRAEDIFICIOCURICO,1257570-OBRAEDIFICIOCURICO
1192155.0,"BISAGRA 3 1/2"" X 3 1/2"" CROMO SATIN 1 UN",SOBRE NIVEL CRÍTICO Y PARA MÁS DE DOS SEMANAS,55.99999923706054,8.0,7.0,60.0,60.0,60.0,,OBRAEDIFICIOCURICO,1192155-OBRAEDIFICIOCURICO
1192147.0,"BISAGRA 3"" X 3"" CROMO SATIN 1 UN",SOBRE NIVEL CRÍTICO Y PARA MÁS DE DOS SEMANAS,318.0,8.0,8.0,285.0,285.0,285.0,,OBRAEDIFICIOCURICO,1192147-OBRAEDIFICIOCURICO
1178193.0,"BROCHA 2"" 1 UN",SOBRE NIVEL CRÍTICO Y PARA MÁS DE DOS SEMANAS,24.0,6.0,6.0,82.0,82.0,82.0,,OBRAEDIFICIOCURICO,1178193-OBRAEDIFICIOCURICO
1179508.0,"BROCHA 4"" 1 UN",BAJO NIVEL CRITICO Y PARA MENOS DE DOS SEMANAS,-1.9073486328125e-06,6.0,6.0,40.0,40.0,40.0,,OBRAEDIFICIOCURICO,1179508-OBRAEDIFICIOCURICO
1274572.0,BURLETE BAJO PUERTA 1 UN,SOBRE NIVEL CRÍTICO Y PARA MÁS DE DOS SEMANAS,34.0,7.0,7.0,21.0,21.0,21.0,,OBRAEDIFICIOCURICO,1274572-OBRAEDIFICIOCURICO
1274564.0,BURLETE MARCO PUERTA 1 MT,SOBRE NIVEL CRÍTICO Y PARA MÁS DE DOS SEMANAS,131.0,7.0,7.0,100.0,100.0,100.0,,OBRAEDIFICIOCURICO,1274564-OBRAEDIFICIOCURICO
41020191.0,CALEFON TIRO FORZADO G.L. 10 LTS C/KIT C/FLEX 1 UN,SOBRE NIVEL CRÍTICOY SIN ENTREGA LOS ÚLTIMOS 90 DÍAS,20.0,7.0,6.0,20.0,20.0,20.0,,OBRAEDIFICIOCURICO,41020191-OBRAEDIFICIOCURICO
1189722.0,CELOSIA 20 X 20 BLANCA 1 UN,CERCA DE NIVEL CRITICO Y PARA MENOS DE DOS SEMANAS,12.0,7.0,7.0,150.0,150.0,150.0,,OBRAEDIFICIOCURICO,1189722-OBRAEDIFICIOCURICO
1178257.0,CELOSIA 30 X 30 BLANCA 1 UN,SOBRE NIVEL CRÍTICO Y PARA MÁS DE DOS SEMANAS,15.0,8.0,7.0,8.0,8.0,8.0,,OBRAEDIFICIOCURICO,1178257-OBRAEDIFICIOCURICO
1269802.0,CEMENTO AR PUZOLANICO BIO BIO 1 KG,SOBRE NIVEL CRÍTICO Y PARA MÁS DE DOS SEMANAS,500.0,8.0,7.0,436.9,436.9,436.9,2 MESES,OBRAEDIFICIOCURICO,1269802-OBRAEDIFICIOCURICO
1295322.0,"CERAMICA CUOMO BLANCO 45,3 X 4",SOBRE NIVEL CRÍTICO Y PARA MÁS DE DOS SEMANAS,610.1099877929687,8.0,8.0,388.2,388.52,388.52,,OBRAEDIFICIOCURICO,1295322-OBRAEDIFICIOCURICO
1295381.0,CERAMICA NEW BLANCA BRILL 20 X,SOBRE NIVEL CRÍTICO Y PARA MÁS DE DOS SEMANAS,318.2599938964844,8.0,8.0,183.0,183.0,183.0,,OBRAEDIFICIOCURICO,1295381-OBRAEDIFICIOCURICO
1193027.0,CERRADURA CILIN INOX ACCESO LL AVE 1 UN,BAJO NIVEL CRITICO Y PARA MÁS DE DOS SEMANAS,13.0,8.0,8.0,26.0,26.0,0.0,,OBRAEDIFICIOCURICO,1193027-OBRAEDIFICIOCURICO
1193060.0,CERRADURA CILINDRICA INOX YALE BANO 134640  1 UN,SOBRE NIVEL CRÍTICO Y PARA MÁS DE DOS SEMANAS,27.0,8.0,8.0,30.0,30.0,0.0,,OBRAEDIFICIOCURICO,1193060-OBRAEDIFICIOCURICO
1248251.0,CERRADURA CILINDRICA INOX YALE OFICINA-DORMITORIO 134630  1 UN,BAJO NIVEL CRITICO Y PARA MÁS DE DOS SEMANAS,17.0,8.0,8.0,20.0,20.0,0.0,,OBRAEDIFICIOCURICO,1248251-OBRAEDIFICIOCURICO
1193086.0,CERRADURA CILINDRICA INOX YALE S/PASO  1 UN,BAJO NIVEL CRITICO Y PARA MÁS DE DOS SEMANAS,17.0,8.0,8.0,30.0,30.0,0.0,,OBRAEDIFICIOCURICO,1193086-OBRAEDIFICIOCURICO
1252664.0,CERROJO INOX LLAVE-LLAVE 134670  1 UN,CERCA DE NIVEL CRITICO Y PARA MÁS DE DOS SEMANAS,21.0,8.0,8.0,20.0,20.0,0.0,,OBRAEDIFICIOCURICO,1252664-OBRAEDIFICIOCURICO
1183013.0,CINTA AUTOADHESIVA P/JUNTURA 45 MTS 1 ROLLO,CERCA DE NIVEL CRITICO Y PARA MÁS DE DOS SEMANAS,25.0,7.0,7.0,52.04,52.0,52.0,,OBRAEDIFICIOCURICO,1183013-OBRAEDIFICIOCURICO
1252390.0,"CODO PP-R DOBLE FIJACION TINA HI 20 X 1/2"" 1 UN",BAJO NIVEL CRITICO Y PARA MÁS DE DOS SEMANAS,11.0,8.0,8.0,30.0,30.0,30.0,,OBRAEDIFICIOCURICO,1252390-OBRAEDIFICIOCURICO
1247072.0,CODO PP-R 20 MM 1 UN,SOBRE NIVEL CRÍTICO Y PARA MÁS DE DOS SEMANAS,170.0,8.0,8.0,204.0,204.0,204.0,,OBRAEDIFICIOCURICO,1247072-OBRAEDIFICIOCURICO
1196076.0,"CODO PP-R 20 X 1/2"" HI 1 UN",SOBRE NIVEL CRÍTICO Y PARA MÁS DE DOS SEMANAS,74.0,8.0,8.0,190.0,190.0,190.0,,OBRAEDIFICIOCURICO,1196076-OBRAEDIFICIOCURICO
1247081.0,CODO PP-R 25 MM 1 UN,BAJO NIVEL CRITICO Y PARA MENOS DE DOS SEMANAS,1.0,8.0,8.0,158.0,158.0,158.0,,OBRAEDIFICIOCURICO,1247081-OBRAEDIFICIOCURICO
1205921.0,"CODO PP-R 25 X 1/2"" HE 1 UN",BAJO NIVEL CRITICOY SIN ENTREGA LOS ÚLTIMOS 90 DÍAS,16.0,8.0,2.0,36.0,36.0,36.0,,OBRAEDIFICIOCURICO,1205921-OBRAEDIFICIOCURICO
1190230.0,CODO PP-R 32 MM 1 UN,BAJO NIVEL CRITICO Y PARA MENOS DE DOS SEMANAS,0.0,8.0,8.0,174.0,174.0,174.0,,OBRAEDIFICIOCURICO,1190230-OBRAEDIFICIOCURICO
1252541.0,COPLA PP-R 20 MM 1 UN,SOBRE NIVEL CRÍTICO Y PARA MÁS DE DOS SEMANAS,50.0,8.0,7.0,2.0,51.0,51.0,,OBRAEDIFICIOCURICO,1252541-OBRAEDIFICIOCURICO
1252533.0,COPLA PP-R 25 MM 1 UN,SOBRE NIVEL CRÍTICO Y PARA MÁS DE DOS SEMANAS,390.0,8.0,8.0,43.0,83.0,83.0,,OBRAEDIFICIOCURICO,1252533-OBRAEDIFICIOCURICO
1199592.0,COPLA PP-R 32 MM 1 UN,SOBRE NIVEL CRÍTICO Y PARA MÁS DE DOS SEMANAS,212.0,8.0,8.0,40.0,80.0,80.0,,OBRAEDIFICIOCURICO,1199592-OBRAEDIFICIOCURICO
1254871.0,COPLA PP-R 40 X 32 MM 1 UN,BAJO NIVEL CRITICO Y PARA MENOS DE DOS SEMANAS,0.0,8.0,7.0,1.0,1.0,1.0,,OBRAEDIFICIOCURICO,1254871-OBRAEDIFICIOCURICO
1190272.0,COPLA REDUC. PP-R 32 X 25 1 UN,BAJO NIVEL CRITICO Y PARA MENOS DE DOS SEMANAS,0.0,8.0,8.0,9.0,9.0,9.0,,OBRAEDIFICIOCURICO,1190272-OBRAEDIFICIOCURICO
1256198.0,"DESAGUE LAVATORIO 1 1/4"" C/REB /REJ 1 UN",BAJO NIVEL CRITICOY SIN ENTREGA LOS ÚLTIMOS 90 DÍAS,0.0,2.0,,,,,,OBRAEDIFICIOCURICO,1256198-OBRAEDIFICIOCURICO
1177879.0,DESAGUE TINA/REBALSE/SIFON 1 UN,SOBRE NIVEL CRÍTICO Y PARA MÁS DE DOS SEMANAS,43.0,8.0,7.0,30.0,30.0,30.0,,OBRAEDIFICIOCURICO,1177879-OBRAEDIFICIOCURICO
41020431.0,ESMALTE AL AGUA KEM PRO BLANCO 1 TINETA,,,,,,,,12 MESES,OBRAEDIFICIOCURICO,41020431-OBRAEDIFICIOCURICO
41020238.0,ESMALTE AL AGUA KEM PRO MARFIL 1 TINETA,,,,,,,,12 MESES,OBRAEDIFICIOCURICO,41020238-OBRAEDIFICIOCURICO
1187161.0,"ESQUINEROS METALICO 30 X 30 X 2,40 MTS 1 UN",SOBRE NIVEL CRÍTICO Y PARA MÁS DE DOS SEMANAS,108.0,7.0,7.0,378.0,408.0,408.0,,OBRAEDIFICIOCURICO,1187161-OBRAEDIFICIOCURICO
1290581.0,ESTANQUE LUGANO 1 UN,BAJO NIVEL CRITICO Y PARA MÁS DE DOS SEMANAS,31.0,7.0,6.0,30.0,30.0,30.0,,OBRAEDIFICIOCURICO,1290581-OBRAEDIFICIOCURICO
1291188.0,EXTRACTOR RETON 100 BTH HIGRO 1 UN,SOBRE NIVEL CRÍTICO Y PARA MÁS DE DOS SEMANAS,51.0,7.0,6.0,50.0,50.0,50.0,,OBRAEDIFICIOCURICO,1291188-OBRAEDIFICIOCURICO
1208621.0,FRAGUE CERAMICOALMOND  1 KG 1 UN,SOBRE NIVEL CRÍTICO Y PARA MÁS DE DOS SEMANAS,291.0,8.0,8.0,116.99,116.99,116.99,12 MESES,OBRAEDIFICIOCURICO,1208621-OBRAEDIFICIOCURICO
1179524.0,FRAGUE CERAMICOBLANCO  1 KG 1 UN,SOBRE NIVEL CRÍTICO Y PARA MÁS DE DOS SEMANAS,155.3599885559082,8.0,7.0,70.2,70.0,70.0,12 MESES,OBRAEDIFICIOCURICO,1179524-OBRAEDIFICIOCURICO
1188877.0,GUARDAPOLVO CHAFLAN C/CANTERIA 13 X 65 MM X 3 ML 1 UN,SOBRE NIVEL CRÍTICO Y PARA MÁS DE DOS SEMANAS,719.0,8.0,6.0,340.0,340.0,340.0,,OBRAEDIFICIOCURICO,1188877-OBRAEDIFICIOCURICO
1182889.0,LANA DE VIDRIO 100 MM VOLCAN 1 M2,BAJO NIVEL CRITICO Y PARA MENOS DE DOS SEMANAS,0.0,8.0,7.0,234.0,234.0,234.0,,OBRAEDIFICIOCURICO,1182889-OBRAEDIFICIOCURICO
1181421.0,LANA DE VIDRIO 50 MM VOLCAN 1 M2,SOBRE NIVEL CRÍTICO Y PARA MÁS DE DOS SEMANAS,98.76999923706055,8.0,8.0,27.57,27.57,27.57,,OBRAEDIFICIOCURICO,1181421-OBRAEDIFICIOCURICO
41020236.0,LATEX KEM PRO BLANCO 1 TINETA,CERCA DE NIVEL CRITICO Y PARA MÁS DE DOS SEMANAS,49.0,8.0,7.0,29.81,29.81,29.81,12 MESES,OBRAEDIFICIOCURICO,41020236-OBRAEDIFICIOCURICO
41020233.0,LATEX KEM PRO MARFIL 1 TINETA,CERCA DE NIVEL CRITICO Y PARA MÁS DE DOS SEMANAS,52.0,8.0,7.0,44.38,44.38,44.38,12 MESES,OBRAEDIFICIOCURICO,41020233-OBRAEDIFICIOCURICO
1192260.0,LAVAMANOS VALENCIA  1 UN,BAJO NIVEL CRITICO Y PARA MÁS DE DOS SEMANAS,31.0,7.0,6.0,30.0,30.0,30.0,,OBRAEDIFICIOCURICO,1192260-OBRAEDIFICIOCURICO
1194281.0,LAVAPLATO EMPOTRAR INOX C/REBALSE MONOMANDO DER 800 X 435 1 UN,BAJO NIVEL CRITICO Y PARA MÁS DE DOS SEMANAS,20.0,7.0,5.0,10.0,10.0,10.0,,OBRAEDIFICIOCURICO,1194281-OBRAEDIFICIOCURICO
1194290.0,LAVAPLATO EMPOTRAR INOX C/REBALSE MONOMANDO IZQ 800 X 435 1 UN,BAJO NIVEL CRITICO Y PARA MÁS DE DOS SEMANAS,8.0,7.0,6.0,10.0,10.0,10.0,,OBRAEDIFICIOCURICO,1194290-OBRAEDIFICIOCURICO
1203213.0,LLAVE PASO PP-R CAMPANA 20 MM CRM 1 UN,BAJO NIVEL CRITICO Y PARA MENOS DE DOS SEMANAS,0.0,8.0,8.0,17.0,17.0,17.0,,OBRAEDIFICIOCURICO,1203213-OBRAEDIFICIOCURICO
1190344.0,LLAVE PASO PP-R CAMPANA 25 MM CRM 1 UN,BAJO NIVEL CRITICO Y PARA MENOS DE DOS SEMANAS,11.0,8.0,8.0,87.0,87.0,87.0,,OBRAEDIFICIOCURICO,1190344-OBRAEDIFICIOCURICO
1204540.0,LLAVE PASO PP-R CAMPANA 32 MM CRM 1 UN,BAJO NIVEL CRITICO Y PARA MENOS DE DOS SEMANAS,0.0,8.0,8.0,10.0,18.0,18.0,,OBRAEDIFICIOCURICO,1204540-OBRAEDIFICIOCURICO
1270521.0,LOSATEX (25 KG) SOQUINA 1 TINETA,BAJO NIVEL CRITICO Y PARA MÁS DE DOS SEMANAS,50.0,8.0,7.0,24.9,25.0,25.0,12 MESES,OBRAEDIFICIOCURICO,1270521-OBRAEDIFICIOCURICO
1251346.0,MALLA DE FIBRA DE VIDRIO 153 GRS/M2 1 X 50 WEBER MTS 1 UN,BAJO NIVEL CRITICO Y PARA MÁS DE DOS SEMANAS,11.0,8.0,8.0,11.96,11.96,11.96,,OBRAEDIFICIOCURICO,1251346-OBRAEDIFICIOCURICO
1182862.0,MARCO PUERTA MADERA 30 X 90 1 UN,SOBRE NIVEL CRÍTICO Y PARA MÁS DE DOS SEMANAS,77.0,8.0,8.0,86.0,86.0,86.0,,OBRAEDIFICIOCURICO,1182862-OBRAEDIFICIOCURICO
1271136.0,MARCO PUERTA MADERA 40 X 90 C/RANURA BURLETE 1 UN,BAJO NIVEL CRITICO Y PARA MENOS DE DOS SEMANAS,0.0,8.0,8.0,20.0,20.0,20.0,,OBRAEDIFICIOCURICO,1271136-OBRAEDIFICIOCURICO
41020176.0,MARMOLINA GRIS LOBO CT-70R G.M. (25 KG) 1 TINETA,BAJO NIVEL CRITICO Y PARA MÁS DE DOS SEMANAS,23.0,8.0,7.0,46.61,12.0,12.0,24 MESES,OBRAEDIFICIOCURICO,41020176-OBRAEDIFICIOCURICO
41020177.0,MARMOLINA GRIS VISION CT-70R G.M. (25 KG) 1 TINETA,SOBRE NIVEL CRÍTICO Y PARA MÁS DE DOS SEMANAS,80.0,8.0,7.0,56.33,44.32,44.32,24 MESES,OBRAEDIFICIOCURICO,41020177-OBRAEDIFICIOCURICO
1192956.0,MASTERSEAL 550 30 KG 1 JUEGO,BAJO NIVEL CRITICOY SIN ENTREGA LOS ÚLTIMOS 90 DÍAS,20.0,4.0,4.0,15.07,10.0,10.0,24 MESES,OBRAEDIFICIOCURICO,1192956-OBRAEDIFICIOCURICO
1294952.0,MASTERWALL GRIS LOBO (K158),BAJO NIVEL CRITICOY SIN ENTREGA LOS ÚLTIMOS 90 DÍAS,0.0,3.0,,,,,12 MESES,OBRAEDIFICIOCURICO,1294952-OBRAEDIFICIOCURICO
1294944.0,MASTERWALL GRIS VISION (S161),BAJO NIVEL CRITICOY SIN ENTREGA LOS ÚLTIMOS 90 DÍAS,0.0,3.0,,,,,12 MESES,OBRAEDIFICIOCURICO,1294944-OBRAEDIFICIOCURICO
1182803.0,"MEDIDOR AGUA POTABLE 3/4"" 1 U N",BAJO NIVEL CRITICO Y PARA MÁS DE DOS SEMANAS,21.0,8.0,8.0,21.0,21.0,21.0,12 MESES,OBRAEDIFICIOCURICO,1182803-OBRAEDIFICIOCURICO
1265140.0,MOLDURA NOMASTYL 100X100 SL 1  ML,SOBRE NIVEL CRÍTICO Y PARA MÁS DE DOS SEMANAS,303.9999877929687,8.0,6.0,99.5,109.5,109.5,,OBRAEDIFICIOCURICO,1265140-OBRAEDIFICIOCURICO
1288093.0,MOLDURA XPS 33X32 E6 1 ML,SOBRE NIVEL CRÍTICO Y PARA MÁS DE DOS SEMANAS,3656.0,8.0,6.0,1434.9,1639.9,1639.9,,OBRAEDIFICIOCURICO,1288093-OBRAEDIFICIOCURICO
1264585.0,MONOMANDO LAVAPLATO ORNELLA  1 UN,BAJO NIVEL CRITICO Y PARA MÁS DE DOS SEMANAS,23.0,7.0,6.0,20.0,20.0,20.0,,OBRAEDIFICIOCURICO,1264585-OBRAEDIFICIOCURICO
1184121.0,MONOMANDO LAVATORIO ORNELLA  1 UN,BAJO NIVEL CRITICO Y PARA MÁS DE DOS SEMANAS,28.0,7.0,6.0,30.0,30.0,30.0,,OBRAEDIFICIOCURICO,1184121-OBRAEDIFICIOCURICO
1184139.0,MONOMANDO TINA-DUCHA ORNELLA  1 UN,BAJO NIVEL CRITICO Y PARA MÁS DE DOS SEMANAS,29.0,7.0,6.0,30.0,30.0,30.0,,OBRAEDIFICIOCURICO,1184139-OBRAEDIFICIOCURICO
1274812.0,MORTERO BASE COAT 20 KG 1 SACO,SOBRE NIVEL CRÍTICO Y PARA MÁS DE DOS SEMANAS,114.0,8.0,8.0,151.04,158.92,158.92,12 MESES,OBRAEDIFICIOCURICO,1274812-OBRAEDIFICIOCURICO
41020232.0,MORTERO PRESEC 196 25 KG,BAJO NIVEL CRITICO Y PARA MÁS DE DOS SEMANAS,66.0,7.0,7.0,270.53,230.0,230.0,6 MESES,OBRAEDIFICIOCURICO,41020232-OBRAEDIFICIOCURICO
1183136.0,PAPEL FIELTRO 10/40 1 ROLLO,BAJO NIVEL CRITICO Y PARA MÁS DE DOS SEMANAS,10.0,8.0,8.0,10.8,11.0,11.0,,OBRAEDIFICIOCURICO,1183136-OBRAEDIFICIOCURICO
41020237.0,"PASTA MURO KEM PRO 24,1 KG 1 TINETA",SOBRE NIVEL CRÍTICO Y PARA MÁS DE DOS SEMANAS,125.0,8.0,7.0,61.53,61.0,61.0,12 MESES,OBRAEDIFICIOCURICO,41020237-OBRAEDIFICIOCURICO
1191662.0,PEDESTAL UNIVERSAL 1 UN,BAJO NIVEL CRITICO Y PARA MÁS DE DOS SEMANAS,31.0,7.0,6.0,30.0,30.0,30.0,,OBRAEDIFICIOCURICO,1191662-OBRAEDIFICIOCURICO
1201470.0,PEGAMENTO ALFOMBRA PATEL 18 LTS,BAJO NIVEL CRITICOY SIN ENTREGA LOS ÚLTIMOS 90 DÍAS,23.0,7.0,5.0,16.25,10.0,10.0,12 MESES,OBRAEDIFICIOCURICO,1201470-OBRAEDIFICIOCURICO
1194169.0,"PERFIL CANAL ECO 39 X 20 X 0,5 MM X 3,00 MTS",SOBRE NIVEL CRÍTICO Y PARA MÁS DE DOS SEMANAS,199.8000134277344,8.0,8.0,133.43,133.0,133.0,,OBRAEDIFICIOCURICO,1194169-OBRAEDIFICIOCURICO
1188033.0,"PERFIL CANAL NORMAL 61 X 20 X 0,5 MM X 3 MTS 1 UN",BAJO NIVEL CRITICO Y PARA MÁS DE DOS SEMANAS,70.81999755859374,8.0,8.0,314.35,314.0,314.0,,OBRAEDIFICIOCURICO,1188033-OBRAEDIFICIOCURICO
1199752.0,"PERFIL MONTANTE ECO 38 X 38 X 0,5 MM X 2,4 MTS 1 TIRA",SOBRE NIVEL CRÍTICO Y PARA MÁS DE DOS SEMANAS,223.56,8.0,8.0,285.25,285.0,285.0,,OBRAEDIFICIOCURICO,1199752-OBRAEDIFICIOCURICO
1188025.0,"PERFIL MONTANTE NORMAL 60 X 38 X 0,5 MM X 2,4 MTS 1 UN",,,,,,,,,OBRAEDIFICIOCURICO,1188025-OBRAEDIFICIOCURICO
1273393.0,PILASTRA PINO 13X45 MM X 3ML,,,,,,,,,OBRAEDIFICIOCURICO,1273393-OBRAEDIFICIOCURICO
1193713.0,"PINO 2"" X 2"" X 3,20 MT IMPREGNADO",,,,,,,,,OBRAEDIFICIOCURICO,1193713-OBRAEDIFICIOCURICO
1295411.0,PINTURA ESMALTE AL AGUABLANCO CP-70  1 TIN,,,,,,,,,OBRAEDIFICIOCURICO,1295411-OBRAEDIFICIOCURICO
1180074.0,PINTURA OLEO OPACOBLANCO CP-70  1 GAL,,,,,,,,,OBRAEDIFICIOCURICO,1180074-OBRAEDIFICIOCURICO
1188105.0,PLANCHA FIBROCEMENTO 4 MM VOLCAN 1 PLANCHA,,,,,,,,,OBRAEDIFICIOCURICO,1188105-OBRAEDIFICIOCURICO
1192999.0,"PLANCHA OSB STD 9,5 MM X 2,44 X 1,22 MTS LP 1 UN",,,,,,,,,OBRAEDIFICIOCURICO,1192999-OBRAEDIFICIOCURICO
1182758.0,"PLANCHA YESO-CARTON RH 12,5 MM 1,20 X 2,40 VOLCAN 1 PLANCHA",,,,,,,,,OBRAEDIFICIOCURICO,1182758-OBRAEDIFICIOCURICO
1179698.0,"PLANCHA YESO-CARTON ST 10 MM 1,20 X 2,40 VOLCAN 1 PLANCHA",,,,,,,,,OBRAEDIFICIOCURICO,1179698-OBRAEDIFICIOCURICO
1278928.0,POLIESTIRENO EXP. 30 MM (20KG/ M3) 1 PLANCHA,,,,,,,,,OBRAEDIFICIOCURICO,1278928-OBRAEDIFICIOCURICO
1279980.0,POLIESTIRENO EXP. 40 MM (20KG/ M3) 1 PLANCHA,,,,,,,,,OBRAEDIFICIOCURICO,1279980-OBRAEDIFICIOCURICO
1282134.0,POLIESTIRENO EXP. 50 MM (20KG/ M3) 1 PLANCHA,,,,,,,,,OBRAEDIFICIOCURICO,1282134-OBRAEDIFICIOCURICO
1191945.0,PROMOTOR DE ADHERENCIA TECNO BOND  20 KG 1 TIN,,,,,,,,,OBRAEDIFICIOCURICO,1191945-OBRAEDIFICIOCURICO
1271902.0,"PUERTA HDF EXTERIOR PRESTIGE PROTEGIDA 0,85 X 2 MT 1 UN",,,,,,,,,OBRAEDIFICIOCURICO,1271902-OBRAEDIFICIOCURICO
1192112.0,"PUERTA HDF PRESTIGE 0,65 X 2 M T INTERIOR 1 UN",,,,,,,,,OBRAEDIFICIOCURICO,1192112-OBRAEDIFICIOCURICO
1192121.0,"PUERTA HDF PRESTIGE 0,70 X 2 M T INTERIOR 1 UN",,,,,,,,,OBRAEDIFICIOCURICO,1192121-OBRAEDIFICIOCURICO
1192139.0,"PUERTA HDF PRESTIGE 0,75 X 2 M T INTERIOR 1 UN",,,,,,,,,OBRAEDIFICIOCURICO,1192139-OBRAEDIFICIOCURICO
1177810.0,RODILLO CHIPORRO 18 CM 1 UN,,,,,,,,,OBRAEDIFICIOCURICO,1177810-OBRAEDIFICIOCURICO
1183128.0,"SIFON BOTELLA 1 1/4"" SALIDA CURVA 1 UN",,,,,,,,,OBRAEDIFICIOCURICO,1183128-OBRAEDIFICIOCURICO
1177887.0,"SIFON LOA LAVAPLATOS S/CURVA 1 1/2"" 1 UN",,,,,,,,,OBRAEDIFICIOCURICO,1177887-OBRAEDIFICIOCURICO
1279584.0,"SIKABOND MONTAJE 3,8 KG BALDES",,,,,,,,,OBRAEDIFICIOCURICO,1279584-OBRAEDIFICIOCURICO
1276771.0,SILICONA SANISIL TRANSPARENTE 1 UN,,,,,,,,,OBRAEDIFICIOCURICO,1276771-OBRAEDIFICIOCURICO
1199517.0,SOBREPASO PP-R 20 MM 1 UN,,,,,,,,,OBRAEDIFICIOCURICO,1199517-OBRAEDIFICIOCURICO
1199525.0,SOBREPASO PP-R 25 MM 1 UN,,,,,,,,,OBRAEDIFICIOCURICO,1199525-OBRAEDIFICIOCURICO
1262264.0,SOBREPASO PP-R 32 MM 1 UN,,,,,,,,,OBRAEDIFICIOCURICO,1262264-OBRAEDIFICIOCURICO
1187751.0,"TAPACAN SMARTSIDE TRIM 7 1/4"" LP 1 UN",,,,,,,,,OBRAEDIFICIOCURICO,1187751-OBRAEDIFICIOCURICO
1248032.0,"TAPON PP-R 1/2"" HE 1 UN",,,,,,,,,OBRAEDIFICIOCURICO,1248032-OBRAEDIFICIOCURICO
1248041.0,"TAPON PP-R 1/2"" HI 1 UN",,,,,,,,,OBRAEDIFICIOCURICO,1248041-OBRAEDIFICIOCURICO
1262686.0,TAPON PP-R 32 MM 1UN,,,,,,,,,OBRAEDIFICIOCURICO,1262686-OBRAEDIFICIOCURICO
1253333.0,TEE PP-R 20 MM 1 UN,,,,,,,,,OBRAEDIFICIOCURICO,1253333-OBRAEDIFICIOCURICO
1252971.0,TEE PP-R 32 MM 1 UN,,,,,,,,,OBRAEDIFICIOCURICO,1252971-OBRAEDIFICIOCURICO
1190336.0,TEE RED PP-R 32 X 20 X 32 MM ,,,,,,,,,OBRAEDIFICIOCURICO,1190336-OBRAEDIFICIOCURICO
1247110.0,TEE RED.20 X 25 X 20 PP-R 1 UN,,,,,,,,,OBRAEDIFICIOCURICO,1247110-OBRAEDIFICIOCURICO
1247128.0,TEE RED.25 X 20 X 20 PP-R 1 UN,,,,,,,,,OBRAEDIFICIOCURICO,1247128-OBRAEDIFICIOCURICO
1247144.0,TEE RED.25 X 25 X 20 PP-R 1 UN,,,,,,,,,OBRAEDIFICIOCURICO,1247144-OBRAEDIFICIOCURICO
1247161.0,TEE RED.32 X 25 X 25 PP-R 1 UN,,,,,,,,,OBRAEDIFICIOCURICO,1247161-OBRAEDIFICIOCURICO
1255566.0,TEE RED.32 X 25 X 32 PP-R 1 UN,,,,,,,,,OBRAEDIFICIOCURICO,1255566-OBRAEDIFICIOCURICO
1208006.0,TERMINAL PP-R 20 X 1/2 HI 1 UN,,,,,,,,,OBRAEDIFICIOCURICO,1208006-OBRAEDIFICIOCURICO
1244285.0,"TERMINAL PP-R 25 X 3/4"" HE 1 UN",,,,,,,,,OBRAEDIFICIOCURICO,1244285-OBRAEDIFICIOCURICO
1252980.0,"TERMINAL PP-R 32 X 1"" HE 1 UN",,,,,,,,,OBRAEDIFICIOCURICO,1252980-OBRAEDIFICIOCURICO
1254205.0,"TERMINAL PP-R 32 X 1"" HI 1 UN",,,,,,,,,OBRAEDIFICIOCURICO,1254205-OBRAEDIFICIOCURICO
1273318.0,"TERMINAL PP-R 32 X 3/4"" HI 1 UN",,,,,,,,,OBRAEDIFICIOCURICO,1273318-OBRAEDIFICIOCURICO
1180331.0,"TINA 1,20 X 0,70 MTS BLANCA ES MALTADA SENSI DACQUA 1 UN",,,,,,,,,OBRAEDIFICIOCURICO,1180331-OBRAEDIFICIOCURICO
1205850.0,TUBERIA PP-R 20 MM PN-16 1 ML,,,,,,,,,OBRAEDIFICIOCURICO,1205850-OBRAEDIFICIOCURICO
1205868.0,TUBERIA PP-R 25 MM PN-16 1 ML,,,,,,,,,OBRAEDIFICIOCURICO,1205868-OBRAEDIFICIOCURICO
1205876.0,TUBERIA PP-R 32 MM PN-16 1 ML,,,,,,,,,OBRAEDIFICIOCURICO,1205876-OBRAEDIFICIOCURICO
,,,,,,,,,,OBRAEDIFICIOCURICO,
,,,,,,,,,,OBRAEDIFICIOCURICO,
1245991.0,TUBERIA PP-R 40 MM PN-16 1 ML,,,,,,,,,OBRAEDIFICIOCURICO,1245991-OBRAEDIFICIOCURICO
1254900.0,TUBERIA PP-R 75 MM PN-16 1 ML,,,,,,,,,OBRAEDIFICIOCURICO,1254900-OBRAEDIFICIOCURICO
1254897.0,TUBERIA PP-R 90 MM PN-16 1 ML,,,,,,,,,OBRAEDIFICIOCURICO,1254897-OBRAEDIFICIOCURICO
1275065.0,"VENTILACION PASIVA 4"" 1 UN",,,,,,,,,OBRAEDIFICIOCURICO,1275065-OBRAEDIFICIOCURICO
1290599.0,WC LUGANO DESC. MURO 1 UN,,,,,,,,,OBRAEDIFICIOCURICO,1290599-OBRAEDIFICIOCURICO
1268615.0,YESO EXPRESS VOLCAN 25 KG,,,,,,,,,OBRAEDIFICIOCURICO,1268615-OBRAEDIFICIOCURICO
1269909.0,ADHESIVO CERAMICO EN PASTA AC  25 KG 1 TIN,SOBRE NIVEL CRÍTICO Y PARA MÁS DE DOS SEMANAS,56.9999998664856,5.0,3.0,50.32,63.32,63.31999999999999,9 MESES ,OBRAEDIFICIOLASRASTRAS,1269909-OBRAEDIFICIOLASRASTRAS
1177641.0,ADHESIVO CERAMICO POLVO ULTRA 25 KG 1 SACO,SOBRE NIVEL CRÍTICO Y PARA MÁS DE DOS SEMANAS,89.0,5.0,5.0,130.41,130.0,61.0,6 MESES,OBRAEDIFICIOLASRASTRAS,1177641-OBRAEDIFICIOLASRASTRAS
1200856.0,"ADHESIVO DE CONTACTO FLEX 125 3,8 LTS 1 GAL",BAJO NIVEL CRITICO Y PARA MENOS DE DOS SEMANAS,0.0,4.0,3.0,77.05,108.0,108.0,24 MESES,OBRAEDIFICIOLASRASTRAS,1200856-OBRAEDIFICIOLASRASTRAS
1196455.0,ADHESIVO SILICONABLANCO SANISIL 280 ML 1 UN,CERCA DE NIVEL CRITICO Y PARA MÁS DE DOS SEMANAS,84.0,3.0,3.0,50.12,143.0,143.0,24 MESES,OBRAEDIFICIOLASRASTRAS,1196455-OBRAEDIFICIOLASRASTRAS
1177650.0,ADHESIVOBLANCO SIKACRYL+ PINTABLE 300 ML 1 UN,BAJO NIVEL CRITICO Y PARA MÁS DE DOS SEMANAS,91.0,3.0,3.0,188.4,424.0,424.0,24 MESES,OBRAEDIFICIOLASRASTRAS,1177650-OBRAEDIFICIOLASRASTRAS
1192155.0,"BISAGRA 3 1/2"" X 3 1/2"" CROMO SATIN 1 UN",BAJO NIVEL CRITICOY SIN ENTREGA LOS ÚLTIMOS 90 DÍAS,0.0,3.0,3.0,51.0,51.0,51.0,,OBRAEDIFICIOLASRASTRAS,1192155-OBRAEDIFICIOLASRASTRAS
1192147.0,"BISAGRA 3"" X 3"" CROMO SATIN 1 UN",BAJO NIVEL CRITICOY SIN ENTREGA LOS ÚLTIMOS 90 DÍAS,0.0,3.0,3.0,361.0,370.0,358.0,,OBRAEDIFICIOLASRASTRAS,1192147-OBRAEDIFICIOLASRASTRAS
1178193.0,"BROCHA 2"" 1 UN",SOBRE NIVEL CRÍTICO Y PARA MÁS DE DOS SEMANAS,12.0,4.0,4.0,26.81,30.0,30.0,,OBRAEDIFICIOLASRASTRAS,1178193-OBRAEDIFICIOLASRASTRAS
1179508.0,"BROCHA 4"" 1 UN",SOBRE NIVEL CRÍTICO Y PARA MÁS DE DOS SEMANAS,13.0,4.0,4.0,21.28,21.0,21.0,,OBRAEDIFICIOLASRASTRAS,1179508-OBRAEDIFICIOLASRASTRAS
1274572.0,BURLETE BAJO PUERTA 1 UN,BAJO NIVEL CRITICOY SIN ENTREGA LOS ÚLTIMOS 90 DÍAS,0.0,3.0,3.0,17.0,17.0,17.0,,OBRAEDIFICIOLASRASTRAS,1274572-OBRAEDIFICIOLASRASTRAS
1274564.0,BURLETE MARCO PUERTA 1 MT,SOBRE NIVEL CRÍTICO Y PARA MÁS DE DOS SEMANAS,270.0,3.0,3.0,80.0,100.0,100.0,,OBRAEDIFICIOLASRASTRAS,1274564-OBRAEDIFICIOLASRASTRAS
1244103.0,CALEFON TIRO FORZADO G.N. 10 LTS C/KIT C/FLEX 1 UN,BAJO NIVEL CRITICOY SIN ENTREGA LOS ÚLTIMOS 90 DÍAS,0.0,4.0,4.0,16.0,16.0,0.0,,OBRAEDIFICIOLASRASTRAS,1244103-OBRAEDIFICIOLASRASTRAS
41020230.0,CAMPANA BAJO MUEBLE 1 UN,BAJO NIVEL CRITICO Y PARA MENOS DE DOS SEMANAS,0.0,3.0,3.0,16.0,16.0,16.0,,OBRAEDIFICIOLASRASTRAS,41020230-OBRAEDIFICIOLASRASTRAS
1189722.0,CELOSIA 20 X 20 BLANCA 1 UN,SOBRE NIVEL CRÍTICO Y PARA MÁS DE DOS SEMANAS,169.0,6.0,3.0,134.0,144.0,144.0,,OBRAEDIFICIOLASRASTRAS,1189722-OBRAEDIFICIOLASRASTRAS
1178257.0,CELOSIA 30 X 30 BLANCA 1 UN,SOBRE NIVEL CRÍTICOY SIN ENTREGA LOS ÚLTIMOS 90 DÍAS,103.0,5.0,2.0,32.0,18.0,18.0,,OBRAEDIFICIOLASRASTRAS,1178257-OBRAEDIFICIOLASRASTRAS
1269802.0,CEMENTO AR PUZOLANICO BIO BIO 1 KG,BAJO NIVEL CRITICO Y PARA MENOS DE DOS SEMANAS,0.0,6.0,6.0,495.62,1415.62,1415.62,2 MESES,OBRAEDIFICIOLASRASTRAS,1269802-OBRAEDIFICIOLASRASTRAS
1295373.0,CERAMICA NEW BLANCA BRILL 25 X,SOBRE NIVEL CRÍTICO Y PARA MÁS DE DOS SEMANAS,280.75,4.0,3.0,332.11,331.83,331.83,,OBRAEDIFICIOLASRASTRAS,1295373-OBRAEDIFICIOLASRASTRAS
1285634.0,CERAMICAPLAINE CUERO  45 X 45 1 M2,SOBRE NIVEL CRÍTICO Y PARA MÁS DE DOS SEMANAS,151.2999932861328,5.0,4.0,380.86,380.14,380.14,,OBRAEDIFICIOLASRASTRAS,1285634-OBRAEDIFICIOLASRASTRAS
1251688.0,CERRADURA ACC LLAVE ANDESLOCK CILINDRICA INOX AA43-AI 1 UN,BAJO NIVEL CRITICO Y PARA MÁS DE DOS SEMANAS,16.0,4.0,3.0,16.0,16.0,16.0,,OBRAEDIFICIOLASRASTRAS,1251688-OBRAEDIFICIOLASRASTRAS
1251696.0,CERRADURA BAÑO ANDESLOCK CILINDRICA INOX AA44-AI 1 UN,SOBRE NIVEL CRÍTICO Y PARA MÁS DE DOS SEMANAS,22.0,4.0,3.0,32.0,32.0,32.0,,OBRAEDIFICIOLASRASTRAS,1251696-OBRAEDIFICIOLASRASTRAS
1251725.0,CERRADURA DORMITORIO - OFICINA ANDESLOCK CILINDRICA INOX AA40-AI 1 UN,BAJO NIVEL CRITICO Y PARA MENOS DE DOS SEMANAS,0.0,4.0,3.0,17.0,17.0,17.0,,OBRAEDIFICIOLASRASTRAS,1251725-OBRAEDIFICIOLASRASTRAS
1251709.0,CERRADURA SIMPLE PASO ANDESLOCK CILINDRICA INOX AA46-AI 1 UN,SOBRE NIVEL CRÍTICO Y PARA MÁS DE DOS SEMANAS,91.0,4.0,3.0,68.0,68.0,68.0,,OBRAEDIFICIOLASRASTRAS,1251709-OBRAEDIFICIOLASRASTRAS
1193131.0,CERROJO INOX LLAVE ANDESLOCK AX70-AI 1 UN,SOBRE NIVEL CRÍTICOY SIN ENTREGA LOS ÚLTIMOS 90 DÍAS,30.0,3.0,3.0,16.0,16.0,16.0,,OBRAEDIFICIOLASRASTRAS,1193131-OBRAEDIFICIOLASRASTRAS
1183013.0,CINTA AUTOADHESIVA P/JUNTURA 45 MTS 1 ROLLO,SOBRE NIVEL CRÍTICO Y PARA MÁS DE DOS SEMANAS,61.12,6.0,5.0,58.33,58.33,58.33,,OBRAEDIFICIOLASRASTRAS,1183013-OBRAEDIFICIOLASRASTRAS
1252390.0,"CODO PP-R DOBLE FIJACION TINA HI 20 X 1/2"" 1 UN",SOBRE NIVEL CRÍTICO Y PARA MÁS DE DOS SEMANAS,58.0,6.0,5.0,32.0,32.0,32.0,,OBRAEDIFICIOLASRASTRAS,1252390-OBRAEDIFICIOLASRASTRAS
1247072.0,CODO PP-R 20 MM 1 UN,SOBRE NIVEL CRÍTICO Y PARA MÁS DE DOS SEMANAS,240.0,1.0,1.0,48.0,96.0,96.0,,OBRAEDIFICIOLASRASTRAS,1247072-OBRAEDIFICIOLASRASTRAS
1196199.0,"CODO PP-R 20 X 1/2"" HE 1 UN",BAJO NIVEL CRITICO Y PARA MENOS DE DOS SEMANAS,4.0,5.0,5.0,64.0,64.0,64.0,,OBRAEDIFICIOLASRASTRAS,1196199-OBRAEDIFICIOLASRASTRAS
1196076.0,"CODO PP-R 20 X 1/2"" HI 1 UN",SOBRE NIVEL CRÍTICO Y PARA MÁS DE DOS SEMANAS,74.0,1.0,1.0,48.0,96.0,96.0,,OBRAEDIFICIOLASRASTRAS,1196076-OBRAEDIFICIOLASRASTRAS
1247081.0,CODO PP-R 25 MM 1 UN,SOBRE NIVEL CRÍTICO Y PARA MÁS DE DOS SEMANAS,92.0,1.0,1.0,68.0,132.0,132.0,,OBRAEDIFICIOLASRASTRAS,1247081-OBRAEDIFICIOLASRASTRAS
1205921.0,"CODO PP-R 25 X 1/2"" HE 1 UN",BAJO NIVEL CRITICOY SIN ENTREGA LOS ÚLTIMOS 90 DÍAS,21.0,3.0,3.0,12.0,12.0,12.0,,OBRAEDIFICIOLASRASTRAS,1205921-OBRAEDIFICIOLASRASTRAS
1190230.0,CODO PP-R 32 MM 1 UN,SOBRE NIVEL CRÍTICO Y PARA MÁS DE DOS SEMANAS,329.0,1.0,1.0,221.0,221.0,221.0,,OBRAEDIFICIOLASRASTRAS,1190230-OBRAEDIFICIOLASRASTRAS
1205841.0,CODO RED PP-R 32 X 25 MM   1 U N,SOBRE NIVEL CRÍTICOY SIN ENTREGA LOS ÚLTIMOS 90 DÍAS,56.0,2.0,2.0,40.0,32.0,32.0,,OBRAEDIFICIOLASRASTRAS,1205841-OBRAEDIFICIOLASRASTRAS
1252533.0,COPLA PP-R 25 MM 1 UN,SOBRE NIVEL CRÍTICO Y PARA MÁS DE DOS SEMANAS,99.0,6.0,4.0,20.0,22.5,22.5,,OBRAEDIFICIOLASRASTRAS,1252533-OBRAEDIFICIOLASRASTRAS
1199592.0,COPLA PP-R 32 MM 1 UN,SOBRE NIVEL CRÍTICO Y PARA MÁS DE DOS SEMANAS,46.0,1.0,1.0,17.0,33.0,33.0,,OBRAEDIFICIOLASRASTRAS,1199592-OBRAEDIFICIOLASRASTRAS
1254871.0,COPLA PP-R 40 X 32 MM 1 UN,BAJO NIVEL CRITICOY SIN ENTREGA LOS ÚLTIMOS 90 DÍAS,7.0,3.0,3.0,4.0,4.0,4.0,,OBRAEDIFICIOLASRASTRAS,1254871-OBRAEDIFICIOLASRASTRAS
1190272.0,COPLA REDUC. PP-R 32 X 25 1 UN,BAJO NIVEL CRITICO Y PARA MÁS DE DOS SEMANAS,16.0,5.0,3.0,45.0,37.0,37.0,,OBRAEDIFICIOLASRASTRAS,1190272-OBRAEDIFICIOLASRASTRAS
1256198.0,"DESAGUE LAVATORIO 1 1/4"" C/REB /REJ 1 UN",BAJO NIVEL CRITICOY SIN ENTREGA LOS ÚLTIMOS 90 DÍAS,26.0,4.0,3.0,32.0,32.0,32.0,,OBRAEDIFICIOLASRASTRAS,1256198-OBRAEDIFICIOLASRASTRAS
1177879.0,DESAGUE TINA/REBALSE/SIFON 1 UN,BAJO NIVEL CRITICO Y PARA MÁS DE DOS SEMANAS,12.0,4.0,3.0,32.0,32.0,32.0,,OBRAEDIFICIOLASRASTRAS,1177879-OBRAEDIFICIOLASRASTRAS
41020319.0,ENCIMERA GAS NATURAL 1 UN,BAJO NIVEL CRITICOY SIN ENTREGA LOS ÚLTIMOS 90 DÍAS,0.0,3.0,3.0,16.0,6.0,6.0,,OBRAEDIFICIOLASRASTRAS,41020319-OBRAEDIFICIOLASRASTRAS
1187161.0,"ESQUINEROS METALICO 30 X 30 X 2,40 MTS 1 UN",SOBRE NIVEL CRÍTICO Y PARA MÁS DE DOS SEMANAS,825.0,6.0,5.0,347.0,347.0,347.0,,OBRAEDIFICIOLASRASTRAS,1187161-OBRAEDIFICIOLASRASTRAS
1278303.0,ESTANQUE ARES  1 UN,BAJO NIVEL CRITICO Y PARA MENOS DE DOS SEMANAS,0.0,3.0,3.0,32.0,32.0,32.0,,OBRAEDIFICIOLASRASTRAS,1278303-OBRAEDIFICIOLASRASTRAS
1291209.0,EXTRACTOR 12V C/TRAFO RETON 100 BTH 1 UN,SOBRE NIVEL CRÍTICOY SIN ENTREGA LOS ÚLTIMOS 90 DÍAS,95.0,6.0,3.0,32.0,32.0,32.0,,OBRAEDIFICIOLASRASTRAS,1291209-OBRAEDIFICIOLASRASTRAS
1291188.0,EXTRACTOR RETON 100 BTH HIGRO 1 UN,CERCA DE NIVEL CRITICOY SIN ENTREGA LOS ÚLTIMOS 90 DÍAS,48.0,6.0,3.0,16.0,16.0,16.0,,OBRAEDIFICIOLASRASTRAS,1291188-OBRAEDIFICIOLASRASTRAS
1179524.0,FRAGUE CERAMICOBLANCO  1 KG 1 UN,BAJO NIVEL CRITICO Y PARA MÁS DE DOS SEMANAS,35.0,4.0,3.0,125.79,118.0,118.0,12 MESES,OBRAEDIFICIOLASRASTRAS,1179524-OBRAEDIFICIOLASRASTRAS
1256340.0,FRAGUE CERAMICOCAPRI  1 KG 1 UN,BAJO NIVEL CRITICO Y PARA MÁS DE DOS SEMANAS,37.0,4.0,4.0,107.8,107.8,107.8,12 MESES,OBRAEDIFICIOLASRASTRAS,1256340-OBRAEDIFICIOLASRASTRAS
1188877.0,GUARDAPOLVO CHAFLAN C/CANTERIA 13 X 65 MM X 3 ML 1 UN,SOBRE NIVEL CRÍTICO Y PARA MÁS DE DOS SEMANAS,127.0000054931641,3.0,3.0,353.77,453.0,453.0,,OBRAEDIFICIOLASRASTRAS,1188877-OBRAEDIFICIOLASRASTRAS
1274302.0,HORNO ELECTRICO,BAJO NIVEL CRITICOY SIN ENTREGA LOS ÚLTIMOS 90 DÍAS,1.0,3.0,3.0,16.0,16.0,16.0,,OBRAEDIFICIOLASRASTRAS,1274302-OBRAEDIFICIOLASRASTRAS
1182889.0,LANA DE VIDRIO 100 MM VOLCAN 1 M2,BAJO NIVEL CRITICOY SIN ENTREGA LOS ÚLTIMOS 90 DÍAS,0.0,3.0,3.0,120.0,126.0,126.0,,OBRAEDIFICIOLASRASTRAS,1182889-OBRAEDIFICIOLASRASTRAS
1295453.0,LATEX CIELOLAT BLANCO 1T      ,BAJO NIVEL CRITICO Y PARA MENOS DE DOS SEMANAS,0.0,4.0,4.0,0.82,1.5,1.5,12 MESES,OBRAEDIFICIOLASRASTRAS,1295453-OBRAEDIFICIOLASRASTRAS
1295461.0,LATEX CIELOLAT BLANCO HUESO 1T,BAJO NIVEL CRITICO Y PARA MÁS DE DOS SEMANAS,5.0,4.0,3.0,45.7,65.89,65.89,12 MESES,OBRAEDIFICIOLASRASTRAS,1295461-OBRAEDIFICIOLASRASTRAS
1295470.0,LATEX CIELOLAT BLANCO INVIERNO,BAJO NIVEL CRITICO Y PARA MÁS DE DOS SEMANAS,5.0,4.0,3.0,22.03,28.0,28.0,12 MESES,OBRAEDIFICIOLASRASTRAS,1295470-OBRAEDIFICIOLASRASTRAS
1194281.0,LAVAPLATO EMPOTRAR INOX C/REBALSE MONOMANDO DER 800 X 435 1 UN,BAJO NIVEL CRITICOY SIN ENTREGA LOS ÚLTIMOS 90 DÍAS,0.0,3.0,3.0,8.0,8.0,8.0,,OBRAEDIFICIOLASRASTRAS,1194281-OBRAEDIFICIOLASRASTRAS
1194290.0,LAVAPLATO EMPOTRAR INOX C/REBALSE MONOMANDO IZQ 800 X 435 1 UN,BAJO NIVEL CRITICO Y PARA MENOS DE DOS SEMANAS,0.0,3.0,3.0,8.0,8.0,8.0,,OBRAEDIFICIOLASRASTRAS,1194290-OBRAEDIFICIOLASRASTRAS
1203213.0,LLAVE PASO PP-R CAMPANA 20 MM CRM 1 UN,BAJO NIVEL CRITICOY SIN ENTREGA LOS ÚLTIMOS 90 DÍAS,29.0,3.0,3.0,16.0,16.0,16.0,,OBRAEDIFICIOLASRASTRAS,1203213-OBRAEDIFICIOLASRASTRAS
1190344.0,LLAVE PASO PP-R CAMPANA 25 MM CRM 1 UN,SOBRE NIVEL CRÍTICO Y PARA MÁS DE DOS SEMANAS,67.0,1.0,1.0,17.0,33.0,33.0,,OBRAEDIFICIOLASRASTRAS,1190344-OBRAEDIFICIOLASRASTRAS
1204540.0,LLAVE PASO PP-R CAMPANA 32 MM CRM 1 UN,BAJO NIVEL CRITICO Y PARA MENOS DE DOS SEMANAS,0.0,1.0,1.0,8.0,16.0,12.0,,OBRAEDIFICIOLASRASTRAS,1204540-OBRAEDIFICIOLASRASTRAS
1270521.0,LOSATEX (25 KG) SOQUINA 1 TINETA,BAJO NIVEL CRITICO Y PARA MÁS DE DOS SEMANAS,9.0,3.0,3.0,19.55,34.66,34.66,12 MESES,OBRAEDIFICIOLASRASTRAS,1270521-OBRAEDIFICIOLASRASTRAS
1251346.0,MALLA DE FIBRA DE VIDRIO 153 GRS/M2 1 X 50 WEBER MTS 1 UN,BAJO NIVEL CRITICO Y PARA MÁS DE DOS SEMANAS,5.0,6.0,6.0,18.19,18.0,18.0,,OBRAEDIFICIOLASRASTRAS,1251346-OBRAEDIFICIOLASRASTRAS
1182862.0,MARCO PUERTA MADERA 30 X 90 1 UN,SOBRE NIVEL CRÍTICOY SIN ENTREGA LOS ÚLTIMOS 90 DÍAS,121.0,4.0,3.0,120.0,121.0,121.0,,OBRAEDIFICIOLASRASTRAS,1182862-OBRAEDIFICIOLASRASTRAS
1271136.0,MARCO PUERTA MADERA 40 X 90 C/RANURA BURLETE 1 UN,BAJO NIVEL CRITICOY SIN ENTREGA LOS ÚLTIMOS 90 DÍAS,30.0,4.0,3.0,16.0,16.0,16.0,,OBRAEDIFICIOLASRASTRAS,1271136-OBRAEDIFICIOLASRASTRAS
41020244.0,MARCO PUERTA MADERA ENCHAPADA MARA CLARA 40 X 90 C/RANURA BURLETE 1 UN,,,,,,,,,OBRAEDIFICIOLASRASTRAS,41020244-OBRAEDIFICIOLASRASTRAS
1270475.0,MARMOLINA CLAY BEIGECT-70R G.M. (25 KG) 1 TINETA,BAJO NIVEL CRITICO Y PARA MÁS DE DOS SEMANAS,28.0,6.0,6.0,54.21,28.5,28.5,24 MESES,OBRAEDIFICIOLASRASTRAS,1270475-OBRAEDIFICIOLASRASTRAS
1268623.0,MASILLA BASE JUNTA PRO VOLCAN 25 KG,CERCA DE NIVEL CRITICO Y PARA MÁS DE DOS SEMANAS,61.0,6.0,5.0,31.85,31.85,31.85,6 MESES,OBRAEDIFICIOLASRASTRAS,1268623-OBRAEDIFICIOLASRASTRAS
1192956.0,MASTERSEAL 550 30 KG 1 JUEGO,BAJO NIVEL CRITICO Y PARA MÁS DE DOS SEMANAS,26.0,4.0,4.0,3.22,3.22,3.22,24 MESES,OBRAEDIFICIOLASRASTRAS,1192956-OBRAEDIFICIOLASRASTRAS
1182803.0,"MEDIDOR AGUA POTABLE 3/4"" 1 U N",BAJO NIVEL CRITICO Y PARA MÁS DE DOS SEMANAS,16.0,4.0,4.0,17.0,17.0,17.0,12 MESES,OBRAEDIFICIOLASRASTRAS,1182803-OBRAEDIFICIOLASRASTRAS
1265140.0,MOLDURA NOMASTYL 100X100 SL 1  ML,SOBRE NIVEL CRÍTICOY SIN ENTREGA LOS ÚLTIMOS 90 DÍAS,178.0,4.0,3.0,79.61,79.6,79.6,,OBRAEDIFICIOLASRASTRAS,1265140-OBRAEDIFICIOLASRASTRAS
1288093.0,MOLDURA XPS 33X32 E6 1 ML,SOBRE NIVEL CRÍTICO Y PARA MÁS DE DOS SEMANAS,1688.0,4.0,3.0,1726.19,1736.0,1736.0,,OBRAEDIFICIOLASRASTRAS,1288093-OBRAEDIFICIOLASRASTRAS
1289512.0,MONOMANDO LAVAPLATOS AREZZO,BAJO NIVEL CRITICOY SIN ENTREGA LOS ÚLTIMOS 90 DÍAS,0.0,4.0,4.0,16.0,16.0,0.0,,OBRAEDIFICIOLASRASTRAS,1289512-OBRAEDIFICIOLASRASTRAS
1289483.0,MONOMANDO LAVATORIO AREZZO  1 UN,BAJO NIVEL CRITICOY SIN ENTREGA LOS ÚLTIMOS 90 DÍAS,1.0,4.0,4.0,32.0,32.0,0.0,,OBRAEDIFICIOLASRASTRAS,1289483-OBRAEDIFICIOLASRASTRAS
1289491.0,MONOMANDO TINA-DUCHA AREZZO  1 UN,BAJO NIVEL CRITICO Y PARA MÁS DE DOS SEMANAS,3.0,4.0,4.0,32.0,32.0,0.0,,OBRAEDIFICIOLASRASTRAS,1289491-OBRAEDIFICIOLASRASTRAS
1274812.0,MORTERO BASE COAT 20 KG 1 SACO,BAJO NIVEL CRITICO Y PARA MÁS DE DOS SEMANAS,56.0,1.0,6.0,205.57,314.24,314.24,12 MESES,OBRAEDIFICIOLASRASTRAS,1274812-OBRAEDIFICIOLASRASTRAS
41020232.0,MORTERO PRESEC 196 25 KG,SOBRE NIVEL CRÍTICO Y PARA MÁS DE DOS SEMANAS,237.0,4.0,4.0,314.23,313.0,313.0,6 MESES,OBRAEDIFICIOLASRASTRAS,41020232-OBRAEDIFICIOLASRASTRAS
1191718.0,MUEBLE VANITORIO 1 UN,BAJO NIVEL CRITICOY SIN ENTREGA LOS ÚLTIMOS 90 DÍAS,0.0,3.0,3.0,16.0,32.0,32.0,,OBRAEDIFICIOLASRASTRAS,1191718-OBRAEDIFICIOLASRASTRAS
1275946.0,OLEO OPACO BLANCO INVIERNO CW057 SOQUINA 1 GAL,BAJO NIVEL CRITICO Y PARA MÁS DE DOS SEMANAS,39.0,3.0,3.0,20.24,20.93,20.93,,OBRAEDIFICIOLASRASTRAS,1275946-OBRAEDIFICIOLASRASTRAS
1299451.0,PASTA MURO (25 KG) 1 TINETA,BAJO NIVEL CRITICO Y PARA MÁS DE DOS SEMANAS,21.0,5.0,4.0,60.65,32.0,32.0,12 MESES,OBRAEDIFICIOLASRASTRAS,1299451-OBRAEDIFICIOLASRASTRAS
1194169.0,"PERFIL CANAL ECO 39 X 20 X 0,5 MM X 3,00 MTS",BAJO NIVEL CRITICO Y PARA MENOS DE DOS SEMANAS,8.0,6.0,6.0,81.54,81.0,81.0,,OBRAEDIFICIOLASRASTRAS,1194169-OBRAEDIFICIOLASRASTRAS
1188033.0,"PERFIL CANAL NORMAL 61 X 20 X 0,5 MM X 3 MTS 1 UN",SOBRE NIVEL CRÍTICO Y PARA MÁS DE DOS SEMANAS,198.0,6.0,6.0,410.78,410.0,410.0,,OBRAEDIFICIOLASRASTRAS,1188033-OBRAEDIFICIOLASRASTRAS
1199752.0,"PERFIL MONTANTE ECO 38 X 38 X 0,5 MM X 2,4 MTS 1 TIRA",BAJO NIVEL CRITICO Y PARA MENOS DE DOS SEMANAS,10.0,6.0,6.0,235.88,235.5,0.0,,OBRAEDIFICIOLASRASTRAS,1199752-OBRAEDIFICIOLASRASTRAS
1188025.0,"PERFIL MONTANTE NORMAL 60 X 38 X 0,5 MM X 2,4 MTS 1 UN",SOBRE NIVEL CRÍTICO Y PARA MÁS DE DOS SEMANAS,608.0,6.0,6.0,1200.02,1200.0,1200.0,,OBRAEDIFICIOLASRASTRAS,1188025-OBRAEDIFICIOLASRASTRAS
1193713.0,"PINO 2"" X 2"" X 3,20 MT IMPREGNADO",SOBRE NIVEL CRÍTICOY SIN ENTREGA LOS ÚLTIMOS 90 DÍAS,183.0,5.0,3.0,96.0,143.0,133.0,,OBRAEDIFICIOLASRASTRAS,1193713-OBRAEDIFICIOLASRASTRAS
1275938.0,PINTURA ESMALTE AL AGUABLANCO HUESO CP-70  1 TIN,BAJO NIVEL CRITICO Y PARA MÁS DE DOS SEMANAS,15.0,4.0,3.0,9.5,10.0,10.0,12 MESES,OBRAEDIFICIOLASRASTRAS,1275938-OBRAEDIFICIOLASRASTRAS
1275920.0,PINTURA ESMALTE AL AGUABLANCO INVIERNO CP-70  1 TIN,BAJO NIVEL CRITICO Y PARA MÁS DE DOS SEMANAS,8.129999999999999,4.0,3.0,5.73,5.73,5.73,12 MESES,OBRAEDIFICIOLASRASTRAS,1275920-OBRAEDIFICIOLASRASTRAS
1275217.0,PINTURA IMPERMEABILIZANTE MASTERWALL CLAY BEIGE 1 TINETA,BAJO NIVEL CRITICO Y PARA MENOS DE DOS SEMANAS,2.0,6.0,6.0,17.98,17.98,0.0,12 MESES,OBRAEDIFICIOLASRASTRAS,1275217-OBRAEDIFICIOLASRASTRAS
1188105.0,PLANCHA FIBROCEMENTO 4 MM VOLCAN 1 PLANCHA,BAJO NIVEL CRITICO Y PARA MENOS DE DOS SEMANAS,0.0,5.0,5.0,12.0,12.0,0.0,,OBRAEDIFICIOLASRASTRAS,1188105-OBRAEDIFICIOLASRASTRAS
1182758.0,"PLANCHA YESO-CARTON RH 12,5 MM 1,20 X 2,40 VOLCAN 1 PLANCHA",SOBRE NIVEL CRÍTICO Y PARA MÁS DE DOS SEMANAS,150.0,6.0,5.0,248.0,248.0,248.0,,OBRAEDIFICIOLASRASTRAS,1182758-OBRAEDIFICIOLASRASTRAS
1179698.0,"PLANCHA YESO-CARTON ST 10 MM 1,20 X 2,40 VOLCAN 1 PLANCHA",SOBRE NIVEL CRÍTICO Y PARA MÁS DE DOS SEMANAS,490.0,6.0,5.0,741.0,728.0,728.0,,OBRAEDIFICIOLASRASTRAS,1179698-OBRAEDIFICIOLASRASTRAS
1294397.0,POLIESTIRENO EXP. 100MM (30KG/ M3) 1 PLANCHA,SOBRE NIVEL CRÍTICOY SIN ENTREGA LOS ÚLTIMOS 90 DÍAS,762.0,1.0,6.0,684.2,684.0,684.0,,OBRAEDIFICIOLASRASTRAS,1294397-OBRAEDIFICIOLASRASTRAS
1278928.0,POLIESTIRENO EXP. 30 MM (20KG/ M3) 1 PLANCHA,BAJO NIVEL CRITICO Y PARA MÁS DE DOS SEMANAS,40.0,2.0,6.0,86.56,100.0,100.0,,OBRAEDIFICIOLASRASTRAS,1278928-OBRAEDIFICIOLASRASTRAS
1279980.0,POLIESTIRENO EXP. 40 MM (20KG/ M3) 1 PLANCHA,SOBRE NIVEL CRÍTICO Y PARA MÁS DE DOS SEMANAS,345.0,1.0,1.0,120.42,120.0,115.0,,OBRAEDIFICIOLASRASTRAS,1279980-OBRAEDIFICIOLASRASTRAS
1282134.0,POLIESTIRENO EXP. 50 MM (20KG/ M3) 1 PLANCHA,BAJO NIVEL CRITICO Y PARA MENOS DE DOS SEMANAS,0.0,6.0,6.0,88.28,120.0,120.0,,OBRAEDIFICIOLASRASTRAS,1282134-OBRAEDIFICIOLASRASTRAS
1278936.0,POLIESTIRENO EXP. 60 MM (20KG/ M3) 1 PLANCHA,SOBRE NIVEL CRÍTICO Y PARA MÁS DE DOS SEMANAS,110.0,1.0,6.0,143.68,185.0,185.0,,OBRAEDIFICIOLASRASTRAS,1278936-OBRAEDIFICIOLASRASTRAS
1191945.0,PROMOTOR DE ADHERENCIA TECNO BOND  20 KG 1 TIN,,,,,,,,,OBRAEDIFICIOLASRASTRAS,1191945-OBRAEDIFICIOLASRASTRAS
1290011.0,"PUERTA CAPRI III ENCHAP. M. CLARA 0,85 X 2,00 M 1 UN",,,,,,,,,OBRAEDIFICIOLASRASTRAS,1290011-OBRAEDIFICIOLASRASTRAS
1243995.0,"PUERTA MDF INTERIOR PREPINTADA 2V+5H 0,65 X 2,00 MT 1 UN",,,,,,,,,OBRAEDIFICIOLASRASTRAS,1243995-OBRAEDIFICIOLASRASTRAS
1244015.0,"PUERTA MDF INTERIOR PREPINTADA 2V+5H 0,70 X 2,00 MT 1 UN",,,,,,,,,OBRAEDIFICIOLASRASTRAS,1244015-OBRAEDIFICIOLASRASTRAS
1244023.0,"PUERTA MDF INTERIOR PREPINTADA 2V+5H 0,75 X 2,00 MT 1 UN",,,,,,,,,OBRAEDIFICIOLASRASTRAS,1244023-OBRAEDIFICIOLASRASTRAS
1243987.0,"PUERTA MDF PREP. AMPARO 0,60 X 2,00 MT",,,,,,,,,OBRAEDIFICIOLASRASTRAS,1243987-OBRAEDIFICIOLASRASTRAS
1177810.0,RODILLO CHIPORRO 18 CM 1 UN,,,,,,,,,OBRAEDIFICIOLASRASTRAS,1177810-OBRAEDIFICIOLASRASTRAS
1183128.0,"SIFON BOTELLA 1 1/4"" SALIDA CURVA 1 UN",,,,,,,,,OBRAEDIFICIOLASRASTRAS,1183128-OBRAEDIFICIOLASRASTRAS
1177887.0,"SIFON LOA LAVAPLATOS S/CURVA 1 1/2"" 1 UN",,,,,,,,,OBRAEDIFICIOLASRASTRAS,1177887-OBRAEDIFICIOLASRASTRAS
1279584.0,"SIKABOND MONTAJE 3,8 KG BALDES",,,,,,,,,OBRAEDIFICIOLASRASTRAS,1279584-OBRAEDIFICIOLASRASTRAS
1276771.0,SILICONA SANISIL TRANSPARENTE 1 UN,,,,,,,,,OBRAEDIFICIOLASRASTRAS,1276771-OBRAEDIFICIOLASRASTRAS
1199517.0,SOBREPASO PP-R 20 MM 1 UN,,,,,,,,,OBRAEDIFICIOLASRASTRAS,1199517-OBRAEDIFICIOLASRASTRAS
1199525.0,SOBREPASO PP-R 25 MM 1 UN,,,,,,,,,OBRAEDIFICIOLASRASTRAS,1199525-OBRAEDIFICIOLASRASTRAS
1262264.0,SOBREPASO PP-R 32 MM 1 UN,,,,,,,,,OBRAEDIFICIOLASRASTRAS,1262264-OBRAEDIFICIOLASRASTRAS
1251805.0,TABLON FLEXIBLE LVT 3 MM 1 M2,,,,,,,,,OBRAEDIFICIOLASRASTRAS,1251805-OBRAEDIFICIOLASRASTRAS
1248032.0,"TAPON PP-R 1/2"" HE 1 UN",,,,,,,,,OBRAEDIFICIOLASRASTRAS,1248032-OBRAEDIFICIOLASRASTRAS
1248041.0,"TAPON PP-R 1/2"" HI 1 UN",,,,,,,,,OBRAEDIFICIOLASRASTRAS,1248041-OBRAEDIFICIOLASRASTRAS
1204515.0,TEE PP-R 25 MM 1 UN,,,,,,,,,OBRAEDIFICIOLASRASTRAS,1204515-OBRAEDIFICIOLASRASTRAS
1252971.0,TEE PP-R 32 MM 1 UN,,,,,,,,,OBRAEDIFICIOLASRASTRAS,1252971-OBRAEDIFICIOLASRASTRAS
1190336.0,TEE RED PP-R 32 X 20 X 32 MM ,,,,,,,,,OBRAEDIFICIOLASRASTRAS,1190336-OBRAEDIFICIOLASRASTRAS
1247110.0,TEE RED.20 X 25 X 20 PP-R 1 UN,,,,,,,,,OBRAEDIFICIOLASRASTRAS,1247110-OBRAEDIFICIOLASRASTRAS
1247128.0,TEE RED.25 X 20 X 20 PP-R 1 UN,,,,,,,,,OBRAEDIFICIOLASRASTRAS,1247128-OBRAEDIFICIOLASRASTRAS
1247144.0,TEE RED.25 X 25 X 20 PP-R 1 UN,,,,,,,,,OBRAEDIFICIOLASRASTRAS,1247144-OBRAEDIFICIOLASRASTRAS
1247161.0,TEE RED.32 X 25 X 25 PP-R 1 UN,,,,,,,,,OBRAEDIFICIOLASRASTRAS,1247161-OBRAEDIFICIOLASRASTRAS
1255566.0,TEE RED.32 X 25 X 32 PP-R 1 UN,,,,,,,,,OBRAEDIFICIOLASRASTRAS,1255566-OBRAEDIFICIOLASRASTRAS
1252980.0,"TERMINAL PP-R 32 X 1"" HE 1 UN",,,,,,,,,OBRAEDIFICIOLASRASTRAS,1252980-OBRAEDIFICIOLASRASTRAS
,,,,,,,,,,OBRAEDIFICIOLASRASTRAS,
1273318.0,"TERMINAL PP-R 32 X 3/4"" HI 1 UN",,,,,,,,,OBRAEDIFICIOLASRASTRAS,1273318-OBRAEDIFICIOLASRASTRAS
1189280.0,"TINA 1,05 X 0,70 MTS AC ESMALTADA SENSI DACQUA 1 UN",,,,,,,,,OBRAEDIFICIOLASRASTRAS,1189280-OBRAEDIFICIOLASRASTRAS
1180331.0,"TINA 1,20 X 0,70 MTS BLANCA ES MALTADA SENSI DACQUA 1 UN",,,,,,,,,OBRAEDIFICIOLASRASTRAS,1180331-OBRAEDIFICIOLASRASTRAS
1205850.0,TUBERIA PP-R 20 MM PN-16 1 ML,,,,,,,,,OBRAEDIFICIOLASRASTRAS,1205850-OBRAEDIFICIOLASRASTRAS
1205868.0,TUBERIA PP-R 25 MM PN-16 1 ML,,,,,,,,,OBRAEDIFICIOLASRASTRAS,1205868-OBRAEDIFICIOLASRASTRAS
1205876.0,TUBERIA PP-R 32 MM PN-16 1 ML,,,,,,,,,OBRAEDIFICIOLASRASTRAS,1205876-OBRAEDIFICIOLASRASTRAS
1245991.0,TUBERIA PP-R 40 MM PN-16 1 ML,,,,,,,,,OBRAEDIFICIOLASRASTRAS,1245991-OBRAEDIFICIOLASRASTRAS
1254897.0,TUBERIA PP-R 90 MM PN-16 1 ML,,,,,,,,,OBRAEDIFICIOLASRASTRAS,1254897-OBRAEDIFICIOLASRASTRAS
1275065.0,"VENTILACION PASIVA 4"" 1 UN",,,,,,,,,OBRAEDIFICIOLASRASTRAS,1275065-OBRAEDIFICIOLASRASTRAS
41020430.0,WC ARES DESCARGA DUAL 1 UN,,,,,,,,,OBRAEDIFICIOLASRASTRAS,41020430-OBRAEDIFICIOLASRASTRAS
1268615.0,YESO EXPRESS VOLCAN 25 KG,,,,,,,,,OBRAEDIFICIOLASRASTRAS,1268615-OBRAEDIFICIOLASRASTRAS
1269909.0,ADHESIVO CERAMICO EN PASTA AC  25 KG 1 TIN,SOBRE NIVEL CRÍTICO Y PARA MÁS DE DOS SEMANAS,61.0,3.0,3.0,62.89,30.0,30.0,9 MESES ,OBRAEDIFICIOLOMASVERDES,1269909-OBRAEDIFICIOLOMASVERDES
1177641.0,ADHESIVO CERAMICO POLVO ULTRA 25 KG 1 SACO,SOBRE NIVEL CRÍTICO Y PARA MÁS DE DOS SEMANAS,27.34,3.0,3.0,145.98,146.0,146.0,6 MESES,OBRAEDIFICIOLOMASVERDES,1177641-OBRAEDIFICIOLOMASVERDES
1200856.0,"ADHESIVO DE CONTACTO FLEX 125 3,8 LTS 1 GAL",SOBRE NIVEL CRÍTICO Y PARA MÁS DE DOS SEMANAS,30.36,3.0,2.0,2.11,2.11,2.11,24 MESES,OBRAEDIFICIOLOMASVERDES,1200856-OBRAEDIFICIOLOMASVERDES
1196455.0,ADHESIVO SILICONABLANCO SANISIL 280 ML 1 UN,BAJO NIVEL CRITICO Y PARA MÁS DE DOS SEMANAS,10.0,2.0,2.0,60.0,90.0,90.0,24 MESES,OBRAEDIFICIOLOMASVERDES,1196455-OBRAEDIFICIOLOMASVERDES
1177650.0,ADHESIVOBLANCO SIKACRYL+ PINTABLE 300 ML 1 UN,BAJO NIVEL CRITICO Y PARA MÁS DE DOS SEMANAS,117.45,3.0,3.0,233.25,232.75,232.75,24 MESES,OBRAEDIFICIOLOMASVERDES,1177650-OBRAEDIFICIOLOMASVERDES
1257570.0,ALFOMBRABEIGE STONE 600 GRS 1 M2,SOBRE NIVEL CRÍTICO Y PARA MÁS DE DOS SEMANAS,271.6099694824219,2.0,2.0,666.75,667.0,639.6,,OBRAEDIFICIOLOMASVERDES,1257570-OBRAEDIFICIOLOMASVERDES
1192155.0,"BISAGRA 3 1/2"" X 3 1/2"" CROMO SATIN 1 UN",SOBRE NIVEL CRÍTICO Y PARA MÁS DE DOS SEMANAS,123.0,3.0,2.0,63.0,63.0,63.0,,OBRAEDIFICIOLOMASVERDES,1192155-OBRAEDIFICIOLOMASVERDES
1192147.0,"BISAGRA 3"" X 3"" CROMO SATIN 1 UN",SOBRE NIVEL CRÍTICO Y PARA MÁS DE DOS SEMANAS,386.0,3.0,3.0,453.0,453.0,453.0,,OBRAEDIFICIOLOMASVERDES,1192147-OBRAEDIFICIOLOMASVERDES
1178193.0,"BROCHA 2"" 1 UN",SOBRE NIVEL CRÍTICO Y PARA MÁS DE DOS SEMANAS,60.59999904632569,3.0,3.0,43.0,50.0,50.0,,OBRAEDIFICIOLOMASVERDES,1178193-OBRAEDIFICIOLOMASVERDES
1179508.0,"BROCHA 4"" 1 UN",SOBRE NIVEL CRÍTICO Y PARA MÁS DE DOS SEMANAS,42.99999809265137,3.0,3.0,20.98,20.0,20.0,,OBRAEDIFICIOLOMASVERDES,1179508-OBRAEDIFICIOLOMASVERDES
1274572.0,BURLETE BAJO PUERTA 1 UN,SOBRE NIVEL CRÍTICOY SIN ENTREGA LOS ÚLTIMOS 90 DÍAS,11.0,2.0,2.0,20.0,20.0,20.0,,OBRAEDIFICIOLOMASVERDES,1274572-OBRAEDIFICIOLOMASVERDES
1274564.0,BURLETE MARCO PUERTA 1 MT,SOBRE NIVEL CRÍTICOY SIN ENTREGA LOS ÚLTIMOS 90 DÍAS,135.0,2.0,2.0,100.0,100.0,100.0,,OBRAEDIFICIOLOMASVERDES,1274564-OBRAEDIFICIOLOMASVERDES
1244103.0,CALEFON TIRO FORZADO G.N. 10 LTS C/KIT C/FLEX 1 UN,SOBRE NIVEL CRÍTICOY SIN ENTREGA LOS ÚLTIMOS 90 DÍAS,20.0,3.0,2.0,20.0,20.0,20.0,,OBRAEDIFICIOLOMASVERDES,1244103-OBRAEDIFICIOLOMASVERDES
1189722.0,CELOSIA 20 X 20 BLANCA 1 UN,SOBRE NIVEL CRÍTICO Y PARA MÁS DE DOS SEMANAS,117.17,3.0,3.0,140.0,140.0,140.0,,OBRAEDIFICIOLOMASVERDES,1189722-OBRAEDIFICIOLOMASVERDES
1178257.0,CELOSIA 30 X 30 BLANCA 1 UN,BAJO NIVEL CRITICO Y PARA MÁS DE DOS SEMANAS,5.0,2.0,2.0,40.0,40.0,10.0,,OBRAEDIFICIOLOMASVERDES,1178257-OBRAEDIFICIOLOMASVERDES
1269790.0,CEMENTO AR SIDERURGICO BIO BIO 1 KG,SOBRE NIVEL CRÍTICO Y PARA MÁS DE DOS SEMANAS,420.9999389648438,5.0,5.0,7.0,200.0,200.0,2 MESES,OBRAEDIFICIOLOMASVERDES,1269790-OBRAEDIFICIOLOMASVERDES
1295373.0,CERAMICA NEW BLANCA BRILL 25 X,SOBRE NIVEL CRÍTICO Y PARA MÁS DE DOS SEMANAS,377.96,3.0,3.0,412.76,355.24,355.24,,OBRAEDIFICIOLOMASVERDES,1295373-OBRAEDIFICIOLOMASVERDES
1285634.0,CERAMICAPLAINE CUERO  45 X 45 1 M2,SOBRE NIVEL CRÍTICO Y PARA MÁS DE DOS SEMANAS,145.8099835205078,3.0,3.0,448.49,369.8,302.28,,OBRAEDIFICIOLOMASVERDES,1285634-OBRAEDIFICIOLOMASVERDES
1251688.0,CERRADURA ACC LLAVE ANDESLOCK CILINDRICA INOX AA43-AI 1 UN,CERCA DE NIVEL CRITICO Y PARA MÁS DE DOS SEMANAS,19.0,3.0,2.0,20.0,20.0,20.0,,OBRAEDIFICIOLOMASVERDES,1251688-OBRAEDIFICIOLOMASVERDES
1251696.0,CERRADURA BAÑO ANDESLOCK CILINDRICA INOX AA44-AI 1 UN,SOBRE NIVEL CRÍTICO Y PARA MÁS DE DOS SEMANAS,32.0,3.0,3.0,40.02,40.0,40.0,,OBRAEDIFICIOLOMASVERDES,1251696-OBRAEDIFICIOLOMASVERDES
1251725.0,CERRADURA DORMITORIO - OFICINA ANDESLOCK CILINDRICA INOX AA40-AI 1 UN,BAJO NIVEL CRITICO Y PARA MENOS DE DOS SEMANAS,0.0,2.0,2.0,20.0,20.000008,20.000008,,OBRAEDIFICIOLOMASVERDES,1251725-OBRAEDIFICIOLOMASVERDES
1251709.0,CERRADURA SIMPLE PASO ANDESLOCK CILINDRICA INOX AA46-AI 1 UN,SOBRE NIVEL CRÍTICO Y PARA MÁS DE DOS SEMANAS,63.0,3.0,3.0,80.0,80.0,80.0,,OBRAEDIFICIOLOMASVERDES,1251709-OBRAEDIFICIOLOMASVERDES
1193131.0,CERROJO INOX LLAVE ANDESLOCK AX70-AI 1 UN,BAJO NIVEL CRITICOY SIN ENTREGA LOS ÚLTIMOS 90 DÍAS,20.0,3.0,2.0,20.0,20.0,20.0,,OBRAEDIFICIOLOMASVERDES,1193131-OBRAEDIFICIOLOMASVERDES
1183013.0,CINTA AUTOADHESIVA P/JUNTURA 45 MTS 1 ROLLO,SOBRE NIVEL CRÍTICO Y PARA MÁS DE DOS SEMANAS,56.75999908447265,3.0,3.0,71.73,71.72999999999999,71.72999999999999,,OBRAEDIFICIOLOMASVERDES,1183013-OBRAEDIFICIOLOMASVERDES
1252390.0,"CODO PP-R DOBLE FIJACION TINA HI 20 X 1/2"" 1 UN",SOBRE NIVEL CRÍTICOY SIN ENTREGA LOS ÚLTIMOS 90 DÍAS,46.0,2.0,2.0,40.0,40.0,40.0,,OBRAEDIFICIOLOMASVERDES,1252390-OBRAEDIFICIOLOMASVERDES
1247072.0,CODO PP-R 20 MM 1 UN,SOBRE NIVEL CRÍTICO Y PARA MÁS DE DOS SEMANAS,695.0,5.0,4.0,40.0,80.0,80.0,,OBRAEDIFICIOLOMASVERDES,1247072-OBRAEDIFICIOLOMASVERDES
1196199.0,"CODO PP-R 20 X 1/2"" HE 1 UN",SOBRE NIVEL CRÍTICO Y PARA MÁS DE DOS SEMANAS,42.0,3.0,3.0,120.0,120.0,0.0,,OBRAEDIFICIOLOMASVERDES,1196199-OBRAEDIFICIOLOMASVERDES
1196076.0,"CODO PP-R 20 X 1/2"" HI 1 UN",SOBRE NIVEL CRÍTICO Y PARA MÁS DE DOS SEMANAS,187.0,5.0,4.0,60.0,120.0,120.0,,OBRAEDIFICIOLOMASVERDES,1196076-OBRAEDIFICIOLOMASVERDES
1247081.0,CODO PP-R 25 MM 1 UN,SOBRE NIVEL CRÍTICO Y PARA MÁS DE DOS SEMANAS,252.5,5.0,4.0,87.0,167.0,167.0,,OBRAEDIFICIOLOMASVERDES,1247081-OBRAEDIFICIOLOMASVERDES
1205921.0,"CODO PP-R 25 X 1/2"" HE 1 UN",BAJO NIVEL CRITICOY SIN ENTREGA LOS ÚLTIMOS 90 DÍAS,19.0,2.0,2.0,40.0,55.0,55.0,,OBRAEDIFICIOLOMASVERDES,1205921-OBRAEDIFICIOLOMASVERDES
1190230.0,CODO PP-R 32 MM 1 UN,SOBRE NIVEL CRÍTICO Y PARA MÁS DE DOS SEMANAS,135.25,5.0,4.0,251.0,251.0,251.0,,OBRAEDIFICIOLOMASVERDES,1190230-OBRAEDIFICIOLOMASVERDES
1205841.0,CODO RED PP-R 32 X 25 MM   1 U N,BAJO NIVEL CRITICOY SIN ENTREGA LOS ÚLTIMOS 90 DÍAS,19.0,2.0,2.0,80.0,40.0,40.0,,OBRAEDIFICIOLOMASVERDES,1205841-OBRAEDIFICIOLOMASVERDES
1252533.0,COPLA PP-R 25 MM 1 UN,SOBRE NIVEL CRÍTICOY SIN ENTREGA LOS ÚLTIMOS 90 DÍAS,160.0,3.0,3.0,4.0,164.0,164.0,,OBRAEDIFICIOLOMASVERDES,1252533-OBRAEDIFICIOLOMASVERDES
1199592.0,COPLA PP-R 32 MM 1 UN,SOBRE NIVEL CRÍTICO Y PARA MÁS DE DOS SEMANAS,53.0,5.0,4.0,20.0,40.0,40.0,,OBRAEDIFICIOLOMASVERDES,1199592-OBRAEDIFICIOLOMASVERDES
1190272.0,COPLA REDUC. PP-R 32 X 25 1 UN,SOBRE NIVEL CRÍTICOY SIN ENTREGA LOS ÚLTIMOS 90 DÍAS,126.0,5.0,3.0,2.0,2.0,0.0,,OBRAEDIFICIOLOMASVERDES,1190272-OBRAEDIFICIOLOMASVERDES
1256198.0,"DESAGUE LAVATORIO 1 1/4"" C/REB /REJ 1 UN",SOBRE NIVEL CRÍTICO Y PARA MÁS DE DOS SEMANAS,62.0,3.0,2.0,20.0,20.0,20.0,,OBRAEDIFICIOLOMASVERDES,1256198-OBRAEDIFICIOLOMASVERDES
1177879.0,DESAGUE TINA/REBALSE/SIFON 1 UN,BAJO NIVEL CRITICO Y PARA MENOS DE DOS SEMANAS,0.0,3.0,3.0,40.0,40.0,40.0,,OBRAEDIFICIOLOMASVERDES,1177879-OBRAEDIFICIOLOMASVERDES
1187161.0,"ESQUINEROS METALICO 30 X 30 X 2,40 MTS 1 UN",SOBRE NIVEL CRÍTICO Y PARA MÁS DE DOS SEMANAS,90.760009765625,3.0,3.0,404.3,404.0,404.0,,OBRAEDIFICIOLOMASVERDES,1187161-OBRAEDIFICIOLOMASVERDES
1278303.0,ESTANQUE ARES  1 UN,SOBRE NIVEL CRÍTICO Y PARA MÁS DE DOS SEMANAS,64.0,2.0,2.0,40.0,40.0,40.0,,OBRAEDIFICIOLOMASVERDES,1278303-OBRAEDIFICIOLOMASVERDES
1291209.0,EXTRACTOR 12V C/TRAFO RETON 100 BTH 1 UN,BAJO NIVEL CRITICOY SIN ENTREGA LOS ÚLTIMOS 90 DÍAS,0.0,1.0,,,,,,OBRAEDIFICIOLOMASVERDES,1291209-OBRAEDIFICIOLOMASVERDES
1291188.0,EXTRACTOR RETON 100 BTH HIGRO 1 UN,BAJO NIVEL CRITICOY SIN ENTREGA LOS ÚLTIMOS 90 DÍAS,0.0,2.0,2.0,20.0,60.0,40.0,,OBRAEDIFICIOLOMASVERDES,1291188-OBRAEDIFICIOLOMASVERDES
1179524.0,FRAGUE CERAMICOBLANCO  1 KG 1 UN,SOBRE NIVEL CRÍTICO Y PARA MÁS DE DOS SEMANAS,176.01,3.0,3.0,157.24,142.76,142.76,12 MESES,OBRAEDIFICIOLOMASVERDES,1179524-OBRAEDIFICIOLOMASVERDES
1256340.0,FRAGUE CERAMICOCAPRI  1 KG 1 UN,SOBRE NIVEL CRÍTICO Y PARA MÁS DE DOS SEMANAS,95.89000023841858,3.0,3.0,91.74,90.0,90.0,12 MESES,OBRAEDIFICIOLOMASVERDES,1256340-OBRAEDIFICIOLOMASVERDES
1188877.0,GUARDAPOLVO CHAFLAN C/CANTERIA 13 X 65 MM X 3 ML 1 UN,SOBRE NIVEL CRÍTICO Y PARA MÁS DE DOS SEMANAS,356.25,3.0,2.0,412.5,413.0,413.0,,OBRAEDIFICIOLOMASVERDES,1188877-OBRAEDIFICIOLOMASVERDES
1194492.0,LANA DE VIDRIO 140 MM VOLCAN 1 M2,BAJO NIVEL CRITICOY SIN ENTREGA LOS ÚLTIMOS 90 DÍAS,8.0,3.0,2.0,257.42,257.419345,255.580655,,OBRAEDIFICIOLOMASVERDES,1194492-OBRAEDIFICIOLOMASVERDES
1181421.0,LANA DE VIDRIO 50 MM VOLCAN 1 M2,BAJO NIVEL CRITICOY SIN ENTREGA LOS ÚLTIMOS 90 DÍAS,28.79999962449074,3.0,2.0,15.85,44.65,44.65,,OBRAEDIFICIOLOMASVERDES,1181421-OBRAEDIFICIOLOMASVERDES
1295461.0,LATEX CIELOLAT BLANCO HUESO 1T,BAJO NIVEL CRITICO Y PARA MENOS DE DOS SEMANAS,0.1800013732910131,2.0,2.0,57.13,58.0,58.0,12 MESES,OBRAEDIFICIOLOMASVERDES,1295461-OBRAEDIFICIOLOMASVERDES
1295470.0,LATEX CIELOLAT BLANCO INVIERNO,BAJO NIVEL CRITICO Y PARA MÁS DE DOS SEMANAS,20.7,3.0,3.0,29.28,29.0,29.0,12 MESES,OBRAEDIFICIOLOMASVERDES,1295470-OBRAEDIFICIOLOMASVERDES
1194281.0,LAVAPLATO EMPOTRAR INOX C/REBALSE MONOMANDO DER 800 X 435 1 UN,BAJO NIVEL CRITICOY SIN ENTREGA LOS ÚLTIMOS 90 DÍAS,0.0,2.0,2.0,10.0,10.0,10.0,,OBRAEDIFICIOLOMASVERDES,1194281-OBRAEDIFICIOLOMASVERDES
1194290.0,LAVAPLATO EMPOTRAR INOX C/REBALSE MONOMANDO IZQ 800 X 435 1 UN,BAJO NIVEL CRITICOY SIN ENTREGA LOS ÚLTIMOS 90 DÍAS,0.0,2.0,2.0,10.0,10.0,10.0,,OBRAEDIFICIOLOMASVERDES,1194290-OBRAEDIFICIOLOMASVERDES
1190344.0,LLAVE PASO PP-R CAMPANA 25 MM CRM 1 UN,SOBRE NIVEL CRÍTICO Y PARA MÁS DE DOS SEMANAS,85.0,5.0,4.0,21.0,41.0,41.0,,OBRAEDIFICIOLOMASVERDES,1190344-OBRAEDIFICIOLOMASVERDES
1204540.0,LLAVE PASO PP-R CAMPANA 32 MM CRM 1 UN,BAJO NIVEL CRITICO Y PARA MÁS DE DOS SEMANAS,7.0,5.0,4.0,10.0,20.0,20.0,,OBRAEDIFICIOLOMASVERDES,1204540-OBRAEDIFICIOLOMASVERDES
1270521.0,LOSATEX (25 KG) SOQUINA 1 TINETA,BAJO NIVEL CRITICOY SIN ENTREGA LOS ÚLTIMOS 90 DÍAS,23.9899995803833,3.0,2.0,23.13,25.0,25.0,12 MESES,OBRAEDIFICIOLOMASVERDES,1270521-OBRAEDIFICIOLOMASVERDES
1251346.0,MALLA DE FIBRA DE VIDRIO 153 GRS/M2 1 X 50 WEBER MTS 1 UN,BAJO NIVEL CRITICOY SIN ENTREGA LOS ÚLTIMOS 90 DÍAS,6.0,3.0,3.0,21.8,32.0,32.0,,OBRAEDIFICIOLOMASVERDES,1251346-OBRAEDIFICIOLOMASVERDES
1182862.0,MARCO PUERTA MADERA 30 X 90 1 UN,SOBRE NIVEL CRÍTICO Y PARA MÁS DE DOS SEMANAS,86.0,3.0,3.0,140.0,140.0,140.0,,OBRAEDIFICIOLOMASVERDES,1182862-OBRAEDIFICIOLOMASVERDES
41020244.0,MARCO PUERTA MADERA ENCHAPADA MARA CLARA 40 X 90 C/RANURA BURLETE 1 UN,BAJO NIVEL CRITICOY SIN ENTREGA LOS ÚLTIMOS 90 DÍAS,20.0,2.0,,,,,,OBRAEDIFICIOLOMASVERDES,41020244-OBRAEDIFICIOLOMASVERDES
1270475.0,MARMOLINA CLAY BEIGECT-70R G.M. (25 KG) 1 TINETA,BAJO NIVEL CRITICO Y PARA MÁS DE DOS SEMANAS,39.44,3.0,3.0,51.92,30.0,30.0,24 MESES,OBRAEDIFICIOLOMASVERDES,1270475-OBRAEDIFICIOLOMASVERDES
1270467.0,MARMOLINA MOCHA BROWNCT-70R G.M. (25 KG) 1 TINETA,BAJO NIVEL CRITICO Y PARA MÁS DE DOS SEMANAS,35.6,3.0,3.0,43.24,22.0,22.0,24 MESES,OBRAEDIFICIOLOMASVERDES,1270467-OBRAEDIFICIOLOMASVERDES
1192956.0,MASTERSEAL 550 30 KG 1 JUEGO,BAJO NIVEL CRITICO Y PARA MÁS DE DOS SEMANAS,5.529999999999999,3.0,3.0,24.35,24.5,24.5,24 MESES,OBRAEDIFICIOLOMASVERDES,1192956-OBRAEDIFICIOLOMASVERDES
1182803.0,"MEDIDOR AGUA POTABLE 3/4"" 1 U N",BAJO NIVEL CRITICOY SIN ENTREGA LOS ÚLTIMOS 90 DÍAS,31.0,3.0,2.0,20.0,20.0,20.0,12 MESES,OBRAEDIFICIOLOMASVERDES,1182803-OBRAEDIFICIOLOMASVERDES
1265140.0,MOLDURA NOMASTYL 100X100 SL 1  ML,SOBRE NIVEL CRÍTICOY SIN ENTREGA LOS ÚLTIMOS 90 DÍAS,104.4799938011169,2.0,2.0,101.42,101.419997,60.08,,OBRAEDIFICIOLOMASVERDES,1265140-OBRAEDIFICIOLOMASVERDES
1288093.0,MOLDURA XPS 33X32 E6 1 ML,SOBRE NIVEL CRÍTICO Y PARA MÁS DE DOS SEMANAS,518.59,3.0,3.0,2157.74,2420.0,2420.0,,OBRAEDIFICIOLOMASVERDES,1288093-OBRAEDIFICIOLOMASVERDES
1289512.0,MONOMANDO LAVAPLATOS AREZZO,BAJO NIVEL CRITICO Y PARA MÁS DE DOS SEMANAS,3.0,2.0,2.0,20.0,20.0,20.0,,OBRAEDIFICIOLOMASVERDES,1289512-OBRAEDIFICIOLOMASVERDES
1289483.0,MONOMANDO LAVATORIO AREZZO  1 UN,BAJO NIVEL CRITICO Y PARA MENOS DE DOS SEMANAS,0.0,2.0,2.0,40.0,40.0,40.0,,OBRAEDIFICIOLOMASVERDES,1289483-OBRAEDIFICIOLOMASVERDES
1289491.0,MONOMANDO TINA-DUCHA AREZZO  1 UN,BAJO NIVEL CRITICO Y PARA MÁS DE DOS SEMANAS,1.000000190734863,2.0,2.0,40.0,40.0,40.0,,OBRAEDIFICIOLOMASVERDES,1289491-OBRAEDIFICIOLOMASVERDES
1274812.0,MORTERO BASE COAT 20 KG 1 SACO,BAJO NIVEL CRITICO Y PARA MÁS DE DOS SEMANAS,4.829999999999998,3.0,3.0,223.1,490.030342,488.0,12 MESES,OBRAEDIFICIOLOMASVERDES,1274812-OBRAEDIFICIOLOMASVERDES
41020232.0,MORTERO PRESEC 196 25 KG,BAJO NIVEL CRITICOY SIN ENTREGA LOS ÚLTIMOS 90 DÍAS,0.0,2.0,2.0,126.08,206.0,176.0,6 MESES,OBRAEDIFICIOLOMASVERDES,41020232-OBRAEDIFICIOLOMASVERDES
1191718.0,MUEBLE VANITORIO 1 UN,BAJO NIVEL CRITICO Y PARA MÁS DE DOS SEMANAS,4.0,2.0,2.0,20.0,40.0,40.0,,OBRAEDIFICIOLOMASVERDES,1191718-OBRAEDIFICIOLOMASVERDES
1275946.0,OLEO OPACO BLANCO INVIERNO CW057 SOQUINA 1 GAL,BAJO NIVEL CRITICO Y PARA MÁS DE DOS SEMANAS,8.92000030517578,2.0,2.0,27.65,27.45,27.45,,OBRAEDIFICIOLOMASVERDES,1275946-OBRAEDIFICIOLOMASVERDES
1183136.0,PAPEL FIELTRO 10/40 1 ROLLO,BAJO NIVEL CRITICOY SIN ENTREGA LOS ÚLTIMOS 90 DÍAS,1.716613766689079e-07,4.0,3.0,12.18,24.0,24.0,,OBRAEDIFICIOLOMASVERDES,1183136-OBRAEDIFICIOLOMASVERDES
1299451.0,PASTA MURO (25 KG) 1 TINETA,BAJO NIVEL CRITICO Y PARA MÁS DE DOS SEMANAS,17.03,3.0,3.0,71.35,73.0,73.0,12 MESES,OBRAEDIFICIOLOMASVERDES,1299451-OBRAEDIFICIOLOMASVERDES
1201470.0,PEGAMENTO ALFOMBRA PATEL 18 LTS,BAJO NIVEL CRITICO Y PARA MÁS DE DOS SEMANAS,2.98,2.0,2.0,11.06,11.062,11.062,12 MESES,OBRAEDIFICIOLOMASVERDES,1201470-OBRAEDIFICIOLOMASVERDES
1194169.0,"PERFIL CANAL ECO 39 X 20 X 0,5 MM X 3,00 MTS",BAJO NIVEL CRITICOY SIN ENTREGA LOS ÚLTIMOS 90 DÍAS,56.0,3.0,3.0,160.0,180.0,180.0,,OBRAEDIFICIOLOMASVERDES,1194169-OBRAEDIFICIOLOMASVERDES
1188033.0,"PERFIL CANAL NORMAL 61 X 20 X 0,5 MM X 3 MTS 1 UN",BAJO NIVEL CRITICO Y PARA MENOS DE DOS SEMANAS,-23.0,3.0,3.0,433.0,429.0,259.996667,,OBRAEDIFICIOLOMASVERDES,1188033-OBRAEDIFICIOLOMASVERDES
1199752.0,"PERFIL MONTANTE ECO 38 X 38 X 0,5 MM X 2,4 MTS 1 TIRA",SOBRE NIVEL CRÍTICO Y PARA MÁS DE DOS SEMANAS,166.5,3.0,3.0,242.5,200.0,200.0,,OBRAEDIFICIOLOMASVERDES,1199752-OBRAEDIFICIOLOMASVERDES
1188025.0,"PERFIL MONTANTE NORMAL 60 X 38 X 0,5 MM X 2,4 MTS 1 UN",SOBRE NIVEL CRÍTICO Y PARA MÁS DE DOS SEMANAS,1031.49,3.0,3.0,1441.77,1441.0,1441.0,,OBRAEDIFICIOLOMASVERDES,1188025-OBRAEDIFICIOLOMASVERDES
1273393.0,PILASTRA PINO 13X45 MM X 3ML,SOBRE NIVEL CRÍTICOY SIN ENTREGA LOS ÚLTIMOS 90 DÍAS,160.0,3.0,2.0,140.0,210.0,210.0,,OBRAEDIFICIOLOMASVERDES,1273393-OBRAEDIFICIOLOMASVERDES
1193713.0,"PINO 2"" X 2"" X 3,20 MT IMPREGNADO",CERCA DE NIVEL CRITICO Y PARA MÁS DE DOS SEMANAS,76.0,3.0,3.0,396.0,396.0,396.0,,OBRAEDIFICIOLOMASVERDES,1193713-OBRAEDIFICIOLOMASVERDES
1275938.0,PINTURA ESMALTE AL AGUABLANCO HUESO CP-70  1 TIN,BAJO NIVEL CRITICO Y PARA MÁS DE DOS SEMANAS,11.53999931335449,2.0,2.0,0.5,0.5,0.5,12 MESES,OBRAEDIFICIOLOMASVERDES,1275938-OBRAEDIFICIOLOMASVERDES
1275920.0,PINTURA ESMALTE AL AGUABLANCO INVIERNO CP-70  1 TIN,BAJO NIVEL CRITICOY SIN ENTREGA LOS ÚLTIMOS 90 DÍAS,7.659999880790711,3.0,2.0,1.54,0.4,0.4000000000000001,12 MESES,OBRAEDIFICIOLOMASVERDES,1275920-OBRAEDIFICIOLOMASVERDES
1275217.0,PINTURA IMPERMEABILIZANTE MASTERWALL CLAY BEIGE 1 TINETA,BAJO NIVEL CRITICOY SIN ENTREGA LOS ÚLTIMOS 90 DÍAS,17.01999998092651,3.0,3.0,15.5,8.0,8.0,12 MESES,OBRAEDIFICIOLOMASVERDES,1275217-OBRAEDIFICIOLOMASVERDES
1275225.0,PINTURA IMPERMEABILIZANTE MASTERWALL MOCHA BROWN 1 TINETA,BAJO NIVEL CRITICO Y PARA MÁS DE DOS SEMANAS,18.92,3.0,3.0,18.49,11.0,11.0,12 MESES,OBRAEDIFICIOLOMASVERDES,1275225-OBRAEDIFICIOLOMASVERDES
1188105.0,PLANCHA FIBROCEMENTO 4 MM VOLCAN 1 PLANCHA,BAJO NIVEL CRITICOY SIN ENTREGA LOS ÚLTIMOS 90 DÍAS,26.04,3.0,3.0,33.46,51.0,51.0,,OBRAEDIFICIOLOMASVERDES,1188105-OBRAEDIFICIOLOMASVERDES
1259305.0,"PLANCHA OSB PROTEC 11,1 MM X 2,4 4 X 1,22 MTS LP 1 UN",BAJO NIVEL CRITICOY SIN ENTREGA LOS ÚLTIMOS 90 DÍAS,0.0,3.0,3.0,146.0,156.0,154.0,,OBRAEDIFICIOLOMASVERDES,1259305-OBRAEDIFICIOLOMASVERDES
1182758.0,"PLANCHA YESO-CARTON RH 12,5 MM 1,20 X 2,40 VOLCAN 1 PLANCHA",BAJO NIVEL CRITICO Y PARA MENOS DE DOS SEMANAS,5.0,3.0,3.0,240.0,136.0,136.0,,OBRAEDIFICIOLOMASVERDES,1182758-OBRAEDIFICIOLOMASVERDES
1179698.0,"PLANCHA YESO-CARTON ST 10 MM 1,20 X 2,40 VOLCAN 1 PLANCHA",SOBRE NIVEL CRÍTICO Y PARA MÁS DE DOS SEMANAS,187.9999560546875,3.0,3.0,948.0,1146.0,656.0,,OBRAEDIFICIOLOMASVERDES,1179698-OBRAEDIFICIOLOMASVERDES
1278928.0,POLIESTIRENO EXP. 30 MM (20KG/ M3) 1 PLANCHA,BAJO NIVEL CRITICOY SIN ENTREGA LOS ÚLTIMOS 90 DÍAS,76.0,5.0,4.0,172.0,172.0,172.0,,OBRAEDIFICIOLOMASVERDES,1278928-OBRAEDIFICIOLOMASVERDES
1282134.0,POLIESTIRENO EXP. 50 MM (20KG/ M3) 1 PLANCHA,BAJO NIVEL CRITICOY SIN ENTREGA LOS ÚLTIMOS 90 DÍAS,0.0,3.0,3.0,1581.69,150.0,150.0,,OBRAEDIFICIOLOMASVERDES,1282134-OBRAEDIFICIOLOMASVERDES
1278952.0,POLIESTIRENO EXP. 80 MM (20KG/ M3) 1 PLANCHA,SOBRE NIVEL CRÍTICOY SIN ENTREGA LOS ÚLTIMOS 90 DÍAS,861.3599999999999,3.0,3.0,1575.69,2102.0,2102.0,,OBRAEDIFICIOLOMASVERDES,1278952-OBRAEDIFICIOLOMASVERDES
1191945.0,PROMOTOR DE ADHERENCIA TECNO BOND  20 KG 1 TIN,BAJO NIVEL CRITICO Y PARA MÁS DE DOS SEMANAS,2.77,3.0,3.0,14.97,17.0,17.0,12 MESES,OBRAEDIFICIOLOMASVERDES,1191945-OBRAEDIFICIOLOMASVERDES
1290011.0,"PUERTA CAPRI III ENCHAP. M. CLARA 0,85 X 2,00 M 1 UN",BAJO NIVEL CRITICOY SIN ENTREGA LOS ÚLTIMOS 90 DÍAS,7.0,2.0,2.0,20.0,2.0,2.0,,OBRAEDIFICIOLOMASVERDES,1290011-OBRAEDIFICIOLOMASVERDES
1244015.0,"PUERTA MDF INTERIOR PREPINTADA 2V+5H 0,70 X 2,00 MT 1 UN",BAJO NIVEL CRITICO Y PARA MÁS DE DOS SEMANAS,80.0,3.0,3.0,100.0,100.0,100.0,,OBRAEDIFICIOLOMASVERDES,1244015-OBRAEDIFICIOLOMASVERDES
1244023.0,"PUERTA MDF INTERIOR PREPINTADA 2V+5H 0,75 X 2,00 MT 1 UN",BAJO NIVEL CRITICO Y PARA MÁS DE DOS SEMANAS,28.0,3.0,3.0,30.0,30.0,30.0,,OBRAEDIFICIOLOMASVERDES,1244023-OBRAEDIFICIOLOMASVERDES
1243987.0,"PUERTA MDF PREP. AMPARO 0,60 X 2,00 MT",BAJO NIVEL CRITICO Y PARA MÁS DE DOS SEMANAS,12.0,3.0,3.0,10.0,10.0,10.0,,OBRAEDIFICIOLOMASVERDES,1243987-OBRAEDIFICIOLOMASVERDES
1177810.0,RODILLO CHIPORRO 18 CM 1 UN,BAJO NIVEL CRITICO Y PARA MÁS DE DOS SEMANAS,22.43000133514402,4.0,4.0,0.25,1.0,1.0,,OBRAEDIFICIOLOMASVERDES,1177810-OBRAEDIFICIOLOMASVERDES
1183128.0,"SIFON BOTELLA 1 1/4"" SALIDA CURVA 1 UN",BAJO NIVEL CRITICO Y PARA MÁS DE DOS SEMANAS,40.0,3.0,2.0,40.0,61.0,61.0,,OBRAEDIFICIOLOMASVERDES,1183128-OBRAEDIFICIOLOMASVERDES
1177887.0,"SIFON LOA LAVAPLATOS S/CURVA 1 1/2"" 1 UN",BAJO NIVEL CRITICO Y PARA MÁS DE DOS SEMANAS,46.0,3.0,2.0,40.0,64.0,64.0,,OBRAEDIFICIOLOMASVERDES,1177887-OBRAEDIFICIOLOMASVERDES
1279584.0,"SIKABOND MONTAJE 3,8 KG BALDES",BAJO NIVEL CRITICO Y PARA MÁS DE DOS SEMANAS,50.09,3.0,3.0,78.41,76.0,76.0,12 MESES,OBRAEDIFICIOLOMASVERDES,1279584-OBRAEDIFICIOLOMASVERDES
1276771.0,SILICONA SANISIL TRANSPARENTE 1 UN,BAJO NIVEL CRITICOY SIN ENTREGA LOS ÚLTIMOS 90 DÍAS,9.5,2.0,2.0,25.0,62.0,62.0,24 MESES,OBRAEDIFICIOLOMASVERDES,1276771-OBRAEDIFICIOLOMASVERDES
1199517.0,SOBREPASO PP-R 20 MM 1 UN,SOBRE NIVEL CRÍTICO Y PARA MÁS DE DOS SEMANAS,119.0,5.0,4.0,20.0,40.0,40.0,,OBRAEDIFICIOLOMASVERDES,1199517-OBRAEDIFICIOLOMASVERDES
1199525.0,SOBREPASO PP-R 25 MM 1 UN,SOBRE NIVEL CRÍTICO Y PARA MÁS DE DOS SEMANAS,173.0,5.0,4.0,20.0,40.0,40.0,,OBRAEDIFICIOLOMASVERDES,1199525-OBRAEDIFICIOLOMASVERDES
1251805.0,TABLON FLEXIBLE LVT 3 MM 1 M2,SOBRE NIVEL CRÍTICO Y PARA MÁS DE DOS SEMANAS,549.6600065803527,3.0,2.0,447.48,558.15,558.15,,OBRAEDIFICIOLOMASVERDES,1251805-OBRAEDIFICIOLOMASVERDES
1187751.0,"TAPACAN SMARTSIDE TRIM 7 1/4"" LP 1 UN",BAJO NIVEL CRITICOY SIN ENTREGA LOS ÚLTIMOS 90 DÍAS,8.0,3.0,3.0,15.4,32.0,32.0,,OBRAEDIFICIOLOMASVERDES,1187751-OBRAEDIFICIOLOMASVERDES
1248032.0,"TAPON PP-R 1/2"" HE 1 UN",SOBRE NIVEL CRÍTICO Y PARA MÁS DE DOS SEMANAS,206.0,3.0,3.0,160.0,160.0,0.0,,OBRAEDIFICIOLOMASVERDES,1248032-OBRAEDIFICIOLOMASVERDES
1248041.0,"TAPON PP-R 1/2"" HI 1 UN",SOBRE NIVEL CRÍTICOY SIN ENTREGA LOS ÚLTIMOS 90 DÍAS,289.0,3.0,3.0,40.0,40.0,0.0,,OBRAEDIFICIOLOMASVERDES,1248041-OBRAEDIFICIOLOMASVERDES
1204515.0,TEE PP-R 25 MM 1 UN,SOBRE NIVEL CRÍTICOY SIN ENTREGA LOS ÚLTIMOS 90 DÍAS,211.0,3.0,3.0,1.0,1.0,0.0,,OBRAEDIFICIOLOMASVERDES,1204515-OBRAEDIFICIOLOMASVERDES
1252971.0,TEE PP-R 32 MM 1 UN,SOBRE NIVEL CRÍTICO Y PARA MÁS DE DOS SEMANAS,177.0,5.0,4.0,10.0,20.0,20.0,,OBRAEDIFICIOLOMASVERDES,1252971-OBRAEDIFICIOLOMASVERDES
1190336.0,TEE RED PP-R 32 X 20 X 32 MM ,BAJO NIVEL CRITICO Y PARA MENOS DE DOS SEMANAS,0.0,5.0,4.0,20.0,40.0,40.0,,OBRAEDIFICIOLOMASVERDES,1190336-OBRAEDIFICIOLOMASVERDES
1247110.0,TEE RED.20 X 25 X 20 PP-R 1 UN,SOBRE NIVEL CRÍTICO Y PARA MÁS DE DOS SEMANAS,280.0,3.0,3.0,40.0,160.0,160.0,,OBRAEDIFICIOLOMASVERDES,1247110-OBRAEDIFICIOLOMASVERDES
1247128.0,TEE RED.25 X 20 X 20 PP-R 1 UN,CERCA DE NIVEL CRITICO Y PARA MÁS DE DOS SEMANAS,115.0,5.0,4.0,20.0,36.0,36.0,,OBRAEDIFICIOLOMASVERDES,1247128-OBRAEDIFICIOLOMASVERDES
1190299.0,TEE RED.25 X 20 X 25 PP-R 1 UN,BAJO NIVEL CRITICOY SIN ENTREGA LOS ÚLTIMOS 90 DÍAS,-1.0,2.0,2.0,40.0,26.0,26.0,,OBRAEDIFICIOLOMASVERDES,1190299-OBRAEDIFICIOLOMASVERDES
1247144.0,TEE RED.25 X 25 X 20 PP-R 1 UN,SOBRE NIVEL CRÍTICOY SIN ENTREGA LOS ÚLTIMOS 90 DÍAS,175.0,2.0,2.0,80.0,120.0,120.0,,OBRAEDIFICIOLOMASVERDES,1247144-OBRAEDIFICIOLOMASVERDES
1247161.0,TEE RED.32 X 25 X 25 PP-R 1 UN,BAJO NIVEL CRITICO Y PARA MÁS DE DOS SEMANAS,14.0,5.0,4.0,20.0,40.0,40.0,,OBRAEDIFICIOLOMASVERDES,1247161-OBRAEDIFICIOLOMASVERDES
1255566.0,TEE RED.32 X 25 X 32 PP-R 1 UN,BAJO NIVEL CRITICO Y PARA MÁS DE DOS SEMANAS,56.0,5.0,4.0,28.0,44.0,44.0,,OBRAEDIFICIOLOMASVERDES,1255566-OBRAEDIFICIOLOMASVERDES
1291532.0,TEJA ASFALTICA SUPREME ONIX BLACK M2,BAJO NIVEL CRITICOY SIN ENTREGA LOS ÚLTIMOS 90 DÍAS,0.0,4.0,3.0,414.02,458.8,458.8,,OBRAEDIFICIOLOMASVERDES,1291532-OBRAEDIFICIOLOMASVERDES
1252980.0,"TERMINAL PP-R 32 X 1"" HE 1 UN",BAJO NIVEL CRITICO Y PARA MÁS DE DOS SEMANAS,3.0,3.0,3.0,5.0,10.0,5.0,,OBRAEDIFICIOLOMASVERDES,1252980-OBRAEDIFICIOLOMASVERDES
1273318.0,"TERMINAL PP-R 32 X 3/4"" HI 1 UN",BAJO NIVEL CRITICOY SIN ENTREGA LOS ÚLTIMOS 90 DÍAS,23.0,3.0,3.0,20.0,20.0,0.0,,OBRAEDIFICIOLOMASVERDES,1273318-OBRAEDIFICIOLOMASVERDES
1189280.0,"TINA 1,05 X 0,70 MTS AC ESMALTADA SENSI DACQUA 1 UN",BAJO NIVEL CRITICO Y PARA MENOS DE DOS SEMANAS,0.0,3.0,3.0,20.0,20.0,20.0,,OBRAEDIFICIOLOMASVERDES,1189280-OBRAEDIFICIOLOMASVERDES
1180331.0,"TINA 1,20 X 0,70 MTS BLANCA ES MALTADA SENSI DACQUA 1 UN",BAJO NIVEL CRITICO Y PARA MENOS DE DOS SEMANAS,0.0,3.0,3.0,20.0,20.0,20.0,,OBRAEDIFICIOLOMASVERDES,1180331-OBRAEDIFICIOLOMASVERDES
1205850.0,TUBERIA PP-R 20 MM PN-16 1 ML,SOBRE NIVEL CRÍTICO Y PARA MÁS DE DOS SEMANAS,177.6,5.0,4.0,50.0,100.0,100.0,,OBRAEDIFICIOLOMASVERDES,1205850-OBRAEDIFICIOLOMASVERDES
1205868.0,TUBERIA PP-R 25 MM PN-16 1 ML,SOBRE NIVEL CRÍTICO Y PARA MÁS DE DOS SEMANAS,243.35,5.0,4.0,59.5,98.0,98.0,,OBRAEDIFICIOLOMASVERDES,1205868-OBRAEDIFICIOLOMASVERDES
1205876.0,TUBERIA PP-R 32 MM PN-16 1 ML,SOBRE NIVEL CRÍTICO Y PARA MÁS DE DOS SEMANAS,1073.0,5.0,4.0,603.0,601.0,601.0,,OBRAEDIFICIOLOMASVERDES,1205876-OBRAEDIFICIOLOMASVERDES
1254900.0,TUBERIA PP-R 75 MM PN-16 1 ML,BAJO NIVEL CRITICOY SIN ENTREGA LOS ÚLTIMOS 90 DÍAS,104.0,5.0,2.0,29.0,41.0,9.0,,OBRAEDIFICIOLOMASVERDES,1254900-OBRAEDIFICIOLOMASVERDES
1254897.0,TUBERIA PP-R 90 MM PN-16 1 ML,CERCA DE NIVEL CRITICOY SIN ENTREGA LOS ÚLTIMOS 90 DÍAS,122.0,3.0,3.0,14.0,25.0,25.0,,OBRAEDIFICIOLOMASVERDES,1254897-OBRAEDIFICIOLOMASVERDES
1275065.0,"VENTILACION PASIVA 4"" 1 UN",BAJO NIVEL CRITICOY SIN ENTREGA LOS ÚLTIMOS 90 DÍAS,70.0,3.0,3.0,80.0,80.0,80.0,,OBRAEDIFICIOLOMASVERDES,1275065-OBRAEDIFICIOLOMASVERDES
,,,,,,,,,,OBRAEDIFICIOLOMASVERDES,
41020430.0,WC ARES DESCARGA DUAL 1 UN,BAJO NIVEL CRITICOY SIN ENTREGA LOS ÚLTIMOS 90 DÍAS,7.0,,,,,,,OBRAEDIFICIOLOMASVERDES,41020430-OBRAEDIFICIOLOMASVERDES
1268615.0,YESO EXPRESS VOLCAN 25 KG,BAJO NIVEL CRITICO Y PARA MENOS DE DOS SEMANAS,16.60002075195314,3.0,3.0,274.51,345.69132,345.69132,6 MESES,OBRAEDIFICIOLOMASVERDES,1268615-OBRAEDIFICIOLOMASVERDES
,,,,,1.0,173.66,70.0,0.0,,OBRAEDIFICIOLOMASVERDES,
,,,,,1.0,173.66,70.0,0.0,,OBRAEDIFICIOLOMASVERDES,
,,,,,1.0,173.66,70.0,0.0,,OBRAEDIFICIOLOMASVERDES,
,,,,,1.0,173.66,70.0,0.0,,OBRAEDIFICIOLOMASVERDES,
,,,,,1.0,173.66,70.0,0.0,,OBRAEDIFICIOLOMASVERDES,
,,,,,1.0,173.66,70.0,0.0,,OBRAEDIFICIOLOMASVERDES,
,,,,,1.0,173.66,70.0,0.0,,OBRAEDIFICIOLOMASVERDES,
,,,,,1.0,173.66,70.0,0.0,,OBRAEDIFICIOLOMASVERDES,
,,,,,1.0,173.66,70.0,0.0,,OBRAEDIFICIOLOMASVERDES,
,,,,,1.0,173.66,70.0,0.0,,OBRAEDIFICIOLOMASVERDES,
,,,,,1.0,173.66,70.0,0.0,,OBRAEDIFICIOLOMASVERDES,
,,,,,1.0,173.66,70.0,0.0,,OBRAEDIFICIOLOMASVERDES,
,,,,,1.0,173.66,70.0,0.0,,OBRAEDIFICIOLOMASVERDES,
,,,,,1.0,173.66,70.0,0.0,,OBRAEDIFICIOLOMASVERDES,
1269909.0,ADHESIVO CERAMICO EN PASTA AC  25 KG 1 TIN,SOBRE NIVEL CRÍTICO Y PARA MENOS DE DOS SEMANAS,7.0,1.0,1.0,62.89,85.0,85.0,9 MESES ,OBRAEDIFICIOPARQUENORTE,1269909-OBRAEDIFICIOPARQUENORTE
1177641.0,ADHESIVO CERAMICO POLVO ULTRA 25 KG 1 SACO,SOBRE NIVEL CRÍTICO Y PARA MÁS DE DOS SEMANAS,31.00000259399414,1.0,1.0,146.38,147.0,147.0,6 MESES,OBRAEDIFICIOPARQUENORTE,1177641-OBRAEDIFICIOPARQUENORTE
1200856.0,"ADHESIVO DE CONTACTO FLEX 125 3,8 LTS 1 GAL",SOBRE NIVEL CRÍTICOY SIN ENTREGA LOS ÚLTIMOS 90 DÍAS,33.0,1.0,3.0,64.44,13.0,13.0,24 MESES,OBRAEDIFICIOPARQUENORTE,1200856-OBRAEDIFICIOPARQUENORTE
1196455.0,ADHESIVO SILICONABLANCO SANISIL 280 ML 1 UN,BAJO NIVEL CRITICO Y PARA MÁS DE DOS SEMANAS,46.0,1.0,1.0,60.0,60.0,60.0,24 MESES,OBRAEDIFICIOPARQUENORTE,1196455-OBRAEDIFICIOPARQUENORTE
1177650.0,ADHESIVOBLANCO SIKACRYL+ PINTABLE 300 ML 1 UN,BAJO NIVEL CRITICOY SIN ENTREGA LOS ÚLTIMOS 90 DÍAS,166.99998046875,1.0,1.0,233.16,228.0,228.0,24 MESES,OBRAEDIFICIOPARQUENORTE,1177650-OBRAEDIFICIOPARQUENORTE
1257570.0,ALFOMBRABEIGE STONE 600 GRS 1 M2,SOBRE NIVEL CRÍTICOY SIN ENTREGA LOS ÚLTIMOS 90 DÍAS,803.8,1.0,3.0,666.75,825.0,825.0,,OBRAEDIFICIOPARQUENORTE,1257570-OBRAEDIFICIOPARQUENORTE
1192155.0,"BISAGRA 3 1/2"" X 3 1/2"" CROMO SATIN 1 UN",SOBRE NIVEL CRÍTICOY SIN ENTREGA LOS ÚLTIMOS 90 DÍAS,121.0,2.0,3.0,60.0,60.0,60.0,,OBRAEDIFICIOPARQUENORTE,1192155-OBRAEDIFICIOPARQUENORTE
1192147.0,"BISAGRA 3"" X 3"" CROMO SATIN 1 UN",SOBRE NIVEL CRÍTICOY SIN ENTREGA LOS ÚLTIMOS 90 DÍAS,470.0,2.0,1.0,453.0,456.0,456.0,,OBRAEDIFICIOPARQUENORTE,1192147-OBRAEDIFICIOPARQUENORTE
1178193.0,"BROCHA 2"" 1 UN",SOBRE NIVEL CRÍTICO Y PARA MÁS DE DOS SEMANAS,18.99999847412109,3.0,3.0,2.0,2.0,2.0,,OBRAEDIFICIOPARQUENORTE,1178193-OBRAEDIFICIOPARQUENORTE
1179508.0,"BROCHA 4"" 1 UN",SOBRE NIVEL CRÍTICO Y PARA MÁS DE DOS SEMANAS,67.9999984741211,2.0,2.0,20.0,20.0,20.0,,OBRAEDIFICIOPARQUENORTE,1179508-OBRAEDIFICIOPARQUENORTE
1274572.0,BURLETE BAJO PUERTA 1 UN,SOBRE NIVEL CRÍTICOY SIN ENTREGA LOS ÚLTIMOS 90 DÍAS,26.0,1.0,3.0,21.0,21.0,21.0,,OBRAEDIFICIOPARQUENORTE,1274572-OBRAEDIFICIOPARQUENORTE
1274564.0,BURLETE MARCO PUERTA 1 MT,SOBRE NIVEL CRÍTICOY SIN ENTREGA LOS ÚLTIMOS 90 DÍAS,100.0,1.0,3.0,100.0,119.0,119.0,,OBRAEDIFICIOPARQUENORTE,1274564-OBRAEDIFICIOPARQUENORTE
1244103.0,CALEFON TIRO FORZADO G.N. 10 LTS C/KIT C/FLEX 1 UN,SOBRE NIVEL CRÍTICOY SIN ENTREGA LOS ÚLTIMOS 90 DÍAS,19.0,1.0,3.0,20.0,20.0,20.0,,OBRAEDIFICIOPARQUENORTE,1244103-OBRAEDIFICIOPARQUENORTE
1189722.0,CELOSIA 20 X 20 BLANCA 1 UN,SOBRE NIVEL CRÍTICO Y PARA MÁS DE DOS SEMANAS,275.0,3.0,1.0,160.0,160.0,160.0,,OBRAEDIFICIOPARQUENORTE,1189722-OBRAEDIFICIOPARQUENORTE
1178257.0,CELOSIA 30 X 30 BLANCA 1 UN,SOBRE NIVEL CRÍTICOY SIN ENTREGA LOS ÚLTIMOS 90 DÍAS,140.0,2.0,2.0,48.0,50.0,50.0,,OBRAEDIFICIOPARQUENORTE,1178257-OBRAEDIFICIOPARQUENORTE
1269790.0,CEMENTO AR SIDERURGICO BIO BIO 1 KG,BAJO NIVEL CRITICOY SIN ENTREGA LOS ÚLTIMOS 90 DÍAS,0.0001757812499363354,2.0,2.0,166.0,500.0,500.0,2 MESES,OBRAEDIFICIOPARQUENORTE,1269790-OBRAEDIFICIOPARQUENORTE
1295373.0,CERAMICA NEW BLANCA BRILL 25 X,SOBRE NIVEL CRÍTICO Y PARA MÁS DE DOS SEMANAS,630.63,2.0,2.0,412.76,414.0,414.0,,OBRAEDIFICIOPARQUENORTE,1295373-OBRAEDIFICIOPARQUENORTE
1285634.0,CERAMICAPLAINE CUERO  45 X 45 1 M2,SOBRE NIVEL CRÍTICO Y PARA MÁS DE DOS SEMANAS,777.0600067138672,2.0,1.0,448.06,448.06,448.06,,OBRAEDIFICIOPARQUENORTE,1285634-OBRAEDIFICIOPARQUENORTE
1251688.0,CERRADURA ACC LLAVE ANDESLOCK CILINDRICA INOX AA43-AI 1 UN,SOBRE NIVEL CRÍTICOY SIN ENTREGA LOS ÚLTIMOS 90 DÍAS,35.0,2.0,3.0,21.0,57.0,54.0,,OBRAEDIFICIOPARQUENORTE,1251688-OBRAEDIFICIOPARQUENORTE
1251696.0,CERRADURA BAÑO ANDESLOCK CILINDRICA INOX AA44-AI 1 UN,SOBRE NIVEL CRÍTICO Y PARA MÁS DE DOS SEMANAS,46.0,2.0,2.0,40.02,40.0,40.0,,OBRAEDIFICIOPARQUENORTE,1251696-OBRAEDIFICIOPARQUENORTE
1251725.0,CERRADURA DORMITORIO - OFICINA ANDESLOCK CILINDRICA INOX AA40-AI 1 UN,SOBRE NIVEL CRÍTICO Y PARA MÁS DE DOS SEMANAS,23.0,2.0,2.0,20.0,20.0,20.0,,OBRAEDIFICIOPARQUENORTE,1251725-OBRAEDIFICIOPARQUENORTE
1251709.0,CERRADURA SIMPLE PASO ANDESLOCK CILINDRICA INOX AA46-AI 1 UN,SOBRE NIVEL CRÍTICO Y PARA MÁS DE DOS SEMANAS,95.0,2.0,2.0,80.0,80.0,80.0,,OBRAEDIFICIOPARQUENORTE,1251709-OBRAEDIFICIOPARQUENORTE
1193131.0,CERROJO INOX LLAVE ANDESLOCK AX70-AI 1 UN,SOBRE NIVEL CRÍTICOY SIN ENTREGA LOS ÚLTIMOS 90 DÍAS,40.0,2.0,3.0,20.0,32.0,32.0,,OBRAEDIFICIOPARQUENORTE,1193131-OBRAEDIFICIOPARQUENORTE
1183013.0,CINTA AUTOADHESIVA P/JUNTURA 45 MTS 1 ROLLO,BAJO NIVEL CRITICO Y PARA MÁS DE DOS SEMANAS,15.0,2.0,1.0,70.8,111.0,111.0,,OBRAEDIFICIOPARQUENORTE,1183013-OBRAEDIFICIOPARQUENORTE
1252390.0,"CODO PP-R DOBLE FIJACION TINA HI 20 X 1/2"" 1 UN",,,,,,,,,OBRAEDIFICIOPARQUENORTE,1252390-OBRAEDIFICIOPARQUENORTE
1247072.0,CODO PP-R 20 MM 1 UN,SOBRE NIVEL CRÍTICO Y PARA MÁS DE DOS SEMANAS,464.0,4.0,4.0,42.0,82.0,82.0,,OBRAEDIFICIOPARQUENORTE,1247072-OBRAEDIFICIOPARQUENORTE
1196199.0,"CODO PP-R 20 X 1/2"" HE 1 UN",SOBRE NIVEL CRÍTICO Y PARA MÁS DE DOS SEMANAS,142.0,2.0,1.0,120.0,144.0,144.0,,OBRAEDIFICIOPARQUENORTE,1196199-OBRAEDIFICIOPARQUENORTE
1196076.0,"CODO PP-R 20 X 1/2"" HI 1 UN",SOBRE NIVEL CRÍTICO Y PARA MÁS DE DOS SEMANAS,164.0,4.0,3.0,60.0,120.0,120.0,,OBRAEDIFICIOPARQUENORTE,1196076-OBRAEDIFICIOPARQUENORTE
1247081.0,CODO PP-R 25 MM 1 UN,CERCA DE NIVEL CRITICO Y PARA MÁS DE DOS SEMANAS,30.0,4.0,4.0,90.0,180.0,180.0,,OBRAEDIFICIOPARQUENORTE,1247081-OBRAEDIFICIOPARQUENORTE
1190230.0,CODO PP-R 32 MM 1 UN,SOBRE NIVEL CRÍTICO Y PARA MÁS DE DOS SEMANAS,73.0,4.0,4.0,251.0,291.0,291.0,,OBRAEDIFICIOPARQUENORTE,1190230-OBRAEDIFICIOPARQUENORTE
1205841.0,CODO RED PP-R 32 X 25 MM   1 U N,SOBRE NIVEL CRÍTICOY SIN ENTREGA LOS ÚLTIMOS 90 DÍAS,257.0,3.0,3.0,50.0,12.0,12.0,,OBRAEDIFICIOPARQUENORTE,1205841-OBRAEDIFICIOPARQUENORTE
1252533.0,COPLA PP-R 25 MM 1 UN,SOBRE NIVEL CRÍTICO Y PARA MÁS DE DOS SEMANAS,53.0,4.0,4.0,4.0,4.0,4.0,,OBRAEDIFICIOPARQUENORTE,1252533-OBRAEDIFICIOPARQUENORTE
1199592.0,COPLA PP-R 32 MM 1 UN,BAJO NIVEL CRITICO Y PARA MÁS DE DOS SEMANAS,13.0,4.0,4.0,20.0,40.0,40.0,,OBRAEDIFICIOPARQUENORTE,1199592-OBRAEDIFICIOPARQUENORTE
1190272.0,COPLA REDUC. PP-R 32 X 25 1 UN,BAJO NIVEL CRITICOY SIN ENTREGA LOS ÚLTIMOS 90 DÍAS,1.0,4.0,4.0,1.0,1.0,1.0,,OBRAEDIFICIOPARQUENORTE,1190272-OBRAEDIFICIOPARQUENORTE
1256198.0,"DESAGUE LAVATORIO 1 1/4"" C/REB /REJ 1 UN",SOBRE NIVEL CRÍTICOY SIN ENTREGA LOS ÚLTIMOS 90 DÍAS,81.0,2.0,,,,,,OBRAEDIFICIOPARQUENORTE,1256198-OBRAEDIFICIOPARQUENORTE
1177879.0,DESAGUE TINA/REBALSE/SIFON 1 UN,SOBRE NIVEL CRÍTICOY SIN ENTREGA LOS ÚLTIMOS 90 DÍAS,45.0,2.0,1.0,40.0,40.0,40.0,,OBRAEDIFICIOPARQUENORTE,1177879-OBRAEDIFICIOPARQUENORTE
1187161.0,"ESQUINEROS METALICO 30 X 30 X 2,40 MTS 1 UN",SOBRE NIVEL CRÍTICO Y PARA MÁS DE DOS SEMANAS,903.0,3.0,2.0,633.47,622.0,622.0,,OBRAEDIFICIOPARQUENORTE,1187161-OBRAEDIFICIOPARQUENORTE
1278303.0,ESTANQUE ARES  1 UN,CERCA DE NIVEL CRITICOY SIN ENTREGA LOS ÚLTIMOS 90 DÍAS,40.0,1.0,3.0,40.0,40.0,40.0,,OBRAEDIFICIOPARQUENORTE,1278303-OBRAEDIFICIOPARQUENORTE
1291209.0,EXTRACTOR 12V C/TRAFO RETON 100 BTH 1 UN,CERCA DE NIVEL CRITICO Y PARA MÁS DE DOS SEMANAS,40.0,1.0,1.0,40.0,40.0,40.0,,OBRAEDIFICIOPARQUENORTE,1291209-OBRAEDIFICIOPARQUENORTE
1291188.0,EXTRACTOR RETON 100 BTH HIGRO 1 UN,BAJO NIVEL CRITICOY SIN ENTREGA LOS ÚLTIMOS 90 DÍAS,30.0,2.0,3.0,20.0,13.0,13.0,,OBRAEDIFICIOPARQUENORTE,1291188-OBRAEDIFICIOPARQUENORTE
1179524.0,FRAGUE CERAMICOBLANCO  1 KG 1 UN,BAJO NIVEL CRITICO Y PARA MÁS DE DOS SEMANAS,31.99988281249989,1.0,1.0,157.24,160.0,160.0,12 MESES,OBRAEDIFICIOPARQUENORTE,1179524-OBRAEDIFICIOPARQUENORTE
1256340.0,FRAGUE CERAMICOCAPRI  1 KG 1 UN,SOBRE NIVEL CRÍTICO Y PARA MÁS DE DOS SEMANAS,72.00000022888185,2.0,1.0,124.95,137.0,137.0,12 MESES,OBRAEDIFICIOPARQUENORTE,1256340-OBRAEDIFICIOPARQUENORTE
1188877.0,GUARDAPOLVO CHAFLAN C/CANTERIA 13 X 65 MM X 3 ML 1 UN,BAJO NIVEL CRITICOY SIN ENTREGA LOS ÚLTIMOS 90 DÍAS,0.0,1.0,3.0,412.5,412.5,412.5,,OBRAEDIFICIOPARQUENORTE,1188877-OBRAEDIFICIOPARQUENORTE
1194492.0,LANA DE VIDRIO 140 MM VOLCAN 1 M2,SOBRE NIVEL CRÍTICO Y PARA MÁS DE DOS SEMANAS,414.0,4.0,3.0,257.42,261.0,261.0,,OBRAEDIFICIOPARQUENORTE,1194492-OBRAEDIFICIOPARQUENORTE
1181421.0,LANA DE VIDRIO 50 MM VOLCAN 1 M2,SOBRE NIVEL CRÍTICOY SIN ENTREGA LOS ÚLTIMOS 90 DÍAS,115.1999969482422,4.0,1.0,16.0,43.9,27.9,,OBRAEDIFICIOPARQUENORTE,1181421-OBRAEDIFICIOPARQUENORTE
1295461.0,LATEX CIELOLAT BLANCO HUESO 1T,BAJO NIVEL CRITICO Y PARA MÁS DE DOS SEMANAS,19.0,1.0,1.0,57.13,37.0,37.0,12 MESES,OBRAEDIFICIOPARQUENORTE,1295461-OBRAEDIFICIOPARQUENORTE
1295470.0,LATEX CIELOLAT BLANCO INVIERNO,BAJO NIVEL CRITICO Y PARA MÁS DE DOS SEMANAS,8.0,2.0,1.0,26.78,26.78,26.78,12 MESES,OBRAEDIFICIOPARQUENORTE,1295470-OBRAEDIFICIOPARQUENORTE
1194281.0,LAVAPLATO EMPOTRAR INOX C/REBALSE MONOMANDO DER 800 X 435 1 UN,BAJO NIVEL CRITICOY SIN ENTREGA LOS ÚLTIMOS 90 DÍAS,10.0,1.0,,,,,,OBRAEDIFICIOPARQUENORTE,1194281-OBRAEDIFICIOPARQUENORTE
1194290.0,LAVAPLATO EMPOTRAR INOX C/REBALSE MONOMANDO IZQ 800 X 435 1 UN,BAJO NIVEL CRITICOY SIN ENTREGA LOS ÚLTIMOS 90 DÍAS,10.0,1.0,,,,,,OBRAEDIFICIOPARQUENORTE,1194290-OBRAEDIFICIOPARQUENORTE
1190344.0,LLAVE PASO PP-R CAMPANA 25 MM CRM 1 UN,SOBRE NIVEL CRÍTICO Y PARA MÁS DE DOS SEMANAS,61.0,4.0,4.0,21.0,41.0,41.0,,OBRAEDIFICIOPARQUENORTE,1190344-OBRAEDIFICIOPARQUENORTE
1204540.0,LLAVE PASO PP-R CAMPANA 32 MM CRM 1 UN,BAJO NIVEL CRITICO Y PARA MENOS DE DOS SEMANAS,0.0,4.0,4.0,10.0,20.0,20.0,,OBRAEDIFICIOPARQUENORTE,1204540-OBRAEDIFICIOPARQUENORTE
1270521.0,LOSATEX (25 KG) SOQUINA 1 TINETA,BAJO NIVEL CRITICO Y PARA MÁS DE DOS SEMANAS,4.0,1.0,1.0,21.12,21.0,21.0,12 MESES,OBRAEDIFICIOPARQUENORTE,1270521-OBRAEDIFICIOPARQUENORTE
1251346.0,MALLA DE FIBRA DE VIDRIO 153 GRS/M2 1 X 50 WEBER MTS 1 UN,BAJO NIVEL CRITICO Y PARA MÁS DE DOS SEMANAS,11.99999954223633,2.0,2.0,21.2,21.0,21.0,,OBRAEDIFICIOPARQUENORTE,1251346-OBRAEDIFICIOPARQUENORTE
1182862.0,MARCO PUERTA MADERA 30 X 90 1 UN,BAJO NIVEL CRITICOY SIN ENTREGA LOS ÚLTIMOS 90 DÍAS,44.0,1.0,1.0,140.0,140.0,140.0,,OBRAEDIFICIOPARQUENORTE,1182862-OBRAEDIFICIOPARQUENORTE
41020244.0,MARCO PUERTA MADERA ENCHAPADA MARA CLARA 40 X 90 C/RANURA BURLETE 1 UN,,,,,,,,,OBRAEDIFICIOPARQUENORTE,41020244-OBRAEDIFICIOPARQUENORTE
1270475.0,MARMOLINA CLAY BEIGECT-70R G.M. (25 KG) 1 TINETA,BAJO NIVEL CRITICO Y PARA MÁS DE DOS SEMANAS,12.0,2.0,2.0,53.46,1.06,1.06,24 MESES,OBRAEDIFICIOPARQUENORTE,1270475-OBRAEDIFICIOPARQUENORTE
1270467.0,MARMOLINA MOCHA BROWNCT-70R G.M. (25 KG) 1 TINETA,BAJO NIVEL CRITICO Y PARA MÁS DE DOS SEMANAS,4.0,2.0,2.0,53.46,10.0,10.0,24 MESES,OBRAEDIFICIOPARQUENORTE,1270467-OBRAEDIFICIOPARQUENORTE
1192956.0,MASTERSEAL 550 30 KG 1 JUEGO,BAJO NIVEL CRITICO Y PARA MÁS DE DOS SEMANAS,3.999999771118166,4.0,2.0,25.23,16.68,16.68,24 MESES,OBRAEDIFICIOPARQUENORTE,1192956-OBRAEDIFICIOPARQUENORTE
1182803.0,"MEDIDOR AGUA POTABLE 3/4"" 1 U N",BAJO NIVEL CRITICOY SIN ENTREGA LOS ÚLTIMOS 90 DÍAS,26.0,1.0,3.0,20.0,28.0,28.0,12 MESES,OBRAEDIFICIOPARQUENORTE,1182803-OBRAEDIFICIOPARQUENORTE
1265140.0,MOLDURA NOMASTYL 100X100 SL 1  ML,SOBRE NIVEL CRÍTICOY SIN ENTREGA LOS ÚLTIMOS 90 DÍAS,301.4000061035156,3.0,3.0,95.5,112.5,112.5,,OBRAEDIFICIOPARQUENORTE,1265140-OBRAEDIFICIOPARQUENORTE
1288093.0,MOLDURA XPS 33X32 E6 1 ML,SOBRE NIVEL CRÍTICO Y PARA MÁS DE DOS SEMANAS,2410.00015625,2.0,1.0,2157.74,2200.0,2200.0,,OBRAEDIFICIOPARQUENORTE,1288093-OBRAEDIFICIOPARQUENORTE
1289512.0,MONOMANDO LAVAPLATOS AREZZO,BAJO NIVEL CRITICOY SIN ENTREGA LOS ÚLTIMOS 90 DÍAS,19.0,1.0,3.0,20.0,20.0,20.0,,OBRAEDIFICIOPARQUENORTE,1289512-OBRAEDIFICIOPARQUENORTE
1289483.0,MONOMANDO LAVATORIO AREZZO  1 UN,BAJO NIVEL CRITICOY SIN ENTREGA LOS ÚLTIMOS 90 DÍAS,40.0,1.0,3.0,40.0,40.0,40.0,,OBRAEDIFICIOPARQUENORTE,1289483-OBRAEDIFICIOPARQUENORTE
1289491.0,MONOMANDO TINA-DUCHA AREZZO  1 UN,BAJO NIVEL CRITICOY SIN ENTREGA LOS ÚLTIMOS 90 DÍAS,34.0,1.0,3.0,40.0,40.0,40.0,,OBRAEDIFICIOPARQUENORTE,1289491-OBRAEDIFICIOPARQUENORTE
1274812.0,MORTERO BASE COAT 20 KG 1 SACO,SOBRE NIVEL CRÍTICO Y PARA MÁS DE DOS SEMANAS,228.0,2.0,2.0,217.95,400.0,400.0,12 MESES,OBRAEDIFICIOPARQUENORTE,1274812-OBRAEDIFICIOPARQUENORTE
41020232.0,MORTERO PRESEC 196 25 KG,BAJO NIVEL CRITICO Y PARA MÁS DE DOS SEMANAS,48.0,2.0,2.0,67.73,63.0,63.0,6 MESES,OBRAEDIFICIOPARQUENORTE,41020232-OBRAEDIFICIOPARQUENORTE
1191718.0,MUEBLE VANITORIO 1 UN,BAJO NIVEL CRITICOY SIN ENTREGA LOS ÚLTIMOS 90 DÍAS,40.0,1.0,3.0,20.0,20.0,20.0,,OBRAEDIFICIOPARQUENORTE,1191718-OBRAEDIFICIOPARQUENORTE
1275946.0,OLEO OPACO BLANCO INVIERNO CW057 SOQUINA 1 GAL,BAJO NIVEL CRITICOY SIN ENTREGA LOS ÚLTIMOS 90 DÍAS,13.00000022888184,1.0,3.0,27.96,28.0,28.0,,OBRAEDIFICIOPARQUENORTE,1275946-OBRAEDIFICIOPARQUENORTE
1183136.0,PAPEL FIELTRO 10/40 1 ROLLO,BAJO NIVEL CRITICO Y PARA MENOS DE DOS SEMANAS,3.814697269177714e-07,3.0,3.0,10.15,10.15,10.15,,OBRAEDIFICIOPARQUENORTE,1183136-OBRAEDIFICIOPARQUENORTE
1299451.0,PASTA MURO (25 KG) 1 TINETA,BAJO NIVEL CRITICO Y PARA MÁS DE DOS SEMANAS,20.0,1.0,1.0,66.78,66.78,66.78,12 MESES,OBRAEDIFICIOPARQUENORTE,1299451-OBRAEDIFICIOPARQUENORTE
1201470.0,PEGAMENTO ALFOMBRA PATEL 18 LTS,BAJO NIVEL CRITICOY SIN ENTREGA LOS ÚLTIMOS 90 DÍAS,7.998348236083984,1.0,3.0,11.06,11.06,11.06,12 MESES,OBRAEDIFICIOPARQUENORTE,1201470-OBRAEDIFICIOPARQUENORTE
1194169.0,"PERFIL CANAL ECO 39 X 20 X 0,5 MM X 3,00 MTS",SOBRE NIVEL CRÍTICO Y PARA MÁS DE DOS SEMANAS,145.0,3.0,2.0,162.5,163.0,163.0,,OBRAEDIFICIOPARQUENORTE,1194169-OBRAEDIFICIOPARQUENORTE
1188033.0,"PERFIL CANAL NORMAL 61 X 20 X 0,5 MM X 3 MTS 1 UN",SOBRE NIVEL CRÍTICO Y PARA MÁS DE DOS SEMANAS,297.0,3.0,2.0,432.0,432.0,432.0,,OBRAEDIFICIOPARQUENORTE,1188033-OBRAEDIFICIOPARQUENORTE
1199752.0,"PERFIL MONTANTE ECO 38 X 38 X 0,5 MM X 2,4 MTS 1 TIRA",SOBRE NIVEL CRÍTICO Y PARA MÁS DE DOS SEMANAS,214.0,3.0,2.0,252.5,253.0,253.0,,OBRAEDIFICIOPARQUENORTE,1199752-OBRAEDIFICIOPARQUENORTE
1188025.0,"PERFIL MONTANTE NORMAL 60 X 38 X 0,5 MM X 2,4 MTS 1 UN",SOBRE NIVEL CRÍTICO Y PARA MÁS DE DOS SEMANAS,1131.0,3.0,2.0,1450.0,1450.0,1450.0,,OBRAEDIFICIOPARQUENORTE,1188025-OBRAEDIFICIOPARQUENORTE
1273393.0,PILASTRA PINO 13X45 MM X 3ML,BAJO NIVEL CRITICOY SIN ENTREGA LOS ÚLTIMOS 90 DÍAS,68.0,1.0,3.0,140.0,140.0,140.0,,OBRAEDIFICIOPARQUENORTE,1273393-OBRAEDIFICIOPARQUENORTE
1193713.0,"PINO 2"" X 2"" X 3,20 MT IMPREGNADO",BAJO NIVEL CRITICO Y PARA MÁS DE DOS SEMANAS,46.0,3.0,3.0,276.0,306.0,306.0,,OBRAEDIFICIOPARQUENORTE,1193713-OBRAEDIFICIOPARQUENORTE
1275938.0,PINTURA ESMALTE AL AGUABLANCO HUESO CP-70  1 TIN,BAJO NIVEL CRITICOY SIN ENTREGA LOS ÚLTIMOS 90 DÍAS,16.0000001335144,1.0,2.0,11.88,7.0,7.0,12 MESES,OBRAEDIFICIOPARQUENORTE,1275938-OBRAEDIFICIOPARQUENORTE
1275920.0,PINTURA ESMALTE AL AGUABLANCO INVIERNO CP-70  1 TIN,BAJO NIVEL CRITICOY SIN ENTREGA LOS ÚLTIMOS 90 DÍAS,2.0,1.0,3.0,3.4,1.0,1.0,12 MESES,OBRAEDIFICIOPARQUENORTE,1275920-OBRAEDIFICIOPARQUENORTE
1275217.0,PINTURA IMPERMEABILIZANTE MASTERWALL CLAY BEIGE 1 TINETA,BAJO NIVEL CRITICO Y PARA MÁS DE DOS SEMANAS,12.0,2.0,2.0,17.82,9.0,9.0,12 MESES,OBRAEDIFICIOPARQUENORTE,1275217-OBRAEDIFICIOPARQUENORTE
1275225.0,PINTURA IMPERMEABILIZANTE MASTERWALL MOCHA BROWN 1 TINETA,BAJO NIVEL CRITICO Y PARA MÁS DE DOS SEMANAS,7.000001907348633,2.0,2.0,14.83,9.0,9.0,12 MESES,OBRAEDIFICIOPARQUENORTE,1275225-OBRAEDIFICIOPARQUENORTE
1188105.0,PLANCHA FIBROCEMENTO 4 MM VOLCAN 1 PLANCHA,BAJO NIVEL CRITICO Y PARA MÁS DE DOS SEMANAS,10.0,2.0,1.0,36.32,37.0,37.0,,OBRAEDIFICIOPARQUENORTE,1188105-OBRAEDIFICIOPARQUENORTE
1259305.0,"PLANCHA OSB PROTEC 11,1 MM X 2,4 4 X 1,22 MTS LP 1 UN",BAJO NIVEL CRITICO Y PARA MENOS DE DOS SEMANAS,2.0,3.0,3.0,146.12,144.0,144.0,,OBRAEDIFICIOPARQUENORTE,1259305-OBRAEDIFICIOPARQUENORTE
1182758.0,"PLANCHA YESO-CARTON RH 12,5 MM 1,20 X 2,40 VOLCAN 1 PLANCHA",SOBRE NIVEL CRÍTICOY SIN ENTREGA LOS ÚLTIMOS 90 DÍAS,171.0,2.0,1.0,240.0,286.0,286.0,,OBRAEDIFICIOPARQUENORTE,1182758-OBRAEDIFICIOPARQUENORTE
1179698.0,"PLANCHA YESO-CARTON ST 10 MM 1,20 X 2,40 VOLCAN 1 PLANCHA",SOBRE NIVEL CRÍTICO Y PARA MÁS DE DOS SEMANAS,570.0,3.0,1.0,948.0,948.0,947.0,,OBRAEDIFICIOPARQUENORTE,1179698-OBRAEDIFICIOPARQUENORTE
1282134.0,POLIESTIRENO EXP. 50 MM (20KG/ M3) 1 PLANCHA,SOBRE NIVEL CRÍTICO Y PARA MÁS DE DOS SEMANAS,313.0,4.0,4.0,34.5,174.0,173.9999999999999,,OBRAEDIFICIOPARQUENORTE,1282134-OBRAEDIFICIOPARQUENORTE
1191945.0,PROMOTOR DE ADHERENCIA TECNO BOND  20 KG 1 TIN,BAJO NIVEL CRITICO Y PARA MÁS DE DOS SEMANAS,13.00000010490417,2.0,1.0,15.04,28.0,28.0,12 MESES,OBRAEDIFICIOPARQUENORTE,1191945-OBRAEDIFICIOPARQUENORTE
1290011.0,"PUERTA CAPRI III ENCHAP. M. CLARA 0,85 X 2,00 M 1 UN",BAJO NIVEL CRITICOY SIN ENTREGA LOS ÚLTIMOS 90 DÍAS,20.0,1.0,,,,,,OBRAEDIFICIOPARQUENORTE,1290011-OBRAEDIFICIOPARQUENORTE
1244015.0,"PUERTA MDF INTERIOR PREPINTADA 2V+5H 0,70 X 2,00 MT 1 UN",CERCA DE NIVEL CRITICOY SIN ENTREGA LOS ÚLTIMOS 90 DÍAS,97.0,1.0,1.0,100.0,200.0,200.0,,OBRAEDIFICIOPARQUENORTE,1244015-OBRAEDIFICIOPARQUENORTE
1244023.0,"PUERTA MDF INTERIOR PREPINTADA 2V+5H 0,75 X 2,00 MT 1 UN",BAJO NIVEL CRITICOY SIN ENTREGA LOS ÚLTIMOS 90 DÍAS,28.0,1.0,1.0,30.0,60.0,60.0,,OBRAEDIFICIOPARQUENORTE,1244023-OBRAEDIFICIOPARQUENORTE
1243987.0,"PUERTA MDF PREP. AMPARO 0,60 X 2,00 MT",,,,,,,,,OBRAEDIFICIOPARQUENORTE,1243987-OBRAEDIFICIOPARQUENORTE
1177810.0,RODILLO CHIPORRO 18 CM 1 UN,,,,,,,,,OBRAEDIFICIOPARQUENORTE,1177810-OBRAEDIFICIOPARQUENORTE
1183128.0,"SIFON BOTELLA 1 1/4"" SALIDA CURVA 1 UN",,,,,,,,,OBRAEDIFICIOPARQUENORTE,1183128-OBRAEDIFICIOPARQUENORTE
1177887.0,"SIFON LOA LAVAPLATOS S/CURVA 1 1/2"" 1 UN",,,,,,,,,OBRAEDIFICIOPARQUENORTE,1177887-OBRAEDIFICIOPARQUENORTE
1279584.0,"SIKABOND MONTAJE 3,8 KG BALDES",,,,,,,,,OBRAEDIFICIOPARQUENORTE,1279584-OBRAEDIFICIOPARQUENORTE
1276771.0,SILICONA SANISIL TRANSPARENTE 1 UN,,,,,,,,,OBRAEDIFICIOPARQUENORTE,1276771-OBRAEDIFICIOPARQUENORTE
1199517.0,SOBREPASO PP-R 20 MM 1 UN,,,,,,,,,OBRAEDIFICIOPARQUENORTE,1199517-OBRAEDIFICIOPARQUENORTE
1199525.0,SOBREPASO PP-R 25 MM 1 UN,,,,,,,,,OBRAEDIFICIOPARQUENORTE,1199525-OBRAEDIFICIOPARQUENORTE
1262264.0,SOBREPASO PP-R 32 MM 1 UN,,,,,,,,,OBRAEDIFICIOPARQUENORTE,1262264-OBRAEDIFICIOPARQUENORTE
1251805.0,TABLON FLEXIBLE LVT 3 MM 1 M2,,,,,,,,,OBRAEDIFICIOPARQUENORTE,1251805-OBRAEDIFICIOPARQUENORTE
1187751.0,"TAPACAN SMARTSIDE TRIM 7 1/4"" LP 1 UN",,,,,,,,,OBRAEDIFICIOPARQUENORTE,1187751-OBRAEDIFICIOPARQUENORTE
1248032.0,"TAPON PP-R 1/2"" HE 1 UN",,,,,,,,,OBRAEDIFICIOPARQUENORTE,1248032-OBRAEDIFICIOPARQUENORTE
1204515.0,TEE PP-R 25 MM 1 UN,,,,,,,,,OBRAEDIFICIOPARQUENORTE,1204515-OBRAEDIFICIOPARQUENORTE
1252971.0,TEE PP-R 32 MM 1 UN,,,,,,,,,OBRAEDIFICIOPARQUENORTE,1252971-OBRAEDIFICIOPARQUENORTE
1190336.0,TEE RED PP-R 32 X 20 X 32 MM ,,,,,,,,,OBRAEDIFICIOPARQUENORTE,1190336-OBRAEDIFICIOPARQUENORTE
1247110.0,TEE RED.20 X 25 X 20 PP-R 1 UN,,,,,,,,,OBRAEDIFICIOPARQUENORTE,1247110-OBRAEDIFICIOPARQUENORTE
1247128.0,TEE RED.25 X 20 X 20 PP-R 1 UN,,,,,,,,,OBRAEDIFICIOPARQUENORTE,1247128-OBRAEDIFICIOPARQUENORTE
1190299.0,TEE RED.25 X 20 X 25 PP-R 1 UN,,,,,,,,,OBRAEDIFICIOPARQUENORTE,1190299-OBRAEDIFICIOPARQUENORTE
1247144.0,TEE RED.25 X 25 X 20 PP-R 1 UN,,,,,,,,,OBRAEDIFICIOPARQUENORTE,1247144-OBRAEDIFICIOPARQUENORTE
1247161.0,TEE RED.32 X 25 X 25 PP-R 1 UN,,,,,,,,,OBRAEDIFICIOPARQUENORTE,1247161-OBRAEDIFICIOPARQUENORTE
1255566.0,TEE RED.32 X 25 X 32 PP-R 1 UN,,,,,,,,,OBRAEDIFICIOPARQUENORTE,1255566-OBRAEDIFICIOPARQUENORTE
1291532.0,TEJA ASFALTICA SUPREME ONIX BLACK M2,,,,,,,,,OBRAEDIFICIOPARQUENORTE,1291532-OBRAEDIFICIOPARQUENORTE
1252980.0,"TERMINAL PP-R 32 X 1"" HE 1 UN",,,,,,,,,OBRAEDIFICIOPARQUENORTE,1252980-OBRAEDIFICIOPARQUENORTE
1273318.0,"TERMINAL PP-R 32 X 3/4"" HI 1 UN",,,,,,,,,OBRAEDIFICIOPARQUENORTE,1273318-OBRAEDIFICIOPARQUENORTE
1189280.0,"TINA 1,05 X 0,70 MTS AC ESMALTADA SENSI DACQUA 1 UN",,,,,,,,,OBRAEDIFICIOPARQUENORTE,1189280-OBRAEDIFICIOPARQUENORTE
1180331.0,"TINA 1,20 X 0,70 MTS BLANCA ES MALTADA SENSI DACQUA 1 UN",,,,,,,,,OBRAEDIFICIOPARQUENORTE,1180331-OBRAEDIFICIOPARQUENORTE
1205850.0,TUBERIA PP-R 20 MM PN-16 1 ML,,,,,,,,,OBRAEDIFICIOPARQUENORTE,1205850-OBRAEDIFICIOPARQUENORTE
1205868.0,TUBERIA PP-R 25 MM PN-16 1 ML,,,,,,,,,OBRAEDIFICIOPARQUENORTE,1205868-OBRAEDIFICIOPARQUENORTE
1205876.0,TUBERIA PP-R 32 MM PN-16 1 ML,,,,,,,,,OBRAEDIFICIOPARQUENORTE,1205876-OBRAEDIFICIOPARQUENORTE
1245991.0,TUBERIA PP-R 40 MM PN-16 1 ML,,,,,,,,,OBRAEDIFICIOPARQUENORTE,1245991-OBRAEDIFICIOPARQUENORTE
1254900.0,TUBERIA PP-R 75 MM PN-16 1 ML,,,,,,,,,OBRAEDIFICIOPARQUENORTE,1254900-OBRAEDIFICIOPARQUENORTE
1254897.0,TUBERIA PP-R 90 MM PN-16 1 ML,,,,,,,,,OBRAEDIFICIOPARQUENORTE,1254897-OBRAEDIFICIOPARQUENORTE
1275065.0,"VENTILACION PASIVA 4"" 1 UN",,,,,,,,,OBRAEDIFICIOPARQUENORTE,1275065-OBRAEDIFICIOPARQUENORTE
41020430.0,WC ARES DESCARGA DUAL 1 UN,,,,,,,,,OBRAEDIFICIOPARQUENORTE,41020430-OBRAEDIFICIOPARQUENORTE
1268615.0,YESO EXPRESS VOLCAN 25 KG,,,,,,,,,OBRAEDIFICIOPARQUENORTE,1268615-OBRAEDIFICIOPARQUENORTE
1269909.0,ADHESIVO CERAMICO EN PASTA AC  25 KG 1 TIN,SOBRE NIVEL CRÍTICO Y PARA MÁS DE DOS SEMANAS,18.9999967956543,4.0,4.0,95.84,60.0,60.0,9 MESES ,OBRAEDIFICIOSANDAMIAN,1269909-OBRAEDIFICIOSANDAMIAN
1177641.0,ADHESIVO CERAMICO POLVO ULTRA 25 KG 1 SACO,SOBRE NIVEL CRÍTICO Y PARA MÁS DE DOS SEMANAS,82.99999725341797,4.0,4.0,138.11,126.0,126.0,6 MESES,OBRAEDIFICIOSANDAMIAN,1177641-OBRAEDIFICIOSANDAMIAN
1200856.0,"ADHESIVO DE CONTACTO FLEX 125 3,8 LTS 1 GAL",BAJO NIVEL CRITICO Y PARA MÁS DE DOS SEMANAS,5.0,4.0,3.0,22.11,4.109999999999999,4.109999999999999,24 MESES,OBRAEDIFICIOSANDAMIAN,1200856-OBRAEDIFICIOSANDAMIAN
1196455.0,ADHESIVO SILICONABLANCO SANISIL 280 ML 1 UN,BAJO NIVEL CRITICO Y PARA MÁS DE DOS SEMANAS,25.0,3.0,3.0,30.0,30.0,30.0,24 MESES,OBRAEDIFICIOSANDAMIAN,1196455-OBRAEDIFICIOSANDAMIAN
1177650.0,ADHESIVOBLANCO SIKACRYL+ PINTABLE 300 ML 1 UN,BAJO NIVEL CRITICO Y PARA MÁS DE DOS SEMANAS,54.99999847412109,2.0,2.0,235.71,228.0,228.0,24 MESES,OBRAEDIFICIOSANDAMIAN,1177650-OBRAEDIFICIOSANDAMIAN
1192155.0,"BISAGRA 3 1/2"" X 3 1/2"" CROMO SATIN 1 UN",SOBRE NIVEL CRÍTICO Y PARA MÁS DE DOS SEMANAS,360.0,4.0,4.0,483.0,483.0,483.0,,OBRAEDIFICIOSANDAMIAN,1192155-OBRAEDIFICIOSANDAMIAN
1178193.0,"BROCHA 2"" 1 UN",SOBRE NIVEL CRÍTICO Y PARA MÁS DE DOS SEMANAS,68.00000053405762,5.0,5.0,40.49,38.44,38.44,,OBRAEDIFICIOSANDAMIAN,1178193-OBRAEDIFICIOSANDAMIAN
1179508.0,"BROCHA 4"" 1 UN",SOBRE NIVEL CRÍTICO Y PARA MÁS DE DOS SEMANAS,64.9999983215332,5.0,5.0,22.76,1.67,1.669999999999999,,OBRAEDIFICIOSANDAMIAN,1179508-OBRAEDIFICIOSANDAMIAN
1274572.0,BURLETE BAJO PUERTA 1 UN,BAJO NIVEL CRITICOY SIN ENTREGA LOS ÚLTIMOS 90 DÍAS,0.0,,,,,,,OBRAEDIFICIOSANDAMIAN,1274572-OBRAEDIFICIOSANDAMIAN
1274564.0,BURLETE MARCO PUERTA 1 MT,BAJO NIVEL CRITICOY SIN ENTREGA LOS ÚLTIMOS 90 DÍAS,0.0,,,,,,,OBRAEDIFICIOSANDAMIAN,1274564-OBRAEDIFICIOSANDAMIAN
1292367.0,CALEFON TIRO FORZADO G.N. 16 LTS C/KIT CAM/ABIERTA 1 UN,BAJO NIVEL CRITICO Y PARA MENOS DE DOS SEMANAS,1.0,3.0,3.0,20.0,20.0,20.0,,OBRAEDIFICIOSANDAMIAN,1292367-OBRAEDIFICIOSANDAMIAN
41020230.0,CAMPANA BAJO MUEBLE 1 UN,SOBRE NIVEL CRÍTICOY SIN ENTREGA LOS ÚLTIMOS 90 DÍAS,40.0,3.0,,,,,,OBRAEDIFICIOSANDAMIAN,41020230-OBRAEDIFICIOSANDAMIAN
1189722.0,CELOSIA 20 X 20 BLANCA 1 UN,SOBRE NIVEL CRÍTICO Y PARA MÁS DE DOS SEMANAS,322.0,5.0,3.0,140.0,140.0,140.0,,OBRAEDIFICIOSANDAMIAN,1189722-OBRAEDIFICIOSANDAMIAN
1178257.0,CELOSIA 30 X 30 BLANCA 1 UN,SOBRE NIVEL CRÍTICO Y PARA MÁS DE DOS SEMANAS,105.0,5.0,2.0,40.0,50.0,50.0,,OBRAEDIFICIOSANDAMIAN,1178257-OBRAEDIFICIOSANDAMIAN
1269802.0,CEMENTO AR PUZOLANICO BIO BIO 1 KG,SOBRE NIVEL CRÍTICO Y PARA MÁS DE DOS SEMANAS,825.0,4.0,4.0,335.0,500.0,500.0,2 MESES,OBRAEDIFICIOSANDAMIAN,1269802-OBRAEDIFICIOSANDAMIAN
1295373.0,CERAMICA NEW BLANCA BRILL 25 X,SOBRE NIVEL CRÍTICO Y PARA MÁS DE DOS SEMANAS,784.9,4.0,4.0,1134.45,1134.45,1133.0,,OBRAEDIFICIOSANDAMIAN,1295373-OBRAEDIFICIOSANDAMIAN
1287031.0,CERAMICAGRIS VICAR 45 X 45 1 M2,SOBRE NIVEL CRÍTICO Y PARA MÁS DE DOS SEMANAS,315.89001953125,4.0,4.0,693.09,693.09,693.09,,OBRAEDIFICIOSANDAMIAN,1287031-OBRAEDIFICIOSANDAMIAN
1197351.0,CERRADURA MANILLA TOSCANA ACCESO  1 UN,CERCA DE NIVEL CRITICO Y PARA MÁS DE DOS SEMANAS,17.0,4.0,4.0,20.0,20.0,20.0,,OBRAEDIFICIOSANDAMIAN,1197351-OBRAEDIFICIOSANDAMIAN
1197335.0,CERRADURA MANILLA TOSCANA BANO  1 UN,SOBRE NIVEL CRÍTICO Y PARA MÁS DE DOS SEMANAS,38.0,4.0,4.0,40.32,40.0,40.0,,OBRAEDIFICIOSANDAMIAN,1197335-OBRAEDIFICIOSANDAMIAN
1197343.0,CERRADURA MANILLA TOSCANA OFICINA DORM  1 UN,BAJO NIVEL CRITICO Y PARA MÁS DE DOS SEMANAS,16.0,4.0,4.0,20.5,20.0,20.0,,OBRAEDIFICIOSANDAMIAN,1197343-OBRAEDIFICIOSANDAMIAN
1197327.0,CERRADURA MANILLA TOSCANA SIMPLE PASO 1 UN COD 121775,SOBRE NIVEL CRÍTICO Y PARA MÁS DE DOS SEMANAS,95.0,4.0,4.0,87.33,93.0,93.0,,OBRAEDIFICIOSANDAMIAN,1197327-OBRAEDIFICIOSANDAMIAN
1183013.0,CINTA AUTOADHESIVA P/JUNTURA 45 MTS 1 ROLLO,BAJO NIVEL CRITICO Y PARA MENOS DE DOS SEMANAS,10.0,4.0,4.0,86.8,86.8,86.8,,OBRAEDIFICIOSANDAMIAN,1183013-OBRAEDIFICIOSANDAMIAN
1252390.0,"CODO PP-R DOBLE FIJACION TINA HI 20 X 1/2"" 1 UN",BAJO NIVEL CRITICO Y PARA MENOS DE DOS SEMANAS,0.0,6.0,6.0,4.0,4.0,4.0,,OBRAEDIFICIOSANDAMIAN,1252390-OBRAEDIFICIOSANDAMIAN
1247072.0,CODO PP-R 20 MM 1 UN,SOBRE NIVEL CRÍTICO Y PARA MÁS DE DOS SEMANAS,177.0,6.0,6.0,152.0,304.0,304.0,,OBRAEDIFICIOSANDAMIAN,1247072-OBRAEDIFICIOSANDAMIAN
1196076.0,"CODO PP-R 20 X 1/2"" HI 1 UN",SOBRE NIVEL CRÍTICO Y PARA MÁS DE DOS SEMANAS,550.8399963378906,6.0,6.0,72.0,144.0,144.0,,OBRAEDIFICIOSANDAMIAN,1196076-OBRAEDIFICIOSANDAMIAN
1247081.0,CODO PP-R 25 MM 1 UN,SOBRE NIVEL CRÍTICO Y PARA MÁS DE DOS SEMANAS,82.0,6.0,6.0,156.0,300.0,300.0,,OBRAEDIFICIOSANDAMIAN,1247081-OBRAEDIFICIOSANDAMIAN
1190230.0,CODO PP-R 32 MM 1 UN,SOBRE NIVEL CRÍTICO Y PARA MÁS DE DOS SEMANAS,386.0,6.0,6.0,145.0,285.0,285.0,,OBRAEDIFICIOSANDAMIAN,1190230-OBRAEDIFICIOSANDAMIAN
1199592.0,COPLA PP-R 32 MM 1 UN,SOBRE NIVEL CRÍTICO Y PARA MÁS DE DOS SEMANAS,307.0,6.0,6.0,50.0,100.0,100.0,,OBRAEDIFICIOSANDAMIAN,1199592-OBRAEDIFICIOSANDAMIAN
1256198.0,"DESAGUE LAVATORIO 1 1/4"" C/REB /REJ 1 UN",SOBRE NIVEL CRÍTICOY SIN ENTREGA LOS ÚLTIMOS 90 DÍAS,40.0,3.0,2.0,40.0,40.0,40.0,,OBRAEDIFICIOSANDAMIAN,1256198-OBRAEDIFICIOSANDAMIAN
1177879.0,DESAGUE TINA/REBALSE/SIFON 1 UN,CERCA DE NIVEL CRITICO Y PARA MÁS DE DOS SEMANAS,28.0,3.0,3.0,40.0,40.0,40.0,,OBRAEDIFICIOSANDAMIAN,1177879-OBRAEDIFICIOSANDAMIAN
41020319.0,ENCIMERA GAS NATURAL 1 UN,BAJO NIVEL CRITICO Y PARA MENOS DE DOS SEMANAS,0.0,3.0,3.0,20.0,20.0,20.0,,OBRAEDIFICIOSANDAMIAN,41020319-OBRAEDIFICIOSANDAMIAN
1187161.0,"ESQUINEROS METALICO 30 X 30 X 2,40 MTS 1 UN",SOBRE NIVEL CRÍTICO Y PARA MÁS DE DOS SEMANAS,264.0000036621094,3.0,3.0,632.0,632.0,632.0,,OBRAEDIFICIOSANDAMIAN,1187161-OBRAEDIFICIOSANDAMIAN
1278303.0,ESTANQUE ARES  1 UN,BAJO NIVEL CRITICO Y PARA MÁS DE DOS SEMANAS,16.0,3.0,3.0,40.0,40.0,40.0,,OBRAEDIFICIOSANDAMIAN,1278303-OBRAEDIFICIOSANDAMIAN
1291209.0,EXTRACTOR 12V C/TRAFO RETON 100 BTH 1 UN,BAJO NIVEL CRITICOY SIN ENTREGA LOS ÚLTIMOS 90 DÍAS,14.0,3.0,3.0,20.0,20.0,0.0,,OBRAEDIFICIOSANDAMIAN,1291209-OBRAEDIFICIOSANDAMIAN
1291188.0,EXTRACTOR RETON 100 BTH HIGRO 1 UN,BAJO NIVEL CRITICO Y PARA MÁS DE DOS SEMANAS,7.0,3.0,3.0,40.0,40.0,0.0,,OBRAEDIFICIOSANDAMIAN,1291188-OBRAEDIFICIOSANDAMIAN
1275997.0,FRAGUE CERAMICO GREY 1 KG ,SOBRE NIVEL CRÍTICO Y PARA MÁS DE DOS SEMANAS,240.0000030517578,5.0,4.0,233.11,233.11,233.11,12 MESES,OBRAEDIFICIOSANDAMIAN,1275997-OBRAEDIFICIOSANDAMIAN
1179524.0,FRAGUE CERAMICOBLANCO  1 KG 1 UN,SOBRE NIVEL CRÍTICO Y PARA MÁS DE DOS SEMANAS,482.7498446655273,5.0,4.0,432.17,432.17,432.17,12 MESES,OBRAEDIFICIOSANDAMIAN,1179524-OBRAEDIFICIOSANDAMIAN
1292050.0,GUARDAPOLVO GREY,SOBRE NIVEL CRÍTICO Y PARA MÁS DE DOS SEMANAS,489.0,4.0,3.0,580.0,580.0,580.0,,OBRAEDIFICIOSANDAMIAN,1292050-OBRAEDIFICIOSANDAMIAN
1274302.0,HORNO ELECTRICO,BAJO NIVEL CRITICO Y PARA MENOS DE DOS SEMANAS,0.0,3.0,3.0,20.0,20.0,20.0,,OBRAEDIFICIOSANDAMIAN,1274302-OBRAEDIFICIOSANDAMIAN
1182889.0,LANA DE VIDRIO 100 MM VOLCAN 1 M2,BAJO NIVEL CRITICO Y PARA MENOS DE DOS SEMANAS,0.0,4.0,4.0,75.0,3.0,3.0,,OBRAEDIFICIOSANDAMIAN,1182889-OBRAEDIFICIOSANDAMIAN
1181421.0,LANA DE VIDRIO 50 MM VOLCAN 1 M2,BAJO NIVEL CRITICOY SIN ENTREGA LOS ÚLTIMOS 90 DÍAS,3.051757811789457e-06,4.0,1.0,20.0,115.2,115.2,,OBRAEDIFICIOSANDAMIAN,1181421-OBRAEDIFICIOSANDAMIAN
1295453.0,LATEX CIELOLAT BLANCO 1T      ,BAJO NIVEL CRITICO Y PARA MÁS DE DOS SEMANAS,24.00000190734863,4.0,3.0,60.4,57.2,57.2,12 MESES,OBRAEDIFICIOSANDAMIAN,1295453-OBRAEDIFICIOSANDAMIAN
1295461.0,LATEX CIELOLAT BLANCO HUESO 1T,BAJO NIVEL CRITICO Y PARA MÁS DE DOS SEMANAS,23.87999893188477,3.0,3.0,96.18,57.0,57.0,12 MESES,OBRAEDIFICIOSANDAMIAN,1295461-OBRAEDIFICIOSANDAMIAN
1292711.0,LAVAPLATO ACERO 2 CUB B/C 870 X 380 X 170 MM 1 UN,BAJO NIVEL CRITICO Y PARA MÁS DE DOS SEMANAS,7.0,3.0,3.0,30.0,20.0,20.0,,OBRAEDIFICIOSANDAMIAN,1292711-OBRAEDIFICIOSANDAMIAN
1203213.0,LLAVE PASO PP-R CAMPANA 20 MM CRM 1 UN,SOBRE NIVEL CRÍTICO Y PARA MÁS DE DOS SEMANAS,54.0,6.0,6.0,20.0,40.0,40.0,,OBRAEDIFICIOSANDAMIAN,1203213-OBRAEDIFICIOSANDAMIAN
1190344.0,LLAVE PASO PP-R CAMPANA 25 MM CRM 1 UN,SOBRE NIVEL CRÍTICO Y PARA MÁS DE DOS SEMANAS,249.0,6.0,6.0,29.0,57.0,57.0,,OBRAEDIFICIOSANDAMIAN,1190344-OBRAEDIFICIOSANDAMIAN
1204540.0,LLAVE PASO PP-R CAMPANA 32 MM CRM 1 UN,BAJO NIVEL CRITICO Y PARA MÁS DE DOS SEMANAS,24.0,6.0,6.0,4.0,8.0,8.0,,OBRAEDIFICIOSANDAMIAN,1204540-OBRAEDIFICIOSANDAMIAN
1270521.0,LOSATEX (25 KG) SOQUINA 1 TINETA,BAJO NIVEL CRITICO Y PARA MÁS DE DOS SEMANAS,45.0,4.0,4.0,29.5,29.5,29.5,12 MESES,OBRAEDIFICIOSANDAMIAN,1270521-OBRAEDIFICIOSANDAMIAN
1251346.0,MALLA DE FIBRA DE VIDRIO 153 GRS/M2 1 X 50 WEBER MTS 1 UN,BAJO NIVEL CRITICO Y PARA MÁS DE DOS SEMANAS,38.00000095367432,6.0,4.0,20.72,20.72,20.72,,OBRAEDIFICIOSANDAMIAN,1251346-OBRAEDIFICIOSANDAMIAN
1182862.0,MARCO PUERTA MADERA 30 X 90 1 UN,SOBRE NIVEL CRÍTICO Y PARA MÁS DE DOS SEMANAS,312.0,4.0,4.0,146.0,151.0,151.0,,OBRAEDIFICIOSANDAMIAN,1182862-OBRAEDIFICIOSANDAMIAN
41020245.0,MARCO PUERTA MADERA ENCHAPADA MARA CLARA 40 X 90 X 2400 C/RANURA BURLETE 1 UN,BAJO NIVEL CRITICOY SIN ENTREGA LOS ÚLTIMOS 90 DÍAS,0.0,,,,,,,OBRAEDIFICIOSANDAMIAN,41020245-OBRAEDIFICIOSANDAMIAN
1270475.0,MARMOLINA CLAY BEIGECT-70R G.M. (25 KG) 1 TINETA,BAJO NIVEL CRITICO Y PARA MENOS DE DOS SEMANAS,-4.882812504547474e-06,5.0,5.0,116.34,53.3,53.3,24 MESES,OBRAEDIFICIOSANDAMIAN,1270475-OBRAEDIFICIOSANDAMIAN
1268623.0,MASILLA BASE JUNTA PRO VOLCAN 25 KG,SOBRE NIVEL CRÍTICO Y PARA MÁS DE DOS SEMANAS,145.0400036621094,5.0,5.0,44.81,60.0,0.0,6 MESES,OBRAEDIFICIOSANDAMIAN,1268623-OBRAEDIFICIOSANDAMIAN
1192956.0,MASTERSEAL 550 30 KG 1 JUEGO,BAJO NIVEL CRITICO Y PARA MÁS DE DOS SEMANAS,11.11,5.0,5.0,4.16,9.0,9.0,24 MESES,OBRAEDIFICIOSANDAMIAN,1192956-OBRAEDIFICIOSANDAMIAN
1182803.0,"MEDIDOR AGUA POTABLE 3/4"" 1 U N",BAJO NIVEL CRITICO Y PARA MENOS DE DOS SEMANAS,0.0,4.0,3.0,20.0,20.0,20.0,12 MESES,OBRAEDIFICIOSANDAMIAN,1182803-OBRAEDIFICIOSANDAMIAN
1292033.0,MOLDURA NOMASTYL 30 X 20 T4 1 ML,SOBRE NIVEL CRÍTICO Y PARA MÁS DE DOS SEMANAS,1510.24,4.0,4.0,2123.84,2210.0,2210.0,,OBRAEDIFICIOSANDAMIAN,1292033-OBRAEDIFICIOSANDAMIAN
1289512.0,MONOMANDO LAVAPLATOS AREZZO,BAJO NIVEL CRITICO Y PARA MÁS DE DOS SEMANAS,13.0,3.0,3.0,40.0,40.0,20.0,,OBRAEDIFICIOSANDAMIAN,1289512-OBRAEDIFICIOSANDAMIAN
1289483.0,MONOMANDO LAVATORIO AREZZO  1 UN,BAJO NIVEL CRITICO Y PARA MÁS DE DOS SEMANAS,12.0,3.0,3.0,60.0,60.0,40.0,,OBRAEDIFICIOSANDAMIAN,1289483-OBRAEDIFICIOSANDAMIAN
1289491.0,MONOMANDO TINA-DUCHA AREZZO  1 UN,BAJO NIVEL CRITICO Y PARA MÁS DE DOS SEMANAS,36.0,3.0,3.0,60.0,60.0,40.0,,OBRAEDIFICIOSANDAMIAN,1289491-OBRAEDIFICIOSANDAMIAN
1274812.0,MORTERO BASE COAT 20 KG 1 SACO,SOBRE NIVEL CRÍTICO Y PARA MÁS DE DOS SEMANAS,124.9999908447266,5.0,5.0,284.41,273.12,273.12,12 MESES,OBRAEDIFICIOSANDAMIAN,1274812-OBRAEDIFICIOSANDAMIAN
41020232.0,MORTERO PRESEC 196 25 KG,SOBRE NIVEL CRÍTICO Y PARA MÁS DE DOS SEMANAS,120.0,4.0,4.0,703.01,141.0,141.0,6 MESES,OBRAEDIFICIOSANDAMIAN,41020232-OBRAEDIFICIOSANDAMIAN
1191718.0,MUEBLE VANITORIO 1 UN,BAJO NIVEL CRITICOY SIN ENTREGA LOS ÚLTIMOS 90 DÍAS,-1.907348634588857e-07,1.0,,,,,,OBRAEDIFICIOSANDAMIAN,1191718-OBRAEDIFICIOSANDAMIAN
1299451.0,PASTA MURO (25 KG) 1 TINETA,BAJO NIVEL CRITICO Y PARA MÁS DE DOS SEMANAS,37.00000579833984,5.0,4.0,70.09,70.09,70.09,12 MESES,OBRAEDIFICIOSANDAMIAN,1299451-OBRAEDIFICIOSANDAMIAN
1194169.0,"PERFIL CANAL ECO 39 X 20 X 0,5 MM X 3,00 MTS",BAJO NIVEL CRITICO Y PARA MENOS DE DOS SEMANAS,19.0,6.0,5.0,225.0,225.0,225.0,,OBRAEDIFICIOSANDAMIAN,1194169-OBRAEDIFICIOSANDAMIAN
1188033.0,"PERFIL CANAL NORMAL 61 X 20 X 0,5 MM X 3 MTS 1 UN",SOBRE NIVEL CRÍTICO Y PARA MÁS DE DOS SEMANAS,122.9999998283386,6.0,5.0,473.0,473.0,473.0,,OBRAEDIFICIOSANDAMIAN,1188033-OBRAEDIFICIOSANDAMIAN
1194038.0,"PERFIL MONTANTE ECO 38 X 38 X 0,5 MM X 3,0 MTS 1 TIRA",BAJO NIVEL CRITICOY SIN ENTREGA LOS ÚLTIMOS 90 DÍAS,-9.536743128535363e-08,2.0,2.0,210.0,510.0,510.0,,OBRAEDIFICIOSANDAMIAN,1194038-OBRAEDIFICIOSANDAMIAN
1193967.0,"PERFIL MONTANTE NORMAL 60 X 38 X 0,5 MM X 3,0 MTS 1 UN",SOBRE NIVEL CRÍTICO Y PARA MENOS DE DOS SEMANAS,291.9999902343752,6.0,5.0,1857.0,1857.0,1857.0,,OBRAEDIFICIOSANDAMIAN,1193967-OBRAEDIFICIOSANDAMIAN
1193713.0,"PINO 2"" X 2"" X 3,20 MT IMPREGNADO",SOBRE NIVEL CRÍTICO Y PARA MÁS DE DOS SEMANAS,248.0,5.0,4.0,120.0,120.0,120.0,,OBRAEDIFICIOSANDAMIAN,1193713-OBRAEDIFICIOSANDAMIAN
1295411.0,PINTURA ESMALTE AL AGUABLANCO CP-70  1 TIN,BAJO NIVEL CRITICOY SIN ENTREGA LOS ÚLTIMOS 90 DÍAS,5.8,3.0,,,,,12 MESES,OBRAEDIFICIOSANDAMIAN,1295411-OBRAEDIFICIOSANDAMIAN
1275938.0,PINTURA ESMALTE AL AGUABLANCO HUESO CP-70  1 TIN,BAJO NIVEL CRITICO Y PARA MÁS DE DOS SEMANAS,1.0,2.0,1.0,1.0,1.0,1.0,12 MESES,OBRAEDIFICIOSANDAMIAN,1275938-OBRAEDIFICIOSANDAMIAN
1275217.0,PINTURA IMPERMEABILIZANTE MASTERWALL CLAY BEIGE 1 TINETA,BAJO NIVEL CRITICO Y PARA MÁS DE DOS SEMANAS,8.999999084472655,4.0,4.0,30.22,30.0,30.0,12 MESES,OBRAEDIFICIOSANDAMIAN,1275217-OBRAEDIFICIOSANDAMIAN
1180074.0,PINTURA OLEO OPACOBLANCO CP-70  1 GAL,BAJO NIVEL CRITICO Y PARA MÁS DE DOS SEMANAS,38.0,3.0,2.0,10.64,2.0015,2.0015,12 MESES,OBRAEDIFICIOSANDAMIAN,1180074-OBRAEDIFICIOSANDAMIAN
1188105.0,PLANCHA FIBROCEMENTO 4 MM VOLCAN 1 PLANCHA,BAJO NIVEL CRITICO Y PARA MÁS DE DOS SEMANAS,14.49999908447266,3.0,3.0,15.0,20.0,20.0,,OBRAEDIFICIOSANDAMIAN,1188105-OBRAEDIFICIOSANDAMIAN
1259305.0,"PLANCHA OSB PROTEC 11,1 MM X 2,4 4 X 1,22 MTS LP 1 UN",BAJO NIVEL CRITICOY SIN ENTREGA LOS ÚLTIMOS 90 DÍAS,0.0,,,,,,,OBRAEDIFICIOSANDAMIAN,1259305-OBRAEDIFICIOSANDAMIAN
1182758.0,"PLANCHA YESO-CARTON RH 12,5 MM 1,20 X 2,40 VOLCAN 1 PLANCHA",SOBRE NIVEL CRÍTICO Y PARA MÁS DE DOS SEMANAS,228.5,5.0,3.0,170.0,150.0,150.0,,OBRAEDIFICIOSANDAMIAN,1182758-OBRAEDIFICIOSANDAMIAN
1292691.0,"PLANCHA YESO-CARTON ST 10 MM 1,20 X 2,50 VOLCAN 1 PLANCHA",SOBRE NIVEL CRÍTICO Y PARA MÁS DE DOS SEMANAS,1125.000004882812,6.0,5.0,918.92,1001.0,1001.0,,OBRAEDIFICIOSANDAMIAN,1292691-OBRAEDIFICIOSANDAMIAN
1294397.0,POLIESTIRENO EXP. 100MM (30KG/ M3) 1 PLANCHA,SOBRE NIVEL CRÍTICOY SIN ENTREGA LOS ÚLTIMOS 90 DÍAS,851.0,5.0,4.0,804.0,1044.0,1044.0,,OBRAEDIFICIOSANDAMIAN,1294397-OBRAEDIFICIOSANDAMIAN
1278928.0,POLIESTIRENO EXP. 30 MM (20KG/ M3) 1 PLANCHA,BAJO NIVEL CRITICOY SIN ENTREGA LOS ÚLTIMOS 90 DÍAS,0.0,2.0,1.0,132.48,137.995918,137.995918,,OBRAEDIFICIOSANDAMIAN,1278928-OBRAEDIFICIOSANDAMIAN
1282134.0,POLIESTIRENO EXP. 50 MM (20KG/ M3) 1 PLANCHA,SOBRE NIVEL CRÍTICOY SIN ENTREGA LOS ÚLTIMOS 90 DÍAS,200.0,5.0,,,,,,OBRAEDIFICIOSANDAMIAN,1282134-OBRAEDIFICIOSANDAMIAN
1191945.0,PROMOTOR DE ADHERENCIA TECNO BOND  20 KG 1 TIN,BAJO NIVEL CRITICO Y PARA MÁS DE DOS SEMANAS,12.00000068664551,4.0,4.0,15.62,11.38,11.38,12 MESES,OBRAEDIFICIOSANDAMIAN,1191945-OBRAEDIFICIOSANDAMIAN
1269909.0,ADHESIVO CERAMICO EN PASTA AC  25 KG 1 TIN,SOBRE NIVEL CRÍTICO Y PARA MÁS DE DOS SEMANAS,8.0,10.0,10.0,20.51,21.0,21.0,9 MESES ,OBRAHUERTOSDEKENNEDY,1269909-OBRAHUERTOSDEKENNEDY
1177641.0,ADHESIVO CERAMICO POLVO ULTRA 25 KG 1 SACO,SOBRE NIVEL CRÍTICO Y PARA MENOS DE DOS SEMANAS,6.0,10.0,10.0,127.06,183.65,183.65,6 MESES,OBRAHUERTOSDEKENNEDY,1177641-OBRAHUERTOSDEKENNEDY
1199189.0,ADHESIVO D.A. EN POLVO MAX 310 CADINA 25 KG 1 SACO,SOBRE NIVEL CRÍTICO Y PARA MÁS DE DOS SEMANAS,68.0,12.0,11.0,97.74,97.74,97.74,6 MESES,OBRAHUERTOSDEKENNEDY,1199189-OBRAHUERTOSDEKENNEDY
1200856.0,"ADHESIVO DE CONTACTO FLEX 125 3,8 LTS 1 GAL",,,,,,,,24 MESES,OBRAHUERTOSDEKENNEDY,1200856-OBRAHUERTOSDEKENNEDY
41020304.0,ADHESIVO PORCELANATO EN POLVO SIKACERAM 200 FLEX 25 KG 1 SACO,,,,,,,,6 MESES,OBRAHUERTOSDEKENNEDY,41020304-OBRAHUERTOSDEKENNEDY
1196455.0,ADHESIVO SILICONABLANCO SANISIL 280 ML 1 UN,SOBRE NIVEL CRÍTICO Y PARA MÁS DE DOS SEMANAS,32.99999923706055,11.0,9.0,15.0,15.0,15.0,24 MESES,OBRAHUERTOSDEKENNEDY,1196455-OBRAHUERTOSDEKENNEDY
1177650.0,ADHESIVOBLANCO SIKACRYL+ PINTABLE 300 ML 1 UN,SOBRE NIVEL CRÍTICO Y PARA MÁS DE DOS SEMANAS,29.0,9.0,9.0,108.01,48.0,48.0,24 MESES,OBRAHUERTOSDEKENNEDY,1177650-OBRAHUERTOSDEKENNEDY
1296237.0,AIRE ACONDICIONADO 12000 BTU 1 UN,BAJO NIVEL CRITICO Y PARA MENOS DE DOS SEMANAS,0.0,8.0,8.0,28.0,28.0,28.0,,OBRAHUERTOSDEKENNEDY,1296237-OBRAHUERTOSDEKENNEDY
1257570.0,ALFOMBRABEIGE STONE 600 GRS 1 M2,SOBRE NIVEL CRÍTICO Y PARA MÁS DE DOS SEMANAS,550.0000805664063,9.0,8.0,684.88,701.4,701.4,,OBRAHUERTOSDEKENNEDY,1257570-OBRAHUERTOSDEKENNEDY
1177895.0,ANTICORROSIVO NEGRO 1 GAL,BAJO NIVEL CRITICO Y PARA MÁS DE DOS SEMANAS,1.0,9.0,9.0,3.96,3.44,3.439999999999999,12 MESES,OBRAHUERTOSDEKENNEDY,1177895-OBRAHUERTOSDEKENNEDY
1192155.0,"BISAGRA 3 1/2"" X 3 1/2"" CROMO SATIN 1 UN",BAJO NIVEL CRITICO Y PARA MENOS DE DOS SEMANAS,0.0,9.0,9.0,36.0,36.0,36.0,,OBRAHUERTOSDEKENNEDY,1192155-OBRAHUERTOSDEKENNEDY
1192147.0,"BISAGRA 3"" X 3"" CROMO SATIN 1 UN",SOBRE NIVEL CRÍTICO Y PARA MÁS DE DOS SEMANAS,252.0,11.0,10.0,273.0,273.0,273.0,,OBRAHUERTOSDEKENNEDY,1192147-OBRAHUERTOSDEKENNEDY
1178193.0,"BROCHA 2"" 1 UN",SOBRE NIVEL CRÍTICO Y PARA MÁS DE DOS SEMANAS,43.5,10.0,9.0,46.03,46.03,46.03,,OBRAHUERTOSDEKENNEDY,1178193-OBRAHUERTOSDEKENNEDY
1179508.0,"BROCHA 4"" 1 UN",SOBRE NIVEL CRÍTICO Y PARA MÁS DE DOS SEMANAS,50.98,11.0,11.0,25.0,0.5,0.5,,OBRAHUERTOSDEKENNEDY,1179508-OBRAHUERTOSDEKENNEDY
1274572.0,BURLETE BAJO PUERTA 1 UN,BAJO NIVEL CRITICOY SIN ENTREGA LOS ÚLTIMOS 90 DÍAS,5.0,8.0,8.0,28.0,28.0,28.0,,OBRAHUERTOSDEKENNEDY,1274572-OBRAHUERTOSDEKENNEDY
1274564.0,BURLETE MARCO PUERTA 1 MT,SOBRE NIVEL CRÍTICOY SIN ENTREGA LOS ÚLTIMOS 90 DÍAS,200.0,11.0,6.0,160.0,160.0,160.0,,OBRAHUERTOSDEKENNEDY,1274564-OBRAHUERTOSDEKENNEDY
41020204.0,CALEFON TIRO FORZADO G.L. 13 LTS C/KIT C/FLEX 1 UN,BAJO NIVEL CRITICOY SIN ENTREGA LOS ÚLTIMOS 90 DÍAS,12.0,9.0,8.0,14.0,14.0,14.0,,OBRAHUERTOSDEKENNEDY,41020204-OBRAHUERTOSDEKENNEDY
41020230.0,CAMPANA BAJO MUEBLE 1 UN,,,,,,,,,OBRAHUERTOSDEKENNEDY,41020230-OBRAHUERTOSDEKENNEDY
1189722.0,CELOSIA 20 X 20 BLANCA 1 UN,SOBRE NIVEL CRÍTICO Y PARA MÁS DE DOS SEMANAS,77.0,12.0,12.0,36.0,36.0,36.0,,OBRAHUERTOSDEKENNEDY,1189722-OBRAHUERTOSDEKENNEDY
1178257.0,CELOSIA 30 X 30 BLANCA 1 UN,SOBRE NIVEL CRÍTICO Y PARA MÁS DE DOS SEMANAS,30.0,10.0,10.0,52.0,46.0,46.0,,OBRAHUERTOSDEKENNEDY,1178257-OBRAHUERTOSDEKENNEDY
1269802.0,CEMENTO AR PUZOLANICO BIO BIO 1 KG,SOBRE NIVEL CRÍTICO Y PARA MÁS DE DOS SEMANAS,4800.001572265639,13.0,13.0,10373.42,9000.0,9000.0,2 MESES,OBRAHUERTOSDEKENNEDY,1269802-OBRAHUERTOSDEKENNEDY
1295381.0,CERAMICA NEW BLANCA BRILL 20 X,SOBRE NIVEL CRÍTICO Y PARA MÁS DE DOS SEMANAS,129.0,10.0,10.0,134.59,135.0,135.0,,OBRAHUERTOSDEKENNEDY,1295381-OBRAHUERTOSDEKENNEDY
1295373.0,CERAMICA NEW BLANCA BRILL 25 X,CERCA DE NIVEL CRITICO Y PARA MENOS DE DOS SEMANAS,24.0000016784668,9.0,9.0,260.32,293.83,293.83,,OBRAHUERTOSDEKENNEDY,1295373-OBRAHUERTOSDEKENNEDY
1285634.0,CERAMICAPLAINE CUERO  45 X 45 1 M2,BAJO NIVEL CRITICO Y PARA MENOS DE DOS SEMANAS,1.009995727539064,10.0,10.0,444.71,456.94,456.94,,OBRAHUERTOSDEKENNEDY,1285634-OBRAHUERTOSDEKENNEDY
41020262.0,CERCO VENTANA TECHO LISO ALTATERRA 55 X 78 1 UN,BAJO NIVEL CRITICO Y PARA MENOS DE DOS SEMANAS,0.0,12.0,12.0,12.0,12.0,12.0,,OBRAHUERTOSDEKENNEDY,41020262-OBRAHUERTOSDEKENNEDY
1251688.0,CERRADURA ACC LLAVE ANDESLOCK CILINDRICA INOX AA43-AI 1 UN,BAJO NIVEL CRITICO Y PARA MENOS DE DOS SEMANAS,1.0,10.0,10.0,13.0,13.0,13.0,,OBRAHUERTOSDEKENNEDY,1251688-OBRAHUERTOSDEKENNEDY
1251696.0,CERRADURA BAÑO ANDESLOCK CILINDRICA INOX AA44-AI 1 UN,SOBRE NIVEL CRÍTICO Y PARA MÁS DE DOS SEMANAS,34.0,10.0,10.0,26.0,26.0,26.0,,OBRAHUERTOSDEKENNEDY,1251696-OBRAHUERTOSDEKENNEDY
1251725.0,CERRADURA DORMITORIO - OFICINA ANDESLOCK CILINDRICA INOX AA40-AI 1 UN,BAJO NIVEL CRITICO Y PARA MENOS DE DOS SEMANAS,5.0,10.0,10.0,26.0,26.0,26.0,,OBRAHUERTOSDEKENNEDY,1251725-OBRAHUERTOSDEKENNEDY
41020315.0,CERRADURA EMBUTIDA MANILLA ACCESO SCANAVINI 1 UN,,,,,,,,,OBRAHUERTOSDEKENNEDY,41020315-OBRAHUERTOSDEKENNEDY
1184083.0,CERRADURA REJA 2985 CI-30 POLI 1 UN,BAJO NIVEL CRITICO Y PARA MENOS DE DOS SEMANAS,0.0,9.0,9.0,12.0,21.0,21.0,,OBRAHUERTOSDEKENNEDY,1184083-OBRAHUERTOSDEKENNEDY
1251709.0,CERRADURA SIMPLE PASO ANDESLOCK CILINDRICA INOX AA46-AI 1 UN,BAJO NIVEL CRITICO Y PARA MENOS DE DOS SEMANAS,4.0,10.0,10.0,26.0,26.0,26.0,,OBRAHUERTOSDEKENNEDY,1251709-OBRAHUERTOSDEKENNEDY
41020314.0,CERRADURA TUBULAR MANILLA TOSCANA BAÑO 1 UN,,,,,,,,,OBRAHUERTOSDEKENNEDY,41020314-OBRAHUERTOSDEKENNEDY
41020313.0,CERRADURA TUBULAR MANILLA TOSCANA SIMPLE PASO 1 UN,,,,,,,,,OBRAHUERTOSDEKENNEDY,41020313-OBRAHUERTOSDEKENNEDY
1193131.0,CERROJO INOX LLAVE ANDESLOCK AX70-AI 1 UN,BAJO NIVEL CRITICO Y PARA MENOS DE DOS SEMANAS,3.0,10.0,10.0,26.0,26.0,26.0,,OBRAHUERTOSDEKENNEDY,1193131-OBRAHUERTOSDEKENNEDY
1193959.0,"CIELO PERFIL AT 20 X 25 X 4 X 0,42 MM X 3,0 MTS",SOBRE NIVEL CRÍTICO Y PARA MÁS DE DOS SEMANAS,564.0,13.0,12.0,144.0,144.0,144.0,,OBRAHUERTOSDEKENNEDY,1193959-OBRAHUERTOSDEKENNEDY
1183013.0,CINTA AUTOADHESIVA P/JUNTURA 45 MTS 1 ROLLO,CERCA DE NIVEL CRITICO Y PARA MÁS DE DOS SEMANAS,37.0,11.0,10.0,48.1,48.09999999999999,48.09999999999999,,OBRAHUERTOSDEKENNEDY,1183013-OBRAHUERTOSDEKENNEDY
1252390.0,"CODO PP-R DOBLE FIJACION TINA HI 20 X 1/2"" 1 UN",SOBRE NIVEL CRÍTICOY SIN ENTREGA LOS ÚLTIMOS 90 DÍAS,72.0,14.0,,,,,,OBRAHUERTOSDEKENNEDY,1252390-OBRAHUERTOSDEKENNEDY
1272340.0,CODO PEX 20 X 1/2 HE,SOBRE NIVEL CRÍTICO Y PARA MÁS DE DOS SEMANAS,63.0,10.0,9.0,24.0,24.0,24.0,,OBRAHUERTOSDEKENNEDY,1272340-OBRAHUERTOSDEKENNEDY
1272323.0,CODO PEX 20 X 20 MM,SOBRE NIVEL CRÍTICO Y PARA MÁS DE DOS SEMANAS,64.0,10.0,9.0,84.0,84.0,84.0,,OBRAHUERTOSDEKENNEDY,1272323-OBRAHUERTOSDEKENNEDY
1247072.0,CODO PP-R 20 MM 1 UN,SOBRE NIVEL CRÍTICO Y PARA MÁS DE DOS SEMANAS,540.0,14.0,13.0,384.0,454.0,454.0,,OBRAHUERTOSDEKENNEDY,1247072-OBRAHUERTOSDEKENNEDY
1196199.0,"CODO PP-R 20 X 1/2"" HE 1 UN",BAJO NIVEL CRITICO Y PARA MÁS DE DOS SEMANAS,30.0,12.0,11.0,20.0,20.0,20.0,,OBRAHUERTOSDEKENNEDY,1196199-OBRAHUERTOSDEKENNEDY
1196076.0,"CODO PP-R 20 X 1/2"" HI 1 UN",SOBRE NIVEL CRÍTICO Y PARA MÁS DE DOS SEMANAS,54.0,14.0,13.0,32.0,32.0,32.0,,OBRAHUERTOSDEKENNEDY,1196076-OBRAHUERTOSDEKENNEDY
1247081.0,CODO PP-R 25 MM 1 UN,SOBRE NIVEL CRÍTICO Y PARA MÁS DE DOS SEMANAS,710.0,14.0,13.0,336.0,336.0,336.0,,OBRAHUERTOSDEKENNEDY,1247081-OBRAHUERTOSDEKENNEDY
1205921.0,"CODO PP-R 25 X 1/2"" HE 1 UN",BAJO NIVEL CRITICO Y PARA MÁS DE DOS SEMANAS,32.0,14.0,10.0,26.0,26.0,26.0,,OBRAHUERTOSDEKENNEDY,1205921-OBRAHUERTOSDEKENNEDY
1190230.0,CODO PP-R 32 MM 1 UN,SOBRE NIVEL CRÍTICO Y PARA MÁS DE DOS SEMANAS,93.0,14.0,13.0,48.0,108.0,108.0,,OBRAHUERTOSDEKENNEDY,1190230-OBRAHUERTOSDEKENNEDY
1199592.0,COPLA PP-R 32 MM 1 UN,SOBRE NIVEL CRÍTICO Y PARA MÁS DE DOS SEMANAS,141.0,14.0,12.0,36.0,36.0,36.0,,OBRAHUERTOSDEKENNEDY,1199592-OBRAHUERTOSDEKENNEDY
1190272.0,COPLA REDUC. PP-R 32 X 25 1 UN,BAJO NIVEL CRITICO Y PARA MÁS DE DOS SEMANAS,31.0,14.0,13.0,16.0,21.0,21.0,,OBRAHUERTOSDEKENNEDY,1190272-OBRAHUERTOSDEKENNEDY
1256198.0,"DESAGUE LAVATORIO 1 1/4"" C/REB /REJ 1 UN",CERCA DE NIVEL CRITICO Y PARA MÁS DE DOS SEMANAS,49.0,10.0,9.0,36.0,36.0,36.0,,OBRAHUERTOSDEKENNEDY,1256198-OBRAHUERTOSDEKENNEDY
1177879.0,DESAGUE TINA/REBALSE/SIFON 1 UN,BAJO NIVEL CRITICO Y PARA MÁS DE DOS SEMANAS,33.0,11.0,10.0,26.0,26.0,26.0,,OBRAHUERTOSDEKENNEDY,1177879-OBRAHUERTOSDEKENNEDY
41020320.0,ENCIMERA GAS LICUADO 1 UN,,,,,,,,,OBRAHUERTOSDEKENNEDY,41020320-OBRAHUERTOSDEKENNEDY
1187161.0,"ESQUINEROS METALICO 30 X 30 X 2,40 MTS 1 UN",SOBRE NIVEL CRÍTICO Y PARA MÁS DE DOS SEMANAS,617.9999694824219,13.0,13.0,416.0,416.0,400.0,,OBRAHUERTOSDEKENNEDY,1187161-OBRAHUERTOSDEKENNEDY
1278303.0,ESTANQUE ARES  1 UN,BAJO NIVEL CRITICO Y PARA MÁS DE DOS SEMANAS,40.0,9.0,9.0,36.0,36.0,36.0,,OBRAHUERTOSDEKENNEDY,1278303-OBRAHUERTOSDEKENNEDY
1291188.0,EXTRACTOR RETON 100 BTH HIGRO 1 UN,BAJO NIVEL CRITICO Y PARA MÁS DE DOS SEMANAS,37.0,9.0,8.0,42.0,42.0,42.0,,OBRAHUERTOSDEKENNEDY,1291188-OBRAHUERTOSDEKENNEDY
1290062.0,FRAGUE CERAMICO GRIS GARZA 1 KG,,,,,,,,12 MESES,OBRAHUERTOSDEKENNEDY,1290062-OBRAHUERTOSDEKENNEDY
1179524.0,FRAGUE CERAMICOBLANCO  1 KG 1 UN,SOBRE NIVEL CRÍTICO Y PARA MÁS DE DOS SEMANAS,79.00000610351563,11.0,10.0,51.28,53.78,53.78,12 MESES,OBRAHUERTOSDEKENNEDY,1179524-OBRAHUERTOSDEKENNEDY
1256340.0,FRAGUE CERAMICOCAPRI  1 KG 1 UN,SOBRE NIVEL CRÍTICO Y PARA MÁS DE DOS SEMANAS,126.0,10.0,10.0,169.42,169.32,169.32,12 MESES,OBRAHUERTOSDEKENNEDY,1256340-OBRAHUERTOSDEKENNEDY
41020341.0,GUARDAPOLVO MADERA RECTO LIJADO 13 X 80 X 2400 1 UN,,,,,,,,,OBRAHUERTOSDEKENNEDY,41020341-OBRAHUERTOSDEKENNEDY
41020333.0,GUARDAPOLVO MADERA RECTO PREPINTADO 13 X 80 X 2400 1 UN,,,,,,,,,OBRAHUERTOSDEKENNEDY,41020333-OBRAHUERTOSDEKENNEDY
1274302.0,HORNO ELECTRICO,,,,,,,,,OBRAHUERTOSDEKENNEDY,1274302-OBRAHUERTOSDEKENNEDY
1182889.0,LANA DE VIDRIO 100 MM VOLCAN 1 M2,SOBRE NIVEL CRÍTICO Y PARA MÁS DE DOS SEMANAS,396.0,12.0,12.0,960.0,963.0,963.0,,OBRAHUERTOSDEKENNEDY,1182889-OBRAHUERTOSDEKENNEDY
1181421.0,LANA DE VIDRIO 50 MM VOLCAN 1 M2,SOBRE NIVEL CRÍTICO Y PARA MÁS DE DOS SEMANAS,158.4,11.0,11.0,202.6,189.06,189.06,,OBRAHUERTOSDEKENNEDY,1181421-OBRAHUERTOSDEKENNEDY
1295461.0,LATEX CIELOLAT BLANCO HUESO 1T,BAJO NIVEL CRITICO Y PARA MÁS DE DOS SEMANAS,48.0,10.0,9.0,42.61,43.0,43.0,12 MESES,OBRAHUERTOSDEKENNEDY,1295461-OBRAHUERTOSDEKENNEDY
1295470.0,LATEX CIELOLAT BLANCO INVIERNO,BAJO NIVEL CRITICO Y PARA MÁS DE DOS SEMANAS,22.40000007629395,10.0,10.0,28.81,29.0,29.0,12 MESES,OBRAHUERTOSDEKENNEDY,1295470-OBRAHUERTOSDEKENNEDY
1279357.0,LAVAMANOS CABURGA  1 UN,BAJO NIVEL CRITICO Y PARA MÁS DE DOS SEMANAS,26.0,9.0,8.0,42.0,14.0,14.0,,OBRAHUERTOSDEKENNEDY,1279357-OBRAHUERTOSDEKENNEDY
1192260.0,LAVAMANOS VALENCIA  1 UN,BAJO NIVEL CRITICOY SIN ENTREGA LOS ÚLTIMOS 90 DÍAS,15.0,6.0,6.0,16.0,32.0,32.0,,OBRAHUERTOSDEKENNEDY,1192260-OBRAHUERTOSDEKENNEDY
1189191.0,LAVAPLATO ACERO INOX DERECHO 800 X 50 1 UN,BAJO NIVEL CRITICOY SIN ENTREGA LOS ÚLTIMOS 90 DÍAS,1.0,10.0,5.0,13.0,5.0,5.0,,OBRAHUERTOSDEKENNEDY,1189191-OBRAHUERTOSDEKENNEDY
1189175.0,LAVAPLATO ACERO INOX IZQUIERDO 800 X 50 1 UN,BAJO NIVEL CRITICOY SIN ENTREGA LOS ÚLTIMOS 90 DÍAS,9.0,6.0,6.0,8.0,7.0,7.0,,OBRAHUERTOSDEKENNEDY,1189175-OBRAHUERTOSDEKENNEDY
1194281.0,LAVAPLATO EMPOTRAR INOX C/REBALSE MONOMANDO DER 800 X 435 1 UN,BAJO NIVEL CRITICO Y PARA MÁS DE DOS SEMANAS,11.0,9.0,8.0,7.0,9.0,9.0,,OBRAHUERTOSDEKENNEDY,1194281-OBRAHUERTOSDEKENNEDY
1194290.0,LAVAPLATO EMPOTRAR INOX C/REBALSE MONOMANDO IZQ 800 X 435 1 UN,BAJO NIVEL CRITICO Y PARA MÁS DE DOS SEMANAS,6.0,9.0,8.0,7.0,5.0,5.0,,OBRAHUERTOSDEKENNEDY,1194290-OBRAHUERTOSDEKENNEDY
41020331.0,LAVAPLATO SOBREPONER ACERO INOX. 570 X 430 MM 1 UN,,,,,,,,,OBRAHUERTOSDEKENNEDY,41020331-OBRAHUERTOSDEKENNEDY
1203213.0,LLAVE PASO PP-R CAMPANA 20 MM CRM 1 UN,SOBRE NIVEL CRÍTICO Y PARA MÁS DE DOS SEMANAS,107.0,14.0,13.0,32.0,32.0,32.0,,OBRAHUERTOSDEKENNEDY,1203213-OBRAHUERTOSDEKENNEDY
1190344.0,LLAVE PASO PP-R CAMPANA 25 MM CRM 1 UN,SOBRE NIVEL CRÍTICO Y PARA MÁS DE DOS SEMANAS,465.0,14.0,13.0,128.0,128.0,128.0,,OBRAHUERTOSDEKENNEDY,1190344-OBRAHUERTOSDEKENNEDY
1270521.0,LOSATEX (25 KG) SOQUINA 1 TINETA,BAJO NIVEL CRITICO Y PARA MÁS DE DOS SEMANAS,10.0,10.0,9.0,9.0,9.0,9.0,12 MESES,OBRAHUERTOSDEKENNEDY,1270521-OBRAHUERTOSDEKENNEDY
1251346.0,MALLA DE FIBRA DE VIDRIO 153 GRS/M2 1 X 50 WEBER MTS 1 UN,BAJO NIVEL CRITICO Y PARA MENOS DE DOS SEMANAS,0.0,10.0,9.0,1.14,0.71,0.71,,OBRAHUERTOSDEKENNEDY,1251346-OBRAHUERTOSDEKENNEDY
41020411.0,MANILLON PUERTA RECTANGULAR ACERO INOX 11A 25X34X300 MM 1 UN,,,,,,,,,OBRAHUERTOSDEKENNEDY,41020411-OBRAHUERTOSDEKENNEDY
1279525.0,MARCO PUERTA L M26 1 UN,BAJO NIVEL CRITICO Y PARA MENOS DE DOS SEMANAS,0.0,9.0,9.0,12.0,12.0,12.0,,OBRAHUERTOSDEKENNEDY,1279525-OBRAHUERTOSDEKENNEDY
1182862.0,MARCO PUERTA MADERA 30 X 90 1 UN,BAJO NIVEL CRITICO Y PARA MÁS DE DOS SEMANAS,64.0,11.0,10.0,65.0,65.0,65.0,,OBRAHUERTOSDEKENNEDY,1182862-OBRAHUERTOSDEKENNEDY
1271136.0,MARCO PUERTA MADERA 40 X 90 C/RANURA BURLETE 1 UN,BAJO NIVEL CRITICO Y PARA MÁS DE DOS SEMANAS,24.0,11.0,10.0,26.0,26.0,26.0,,OBRAHUERTOSDEKENNEDY,1271136-OBRAHUERTOSDEKENNEDY
41020310.0,MARMOLINA ALPACA CT-70R G.M (25 KG) 1 TINETA,,,,,,,,24 MESES,OBRAHUERTOSDEKENNEDY,41020310-OBRAHUERTOSDEKENNEDY
1270432.0,MARMOLINA BEIGE CT-70R G.M. (25 KG) 1 TINETA,BAJO NIVEL CRITICO Y PARA MÁS DE DOS SEMANAS,18.0,10.0,9.0,15.0,14.0,14.0,24 MESES,OBRAHUERTOSDEKENNEDY,1270432-OBRAHUERTOSDEKENNEDY
41020264.0,MARMOLINA FUNCTIONAL GRAY CT-70R G.M (25 KG) 1 TINETA,,,,,,,,24 MESES,OBRAHUERTOSDEKENNEDY,41020264-OBRAHUERTOSDEKENNEDY
1270459.0,MARMOLINA GRIS ARENA CT-70R G.M. (25 KG) 1 TINETA,BAJO NIVEL CRITICO Y PARA MÁS DE DOS SEMANAS,29.00000045776367,10.0,9.0,15.0,14.0,14.0,24 MESES,OBRAHUERTOSDEKENNEDY,1270459-OBRAHUERTOSDEKENNEDY
1270441.0,MARMOLINA MOSTAZA CT-70R G.M. (25 KG) 1 TINETA,BAJO NIVEL CRITICO Y PARA MÁS DE DOS SEMANAS,21.0,10.0,9.0,15.0,14.0,14.0,24 MESES,OBRAHUERTOSDEKENNEDY,1270441-OBRAHUERTOSDEKENNEDY
1268623.0,MASILLA BASE JUNTA PRO VOLCAN 25 KG,BAJO NIVEL CRITICO Y PARA MÁS DE DOS SEMANAS,42.0,10.0,10.0,71.5,37.0,37.0,6 MESES,OBRAHUERTOSDEKENNEDY,1268623-OBRAHUERTOSDEKENNEDY
1192956.0,MASTERSEAL 550 30 KG 1 JUEGO,BAJO NIVEL CRITICO Y PARA MÁS DE DOS SEMANAS,7.0,14.0,13.0,4.8,4.0,4.0,24 MESES,OBRAHUERTOSDEKENNEDY,1192956-OBRAHUERTOSDEKENNEDY
1179348.0,"MEDIDOR AGUA POTABLE 1""  1 UN ",BAJO NIVEL CRITICO Y PARA MÁS DE DOS SEMANAS,7.0,11.0,9.0,6.0,7.0,7.0,12 MESES,OBRAHUERTOSDEKENNEDY,1179348-OBRAHUERTOSDEKENNEDY
1182803.0,"MEDIDOR AGUA POTABLE 3/4"" 1 U N",BAJO NIVEL CRITICO Y PARA MÁS DE DOS SEMANAS,11.0,10.0,10.0,6.5,13.0,13.0,12 MESES,OBRAHUERTOSDEKENNEDY,1182803-OBRAHUERTOSDEKENNEDY
41020340.0,MOLDURA NOMASTYL 30 X 20 LX28 1 ML,,,,,,,,,OBRAHUERTOSDEKENNEDY,41020340-OBRAHUERTOSDEKENNEDY
1288093.0,MOLDURA XPS 33X32 E6 1 ML,SOBRE NIVEL CRÍTICO Y PARA MÁS DE DOS SEMANAS,1890.0,10.0,10.0,1430.0,1430.0,1320.0,,OBRAHUERTOSDEKENNEDY,1288093-OBRAHUERTOSDEKENNEDY
41020335.0,MONOMANDO LAVAPLATO AC. INOX SATINADO VERMONT 1 UN,,,,,,,,,OBRAHUERTOSDEKENNEDY,41020335-OBRAHUERTOSDEKENNEDY
1289512.0,MONOMANDO LAVAPLATOS AREZZO,BAJO NIVEL CRITICO Y PARA MENOS DE DOS SEMANAS,1.0,9.0,9.0,12.0,12.0,0.0,,OBRAHUERTOSDEKENNEDY,1289512-OBRAHUERTOSDEKENNEDY
41020334.0,MONOMANDO LAVATORIO AC. INOX SATINADO VERMONT 1 UN,,,,,,,,,OBRAHUERTOSDEKENNEDY,41020334-OBRAHUERTOSDEKENNEDY
1289483.0,MONOMANDO LAVATORIO AREZZO  1 UN,BAJO NIVEL CRITICO Y PARA MÁS DE DOS SEMANAS,6.0,9.0,9.0,36.0,36.0,0.0,,OBRAHUERTOSDEKENNEDY,1289483-OBRAHUERTOSDEKENNEDY
41020336.0,MONOMANDO TINA-DUCHA AC. INOX SATINADO VERMONT 1 UN,,,,,,,,,OBRAHUERTOSDEKENNEDY,41020336-OBRAHUERTOSDEKENNEDY
1289491.0,MONOMANDO TINA-DUCHA AREZZO  1 UN,BAJO NIVEL CRITICO Y PARA MÁS DE DOS SEMANAS,4.0,9.0,9.0,24.0,24.0,0.0,,OBRAHUERTOSDEKENNEDY,1289491-OBRAHUERTOSDEKENNEDY
1274812.0,MORTERO BASE COAT 20 KG 1 SACO,BAJO NIVEL CRITICO Y PARA MÁS DE DOS SEMANAS,28.0,11.0,10.0,22.36,31.0,31.0,12 MESES,OBRAHUERTOSDEKENNEDY,1274812-OBRAHUERTOSDEKENNEDY
41020232.0,MORTERO PRESEC 196 25 KG,BAJO NIVEL CRITICO Y PARA MÁS DE DOS SEMANAS,89.0,10.0,9.0,64.69,64.69,64.69,6 MESES,OBRAHUERTOSDEKENNEDY,41020232-OBRAHUERTOSDEKENNEDY
41020234.0,MUEBLE BALI CON VANITORIO 1 UN,,,,,,,,,OBRAHUERTOSDEKENNEDY,41020234-OBRAHUERTOSDEKENNEDY
1191718.0,MUEBLE VANITORIO 1 UN,BAJO NIVEL CRITICO Y PARA MENOS DE DOS SEMANAS,0.0,9.0,9.0,12.0,24.0,24.0,,OBRAHUERTOSDEKENNEDY,1191718-OBRAHUERTOSDEKENNEDY
41020404.0,NARIZ DE GRADA PVC TIPO WALNUT 25X50X2400 MM 1 TIRA,,,,,,,,,OBRAHUERTOSDEKENNEDY,41020404-OBRAHUERTOSDEKENNEDY
1275946.0,OLEO OPACO BLANCO INVIERNO CW057 SOQUINA 1 GAL,BAJO NIVEL CRITICO Y PARA MÁS DE DOS SEMANAS,24.0,10.0,7.0,29.7,30.0,30.0,,OBRAHUERTOSDEKENNEDY,1275946-OBRAHUERTOSDEKENNEDY
1183136.0,PAPEL FIELTRO 10/40 1 ROLLO,BAJO NIVEL CRITICO Y PARA MÁS DE DOS SEMANAS,59.0049951171875,12.0,12.0,47.89,48.49,48.49,,OBRAHUERTOSDEKENNEDY,1183136-OBRAHUERTOSDEKENNEDY
1299451.0,PASTA MURO (25 KG) 1 TINETA,BAJO NIVEL CRITICO Y PARA MÁS DE DOS SEMANAS,27.0,10.0,9.0,15.0,30.0,30.0,12 MESES,OBRAHUERTOSDEKENNEDY,1299451-OBRAHUERTOSDEKENNEDY
1191662.0,PEDESTAL UNIVERSAL 1 UN,BAJO NIVEL CRITICO Y PARA MÁS DE DOS SEMANAS,26.0,9.0,8.0,42.0,14.0,14.0,,OBRAHUERTOSDEKENNEDY,1191662-OBRAHUERTOSDEKENNEDY
1201470.0,PEGAMENTO ALFOMBRA PATEL 18 LTS,BAJO NIVEL CRITICO Y PARA MÁS DE DOS SEMANAS,6.0,9.0,8.0,11.06,11.56,11.06,12 MESES,OBRAHUERTOSDEKENNEDY,1201470-OBRAHUERTOSDEKENNEDY
1193975.0,"PERFIL C METALCON 60 X 38 X 8 X 0,85 MM X 2,4 MTS 60 CA085",SOBRE NIVEL CRÍTICO Y PARA MÁS DE DOS SEMANAS,1199.5,13.0,12.0,54.0,54.0,54.0,,OBRAHUERTOSDEKENNEDY,1193975-OBRAHUERTOSDEKENNEDY
1194020.0,"PERFIL C METALCON 60 X 38 X 8 X 0,85 MM X 6,0 MTS 60CA085",SOBRE NIVEL CRÍTICOY SIN ENTREGA LOS ÚLTIMOS 90 DÍAS,274.95,13.0,8.0,35.06,35.0,35.0,,OBRAHUERTOSDEKENNEDY,1194020-OBRAHUERTOSDEKENNEDY
1194169.0,"PERFIL CANAL ECO 39 X 20 X 0,5 MM X 3,00 MTS",SOBRE NIVEL CRÍTICOY SIN ENTREGA LOS ÚLTIMOS 90 DÍAS,145.0,13.0,9.0,78.05,78.0,78.0,,OBRAHUERTOSDEKENNEDY,1194169-OBRAHUERTOSDEKENNEDY
1188033.0,"PERFIL CANAL NORMAL 61 X 20 X 0,5 MM X 3 MTS 1 UN",SOBRE NIVEL CRÍTICO Y PARA MÁS DE DOS SEMANAS,857.0,13.0,12.0,276.0,276.0,276.0,,OBRAHUERTOSDEKENNEDY,1188033-OBRAHUERTOSDEKENNEDY
1199752.0,"PERFIL MONTANTE ECO 38 X 38 X 0,5 MM X 2,4 MTS 1 TIRA",SOBRE NIVEL CRÍTICOY SIN ENTREGA LOS ÚLTIMOS 90 DÍAS,636.0,13.0,9.0,204.0,204.0,204.0,,OBRAHUERTOSDEKENNEDY,1199752-OBRAHUERTOSDEKENNEDY
1188025.0,"PERFIL MONTANTE NORMAL 60 X 38 X 0,5 MM X 2,4 MTS 1 UN",SOBRE NIVEL CRÍTICO Y PARA MÁS DE DOS SEMANAS,1225.0,13.0,12.0,624.0,624.0,624.0,,OBRAHUERTOSDEKENNEDY,1188025-OBRAHUERTOSDEKENNEDY
1193967.0,"PERFIL MONTANTE NORMAL 60 X 38 X 0,5 MM X 3,0 MTS 1 UN",SOBRE NIVEL CRÍTICOY SIN ENTREGA LOS ÚLTIMOS 90 DÍAS,432.0,13.0,9.0,216.03,216.0,216.0,,OBRAHUERTOSDEKENNEDY,1193967-OBRAHUERTOSDEKENNEDY
1193941.0,"PERFIL PORTANTE 40 R 40 X 18 X 10 X 0,5 MM X 3,00 MTS",SOBRE NIVEL CRÍTICOY SIN ENTREGA LOS ÚLTIMOS 90 DÍAS,626.0,7.0,7.0,1134.01,1134.0,1134.0,,OBRAHUERTOSDEKENNEDY,1193941-OBRAHUERTOSDEKENNEDY
1198881.0,"PERFIL PORTANTE 40 R 40 X 18 X 10 X 0,5 MM X 6 MTS",CERCA DE NIVEL CRITICO Y PARA MÁS DE DOS SEMANAS,112.0,12.0,12.0,468.0,468.0,468.0,,OBRAHUERTOSDEKENNEDY,1198881-OBRAHUERTOSDEKENNEDY
1193983.0,"PERFIL U METALCON 62 X 25 X 0,85 MM X 3,0 MTS 62 CO85",BAJO NIVEL CRITICO Y PARA MENOS DE DOS SEMANAS,0.0,12.0,12.0,12.0,12.0,12.0,,OBRAHUERTOSDEKENNEDY,1193983-OBRAHUERTOSDEKENNEDY
1193991.0,"PERFIL U METALCON 62 X 25 X 0,85 MM X 6,0 MTS 62 CO85",SOBRE NIVEL CRÍTICOY SIN ENTREGA LOS ÚLTIMOS 90 DÍAS,379.0,9.0,9.0,108.03,108.0,108.0,,OBRAHUERTOSDEKENNEDY,1193991-OBRAHUERTOSDEKENNEDY
41020332.0,PILASTRA PINO RECTA 13 X 30 X 2400 1 UN,,,,,,,,,OBRAHUERTOSDEKENNEDY,41020332-OBRAHUERTOSDEKENNEDY
1178839.0,"PINO 2"" X 10"" X 3,20 MT",BAJO NIVEL CRITICO Y PARA MÁS DE DOS SEMANAS,29.0,10.0,10.0,52.0,52.0,52.0,,OBRAHUERTOSDEKENNEDY,1178839-OBRAHUERTOSDEKENNEDY
1193713.0,"PINO 2"" X 2"" X 3,20 MT IMPREGNADO",SOBRE NIVEL CRÍTICO Y PARA MÁS DE DOS SEMANAS,2596.0,13.0,12.0,1278.0,1278.0,1278.0,,OBRAHUERTOSDEKENNEDY,1193713-OBRAHUERTOSDEKENNEDY
41020265.0,PINTURA DE FIBROCEMENTO TERRA FIBROCEM 1 TIN,BAJO NIVEL CRITICOY SIN ENTREGA LOS ÚLTIMOS 90 DÍAS,0.0,12.0,,,,,18 MESES,OBRAHUERTOSDEKENNEDY,41020265-OBRAHUERTOSDEKENNEDY
1191216.0,PINTURA DE FIBROCEMENTOCAOBA FIBROCEM  1 TIN,BAJO NIVEL CRITICO Y PARA MÁS DE DOS SEMANAS,3.000000190734863,10.0,10.0,2.275,4.0,4.0,18 MESES,OBRAHUERTOSDEKENNEDY,1191216-OBRAHUERTOSDEKENNEDY
1191321.0,PINTURA DE FIBROCEMENTOCASTANO FIBROCEM  1 TIN,BAJO NIVEL CRITICO Y PARA MÁS DE DOS SEMANAS,0.800000095367432,11.0,10.0,2.275,0.5,0.5,18 MESES,OBRAHUERTOSDEKENNEDY,1191321-OBRAHUERTOSDEKENNEDY
41020267.0,PINTURA DE MADERA TERRA MADERVET 1 TIN,BAJO NIVEL CRITICOY SIN ENTREGA LOS ÚLTIMOS 90 DÍAS,2.0,12.0,,,,,24 MESES,OBRAHUERTOSDEKENNEDY,41020267-OBRAHUERTOSDEKENNEDY
1283090.0,PINTURA DE MADERACAOBA MADERVET  1 TIN,BAJO NIVEL CRITICOY SIN ENTREGA LOS ÚLTIMOS 90 DÍAS,6.0,10.0,9.0,1.2,2.3,2.3,24 MESES,OBRAHUERTOSDEKENNEDY,1283090-OBRAHUERTOSDEKENNEDY
1283102.0,PINTURA DE MADERACASTANO MADERVET  1 TIN,BAJO NIVEL CRITICOY SIN ENTREGA LOS ÚLTIMOS 90 DÍAS,7.0,11.0,9.0,1.2,0.1,0.1000000000000001,24 MESES,OBRAHUERTOSDEKENNEDY,1283102-OBRAHUERTOSDEKENNEDY
41020321.0,PINTURA ESMALTE AL AGUA BACKDROP CP-70 1 TIN,,,,,,,,12 MESES,OBRAHUERTOSDEKENNEDY,41020321-OBRAHUERTOSDEKENNEDY
41020322.0,PINTURA ESMALTE AL AGUA FUNCTIONAL GRAY CP-70 1 TIN,,,,,,,,12 MESES,OBRAHUERTOSDEKENNEDY,41020322-OBRAHUERTOSDEKENNEDY
41020323.0,PINTURA ESMALTE AL AGUA PURE WHITE CP-70 1 TIN,BAJO NIVEL CRITICOY SIN ENTREGA LOS ÚLTIMOS 90 DÍAS,5.0,13.0,,,,,12 MESES,OBRAHUERTOSDEKENNEDY,41020323-OBRAHUERTOSDEKENNEDY
41020324.0,PINTURA ESMALTE AL AGUA SIMPLE WHITE CP-70 1 TIN,,,,,,,,12 MESES,OBRAHUERTOSDEKENNEDY,41020324-OBRAHUERTOSDEKENNEDY
1275938.0,PINTURA ESMALTE AL AGUABLANCO HUESO CP-70  1 TIN,BAJO NIVEL CRITICO Y PARA MÁS DE DOS SEMANAS,11.98001384735107,10.0,9.0,6.0,6.0,6.0,12 MESES,OBRAHUERTOSDEKENNEDY,1275938-OBRAHUERTOSDEKENNEDY
1275920.0,PINTURA ESMALTE AL AGUABLANCO INVIERNO CP-70  1 TIN,BAJO NIVEL CRITICO Y PARA MÁS DE DOS SEMANAS,2.000111269950867,10.0,9.0,3.0,3.0,3.0,12 MESES,OBRAHUERTOSDEKENNEDY,1275920-OBRAHUERTOSDEKENNEDY
41020339.0,PINTURA HOJALATA TERRA ACRIZINC 1 GAL,,,,,,,,60 MESES,OBRAHUERTOSDEKENNEDY,41020339-OBRAHUERTOSDEKENNEDY
1191451.0,PINTURA HOJALATACAOBA ACRIZINC  1 GAL,BAJO NIVEL CRITICOY SIN ENTREGA LOS ÚLTIMOS 90 DÍAS,1.0,9.0,7.0,2.25,6.0,6.0,60 MESES,OBRAHUERTOSDEKENNEDY,1191451-OBRAHUERTOSDEKENNEDY
1191460.0,PINTURA HOJALATACASTANO ACRIZINC  1 GAL,BAJO NIVEL CRITICO Y PARA MÁS DE DOS SEMANAS,2.0,10.0,8.0,1.75,3.5,3.5,60 MESES,OBRAHUERTOSDEKENNEDY,1191460-OBRAHUERTOSDEKENNEDY
1194652.0,PINTURA HOJALATANEGRO ACRIZINC  1 GAL,BAJO NIVEL CRITICO Y PARA MÁS DE DOS SEMANAS,7.0,9.0,8.0,10.5,10.5,10.5,60 MESES,OBRAHUERTOSDEKENNEDY,1194652-OBRAHUERTOSDEKENNEDY
1274821.0,PINTURA IMPERMEABILIZANTE MASTERWALL BEIGE (IC)  1 TIN,BAJO NIVEL CRITICO Y PARA MÁS DE DOS SEMANAS,10.0,10.0,9.0,8.0,10.0,10.0,12 MESES,OBRAHUERTOSDEKENNEDY,1274821-OBRAHUERTOSDEKENNEDY
1274839.0,PINTURA IMPERMEABILIZANTE MASTERWALL GRIS ARENA (SR)  1 TIN,BAJO NIVEL CRITICO Y PARA MÁS DE DOS SEMANAS,8.0,10.0,9.0,8.0,14.0,14.0,12 MESES,OBRAHUERTOSDEKENNEDY,1274839-OBRAHUERTOSDEKENNEDY
1274847.0,PINTURA IMPERMEABILIZANTE MASTERWALL MOSTAZA (GS)  1 TIN,BAJO NIVEL CRITICO Y PARA MÁS DE DOS SEMANAS,3.0,10.0,10.0,9.096666666666666,10.0,3.0,12 MESES,OBRAHUERTOSDEKENNEDY,1274847-OBRAHUERTOSDEKENNEDY
41020253.0,PINTURA IMPERMEABILIZANTE SIKAWALL-416 ALPACA 1 TIN,,,,,,,,12 MESES,OBRAHUERTOSDEKENNEDY,41020253-OBRAHUERTOSDEKENNEDY
41020252.0,PINTURA IMPERMEABILIZANTE SIKAWALL-416 FUNCTIONAL GRAY 1 TIN,,,,,,,,12 MESES,OBRAHUERTOSDEKENNEDY,41020252-OBRAHUERTOSDEKENNEDY
41020328.0,PINTURA LATEX ACRILICO BACKDROP CK-70 1 TIN,,,,,,,,12 MESES,OBRAHUERTOSDEKENNEDY,41020328-OBRAHUERTOSDEKENNEDY
41020327.0,PINTURA LATEX ACRILICO FUNCTIONAL GRAY CK-70 1 TIN,,,,,,,,12 MESES,OBRAHUERTOSDEKENNEDY,41020327-OBRAHUERTOSDEKENNEDY
41020325.0,PINTURA LATEX ACRILICO PURE WHITE CIELOLAT 1 TIN,,,,,,,,12 MESES,OBRAHUERTOSDEKENNEDY,41020325-OBRAHUERTOSDEKENNEDY
41020326.0,PINTURA LATEX ACRILICO SIMPLE WHITE CIELOLAT 1 TIN,,,,,,,,12 MESES,OBRAHUERTOSDEKENNEDY,41020326-OBRAHUERTOSDEKENNEDY
1188105.0,PLANCHA FIBROCEMENTO 4 MM VOLCAN 1 PLANCHA,BAJO NIVEL CRITICO Y PARA MENOS DE DOS SEMANAS,6.5,14.0,13.0,148.0,148.0,0.0,,OBRAHUERTOSDEKENNEDY,1188105-OBRAHUERTOSDEKENNEDY
1259305.0,"PLANCHA OSB PROTEC 11,1 MM X 2,4 4 X 1,22 MTS LP 1 UN",BAJO NIVEL CRITICO Y PARA MENOS DE DOS SEMANAS,3.900000000000006,13.0,13.0,736.0,719.0,0.0,,OBRAHUERTOSDEKENNEDY,1259305-OBRAHUERTOSDEKENNEDY
1192999.0,"PLANCHA OSB STD 9,5 MM X 2,44 X 1,22 MTS LP 1 UN",BAJO NIVEL CRITICO Y PARA MÁS DE DOS SEMANAS,22.0,12.0,12.0,12.0,12.0,12.0,,OBRAHUERTOSDEKENNEDY,1192999-OBRAHUERTOSDEKENNEDY
1182758.0,"PLANCHA YESO-CARTON RH 12,5 MM 1,20 X 2,40 VOLCAN 1 PLANCHA",SOBRE NIVEL CRÍTICO Y PARA MÁS DE DOS SEMANAS,188.0,13.0,12.0,144.0,144.0,144.0,,OBRAHUERTOSDEKENNEDY,1182758-OBRAHUERTOSDEKENNEDY
1179698.0,"PLANCHA YESO-CARTON ST 10 MM 1,20 X 2,40 VOLCAN 1 PLANCHA",SOBRE NIVEL CRÍTICO Y PARA MÁS DE DOS SEMANAS,514.0,12.0,12.0,696.0,696.0,696.0,,OBRAHUERTOSDEKENNEDY,1179698-OBRAHUERTOSDEKENNEDY
1278928.0,POLIESTIRENO EXP. 30 MM (20KG/ M3) 1 PLANCHA,SOBRE NIVEL CRÍTICO Y PARA MÁS DE DOS SEMANAS,380.0,14.0,13.0,240.0,240.0,240.0,,OBRAHUERTOSDEKENNEDY,1278928-OBRAHUERTOSDEKENNEDY
1278936.0,POLIESTIRENO EXP. 60 MM (20KG/ M3) 1 PLANCHA,SOBRE NIVEL CRÍTICO Y PARA MÁS DE DOS SEMANAS,377.0,14.0,9.0,72.0,72.0,72.0,,OBRAHUERTOSDEKENNEDY,1278936-OBRAHUERTOSDEKENNEDY
41020260.0,PORCELANATO GRES KLASSIC LIGHT GREY MATEE 60 X 60 1M2,BAJO NIVEL CRITICOY SIN ENTREGA LOS ÚLTIMOS 90 DÍAS,20.15999984741211,11.0,,,,,,OBRAHUERTOSDEKENNEDY,41020260-OBRAHUERTOSDEKENNEDY
41020249.0,PORCELANATO GRES YORK WALNUT 30 X 60 1 M2,SOBRE NIVEL CRÍTICO Y PARA MÁS DE DOS SEMANAS,276.4799890136719,12.0,12.0,576.45,576.0,0.0,,OBRAHUERTOSDEKENNEDY,41020249-OBRAHUERTOSDEKENNEDY
1191945.0,PROMOTOR DE ADHERENCIA TECNO BOND  20 KG 1 TIN,BAJO NIVEL CRITICO Y PARA MÁS DE DOS SEMANAS,2.000299453735352,10.0,10.0,4.29,5.0,5.0,12 MESES,OBRAHUERTOSDEKENNEDY,1191945-OBRAHUERTOSDEKENNEDY
41020284.0,PROTECTOR DE MADERA GRIS CUARZO CERESTAIN 1 GAL,,,,,,,,24 MESES,OBRAHUERTOSDEKENNEDY,41020284-OBRAHUERTOSDEKENNEDY
1260955.0,"PUERTA HDF EXTERIOR PRESTIGE PROTEGIDA 0,80 X 2 MT 1 UN",BAJO NIVEL CRITICO Y PARA MENOS DE DOS SEMANAS,1.0,10.0,10.0,13.0,13.0,13.0,,OBRAHUERTOSDEKENNEDY,1260955-OBRAHUERTOSDEKENNEDY
1192112.0,"PUERTA HDF PRESTIGE 0,65 X 2 M T INTERIOR 1 UN",BAJO NIVEL CRITICO Y PARA MÁS DE DOS SEMANAS,9.0,10.0,10.0,13.0,13.0,13.0,,OBRAHUERTOSDEKENNEDY,1192112-OBRAHUERTOSDEKENNEDY
1192121.0,"PUERTA HDF PRESTIGE 0,70 X 2 M T INTERIOR 1 UN",BAJO NIVEL CRITICO Y PARA MÁS DE DOS SEMANAS,44.0,10.0,10.0,52.0,52.0,52.0,,OBRAHUERTOSDEKENNEDY,1192121-OBRAHUERTOSDEKENNEDY
1192139.0,"PUERTA HDF PRESTIGE 0,75 X 2 M T INTERIOR 1 UN",BAJO NIVEL CRITICO Y PARA MÁS DE DOS SEMANAS,7.0,9.0,9.0,12.0,12.0,12.0,,OBRAHUERTOSDEKENNEDY,1192139-OBRAHUERTOSDEKENNEDY
41020428.0,"PUERTA MDF HR EXTERIOR PREPINTADA 2V+5H C/PE DOBLE BASTIDOR 0,80 X 2,00 MT 1 UN",,,,,,,,,OBRAHUERTOSDEKENNEDY,41020428-OBRAHUERTOSDEKENNEDY
1275428.0,"PUERTA MDF HR PREP CAPRI III C/POLIEST Y DOBLE CELOSIA 0,70 X 2,00 MT 1 UN",,,,,,,,,OBRAHUERTOSDEKENNEDY,1275428-OBRAHUERTOSDEKENNEDY
1243995.0,"PUERTA MDF INTERIOR PREPINTADA 2V+5H 0,65 X 2,00 MT 1 UN",,,12.0,12.0,12.0,12.0,0.0,,OBRAHUERTOSDEKENNEDY,1243995-OBRAHUERTOSDEKENNEDY
1244015.0,"PUERTA MDF INTERIOR PREPINTADA 2V+5H 0,70 X 2,00 MT 1 UN",,,12.0,12.0,48.0,48.0,0.0,,OBRAHUERTOSDEKENNEDY,1244015-OBRAHUERTOSDEKENNEDY
1244023.0,"PUERTA MDF INTERIOR PREPINTADA 2V+5H 0,75 X 2,00 MT 1 UN",,,,,,,,,OBRAHUERTOSDEKENNEDY,1244023-OBRAHUERTOSDEKENNEDY
1190969.0,"PUERTA TERCIADO 0,70 X 2,00 CO N PE C/C 1 UN",BAJO NIVEL CRITICO Y PARA MÁS DE DOS SEMANAS,12.0,9.0,9.0,12.0,12.0,12.0,,OBRAHUERTOSDEKENNEDY,1190969-OBRAHUERTOSDEKENNEDY
1188471.0,"PUERTA TERCIADO 0,75 X 2,00 MT CON PE C/C  1 UN",BAJO NIVEL CRITICO Y PARA MENOS DE DOS SEMANAS,1.0,10.0,10.0,13.0,13.0,13.0,,OBRAHUERTOSDEKENNEDY,1188471-OBRAHUERTOSDEKENNEDY
41020370.0,"PUERTA TOSCANA CON NUDOS 0,85 X 2,00 MT 1 UN",BAJO NIVEL CRITICO Y PARA MENOS DE DOS SEMANAS,0.0,9.0,9.0,12.0,12.0,12.0,,OBRAHUERTOSDEKENNEDY,41020370-OBRAHUERTOSDEKENNEDY
1187241.0,REGULADOR P/GAS 45KG RI 11100 1 UN,,,,,,,,,OBRAHUERTOSDEKENNEDY,1187241-OBRAHUERTOSDEKENNEDY
1199189.0,ADHESIVO D.A. EN POLVO MAX 310 CADINA 25 KG 1 SACO,SOBRE NIVEL CRÍTICO Y PARA MENOS DE DOS SEMANAS,44.0,3.0,3.0,205.59,165.0,165.0,6 MESES,OBRALINARES,1199189-OBRALINARES
1200856.0,"ADHESIVO DE CONTACTO FLEX 125 3,8 LTS 1 GAL",SOBRE NIVEL CRÍTICOY SIN ENTREGA LOS ÚLTIMOS 90 DÍAS,69.0,2.0,2.0,14.29,80.0,80.0,24 MESES,OBRALINARES,1200856-OBRALINARES
41020304.0,ADHESIVO PORCELANATO EN POLVO SIKACERAM 200 FLEX 25 KG 1 SACO,SOBRE NIVEL CRÍTICO Y PARA MÁS DE DOS SEMANAS,63.0,4.0,3.0,49.75,49.75,49.75,6 MESES,OBRALINARES,41020304-OBRALINARES
1196455.0,ADHESIVO SILICONABLANCO SANISIL 280 ML 1 UN,BAJO NIVEL CRITICO Y PARA MÁS DE DOS SEMANAS,33.0,3.0,3.0,17.5,0.25,0.25,24 MESES,OBRALINARES,1196455-OBRALINARES
1177650.0,ADHESIVOBLANCO SIKACRYL+ PINTABLE 300 ML 1 UN,BAJO NIVEL CRITICO Y PARA MÁS DE DOS SEMANAS,151.0,2.0,2.0,162.01,162.0,162.0,24 MESES,OBRALINARES,1177650-OBRALINARES
1296237.0,AIRE ACONDICIONADO 12000 BTU 1 UN,,,,,,,,,OBRALINARES,1296237-OBRALINARES
1177895.0,ANTICORROSIVO NEGRO 1 GAL,BAJO NIVEL CRITICO Y PARA MÁS DE DOS SEMANAS,3.0,5.0,5.0,3.13,2.49,0.3600000000000003,12 MESES,OBRALINARES,1177895-OBRALINARES
1192155.0,"BISAGRA 3 1/2"" X 3 1/2"" CROMO SATIN 1 UN",SOBRE NIVEL CRÍTICO Y PARA MÁS DE DOS SEMANAS,90.0,5.0,2.0,54.0,54.0,54.0,,OBRALINARES,1192155-OBRALINARES
1192147.0,"BISAGRA 3"" X 3"" CROMO SATIN 1 UN",SOBRE NIVEL CRÍTICO Y PARA MÁS DE DOS SEMANAS,727.0,5.0,2.0,432.0,432.0,432.0,,OBRALINARES,1192147-OBRALINARES
1178193.0,"BROCHA 2"" 1 UN",SOBRE NIVEL CRÍTICO Y PARA MÁS DE DOS SEMANAS,70.99949645996094,3.0,3.0,46.66,4.0,4.0,,OBRALINARES,1178193-OBRALINARES
1179508.0,"BROCHA 4"" 1 UN",SOBRE NIVEL CRÍTICO Y PARA MÁS DE DOS SEMANAS,68.99999618530273,3.0,3.0,7.0,6.0,6.0,,OBRALINARES,1179508-OBRALINARES
1274572.0,BURLETE BAJO PUERTA 1 UN,SOBRE NIVEL CRÍTICO Y PARA MÁS DE DOS SEMANAS,61.0,5.0,2.0,36.0,36.0,0.0,,OBRALINARES,1274572-OBRALINARES
41020204.0,CALEFON TIRO FORZADO G.L. 13 LTS C/KIT C/FLEX 1 UN,SOBRE NIVEL CRÍTICO Y PARA MÁS DE DOS SEMANAS,14.0,3.0,2.0,18.0,18.0,18.0,,OBRALINARES,41020204-OBRALINARES
41020230.0,CAMPANA BAJO MUEBLE 1 UN,BAJO NIVEL CRITICOY SIN ENTREGA LOS ÚLTIMOS 90 DÍAS,1.0,2.0,,,,,,OBRALINARES,41020230-OBRALINARES
1189722.0,CELOSIA 20 X 20 BLANCA 1 UN,SOBRE NIVEL CRÍTICOY SIN ENTREGA LOS ÚLTIMOS 90 DÍAS,60.0,5.0,2.0,36.0,38.0,38.0,,OBRALINARES,1189722-OBRALINARES
1178257.0,CELOSIA 30 X 30 BLANCA 1 UN,SOBRE NIVEL CRÍTICOY SIN ENTREGA LOS ÚLTIMOS 90 DÍAS,109.0,5.0,2.0,36.0,36.0,36.0,,OBRALINARES,1178257-OBRALINARES
1269802.0,CEMENTO AR PUZOLANICO BIO BIO 1 KG,SOBRE NIVEL CRÍTICO Y PARA MÁS DE DOS SEMANAS,1225.0,5.0,5.0,3793.58,3793.76,3793.76,2 MESES,OBRALINARES,1269802-OBRALINARES
41020315.0,CERRADURA EMBUTIDA MANILLA ACCESO SCANAVINI 1 UN,BAJO NIVEL CRITICO Y PARA MÁS DE DOS SEMANAS,14.0,3.0,2.0,18.0,18.0,18.0,,OBRALINARES,41020315-OBRALINARES
41020314.0,CERRADURA TUBULAR MANILLA TOSCANA BAÑO 1 UN,SOBRE NIVEL CRÍTICO Y PARA MÁS DE DOS SEMANAS,56.0,3.0,2.0,72.0,72.0,72.0,,OBRALINARES,41020314-OBRALINARES
41020313.0,CERRADURA TUBULAR MANILLA TOSCANA SIMPLE PASO 1 UN,SOBRE NIVEL CRÍTICO Y PARA MÁS DE DOS SEMANAS,70.0,3.0,2.0,90.0,90.0,90.0,,OBRALINARES,41020313-OBRALINARES
1193959.0,"CIELO PERFIL AT 20 X 25 X 4 X 0,42 MM X 3,0 MTS",SOBRE NIVEL CRÍTICO Y PARA MÁS DE DOS SEMANAS,56.0,5.0,5.0,108.0,108.0,108.0,,OBRALINARES,1193959-OBRALINARES
1183013.0,CINTA AUTOADHESIVA P/JUNTURA 45 MTS 1 ROLLO,SOBRE NIVEL CRÍTICO Y PARA MÁS DE DOS SEMANAS,76.0,5.0,4.0,55.86,75.0,75.0,,OBRALINARES,1183013-OBRALINARES
1252390.0,"CODO PP-R DOBLE FIJACION TINA HI 20 X 1/2"" 1 UN",BAJO NIVEL CRITICOY SIN ENTREGA LOS ÚLTIMOS 90 DÍAS,12.0,5.0,,,,,,OBRALINARES,1252390-OBRALINARES
1272340.0,CODO PEX 20 X 1/2 HE,SOBRE NIVEL CRÍTICO Y PARA MÁS DE DOS SEMANAS,28.0,4.0,2.0,36.0,36.0,36.0,,OBRALINARES,1272340-OBRALINARES
1272323.0,CODO PEX 20 X 20 MM,SOBRE NIVEL CRÍTICO Y PARA MÁS DE DOS SEMANAS,96.0,5.0,5.0,42.0,42.0,0.0,,OBRALINARES,1272323-OBRALINARES
1247072.0,CODO PP-R 20 MM 1 UN,SOBRE NIVEL CRÍTICO Y PARA MÁS DE DOS SEMANAS,165.0,5.0,5.0,144.0,144.0,144.0,,OBRALINARES,1247072-OBRALINARES
1196076.0,"CODO PP-R 20 X 1/2"" HI 1 UN",SOBRE NIVEL CRÍTICO Y PARA MÁS DE DOS SEMANAS,143.0,3.0,3.0,28.0,28.0,28.0,,OBRALINARES,1196076-OBRALINARES
1247081.0,CODO PP-R 25 MM 1 UN,SOBRE NIVEL CRÍTICO Y PARA MÁS DE DOS SEMANAS,142.0,5.0,5.0,126.0,126.0,126.0,,OBRALINARES,1247081-OBRALINARES
1205921.0,"CODO PP-R 25 X 1/2"" HE 1 UN",SOBRE NIVEL CRÍTICO Y PARA MÁS DE DOS SEMANAS,63.0,4.0,3.0,28.0,28.0,28.0,,OBRALINARES,1205921-OBRALINARES
1190230.0,CODO PP-R 32 MM 1 UN,SOBRE NIVEL CRÍTICO Y PARA MÁS DE DOS SEMANAS,51.0,5.0,5.0,18.0,36.0,36.0,,OBRALINARES,1190230-OBRALINARES
1199592.0,COPLA PP-R 32 MM 1 UN,SOBRE NIVEL CRÍTICO Y PARA MÁS DE DOS SEMANAS,79.0,4.0,4.0,10.0,10.0,10.0,,OBRALINARES,1199592-OBRALINARES
1190272.0,COPLA REDUC. PP-R 32 X 25 1 UN,BAJO NIVEL CRITICOY SIN ENTREGA LOS ÚLTIMOS 90 DÍAS,1.0,4.0,4.0,10.0,10.0,10.0,,OBRALINARES,1190272-OBRALINARES
1256198.0,"DESAGUE LAVATORIO 1 1/4"" C/REB /REJ 1 UN",SOBRE NIVEL CRÍTICO Y PARA MÁS DE DOS SEMANAS,139.0,5.0,2.0,54.0,54.0,54.0,,OBRALINARES,1256198-OBRALINARES
1177879.0,DESAGUE TINA/REBALSE/SIFON 1 UN,BAJO NIVEL CRITICO Y PARA MÁS DE DOS SEMANAS,26.0,5.0,3.0,28.0,28.0,28.0,,OBRALINARES,1177879-OBRALINARES
41020320.0,ENCIMERA GAS LICUADO 1 UN,BAJO NIVEL CRITICOY SIN ENTREGA LOS ÚLTIMOS 90 DÍAS,1.0,2.0,,,,,,OBRALINARES,41020320-OBRALINARES
1187161.0,"ESQUINEROS METALICO 30 X 30 X 2,40 MTS 1 UN",SOBRE NIVEL CRÍTICO Y PARA MÁS DE DOS SEMANAS,1650.0,4.0,4.0,500.7,500.7,500.7,,OBRALINARES,1187161-OBRALINARES
1278303.0,ESTANQUE ARES  1 UN,SOBRE NIVEL CRÍTICO Y PARA MÁS DE DOS SEMANAS,96.0,3.0,2.0,54.0,54.0,54.0,,OBRALINARES,1278303-OBRALINARES
1291188.0,EXTRACTOR RETON 100 BTH HIGRO 1 UN,SOBRE NIVEL CRÍTICO Y PARA MÁS DE DOS SEMANAS,63.0,3.0,2.0,54.0,54.0,54.0,,OBRALINARES,1291188-OBRALINARES
1290062.0,FRAGUE CERAMICO GRIS GARZA 1 KG,BAJO NIVEL CRITICO Y PARA MÁS DE DOS SEMANAS,13.0,2.0,2.0,148.75,35.0,35.0,12 MESES,OBRALINARES,1290062-OBRALINARES
1256340.0,FRAGUE CERAMICOCAPRI  1 KG 1 UN,BAJO NIVEL CRITICO Y PARA MENOS DE DOS SEMANAS,0.0,21.0,21.0,352.44,346.0,346.0,12 MESES,OBRALINARES,1256340-OBRALINARES
41020341.0,GUARDAPOLVO MADERA RECTO LIJADO 13 X 80 X 2400 1 UN,,,,,,,,,OBRALINARES,41020341-OBRALINARES
41020333.0,GUARDAPOLVO MADERA RECTO PREPINTADO 13 X 80 X 2400 1 UN,SOBRE NIVEL CRÍTICOY SIN ENTREGA LOS ÚLTIMOS 90 DÍAS,391.8,3.0,,,,,,OBRALINARES,41020333-OBRALINARES
1274302.0,HORNO ELECTRICO,BAJO NIVEL CRITICO Y PARA MENOS DE DOS SEMANAS,0.0,2.0,2.0,18.0,1.0,1.0,,OBRALINARES,1274302-OBRALINARES
1182889.0,LANA DE VIDRIO 100 MM VOLCAN 1 M2,SOBRE NIVEL CRÍTICO Y PARA MÁS DE DOS SEMANAS,333.0,5.0,5.0,324.0,324.0,324.0,,OBRALINARES,1182889-OBRALINARES
1279357.0,LAVAMANOS CABURGA  1 UN,BAJO NIVEL CRITICO Y PARA MENOS DE DOS SEMANAS,2.0,1.0,1.0,51.0,17.0,17.0,,OBRALINARES,1279357-OBRALINARES
41020331.0,LAVAPLATO SOBREPONER ACERO INOX. 570 X 430 MM 1 UN,BAJO NIVEL CRITICOY SIN ENTREGA LOS ÚLTIMOS 90 DÍAS,31.0,3.0,2.0,18.0,18.0,18.0,,OBRALINARES,41020331-OBRALINARES
1203213.0,LLAVE PASO PP-R CAMPANA 20 MM CRM 1 UN,BAJO NIVEL CRITICO Y PARA MÁS DE DOS SEMANAS,12.0,4.0,4.0,20.0,20.0,20.0,,OBRALINARES,1203213-OBRALINARES
1190344.0,LLAVE PASO PP-R CAMPANA 25 MM CRM 1 UN,BAJO NIVEL CRITICO Y PARA MENOS DE DOS SEMANAS,0.0,4.0,4.0,80.0,80.0,80.0,,OBRALINARES,1190344-OBRALINARES
1270521.0,LOSATEX (25 KG) SOQUINA 1 TINETA,BAJO NIVEL CRITICOY SIN ENTREGA LOS ÚLTIMOS 90 DÍAS,26.0,2.0,2.0,13.5,13.45,13.45,12 MESES,OBRALINARES,1270521-OBRALINARES
1251346.0,MALLA DE FIBRA DE VIDRIO 153 GRS/M2 1 X 50 WEBER MTS 1 UN,BAJO NIVEL CRITICO Y PARA MÁS DE DOS SEMANAS,1.000000004768371,5.0,4.0,0.95,0.95,0.95,,OBRALINARES,1251346-OBRALINARES
41020411.0,MANILLON PUERTA RECTANGULAR ACERO INOX 11A 25X34X300 MM 1 UN,,,,,,,,,OBRALINARES,41020411-OBRALINARES
1279525.0,MARCO PUERTA L M26 1 UN,BAJO NIVEL CRITICO Y PARA MÁS DE DOS SEMANAS,7.0,2.0,2.0,18.0,18.0,18.0,,OBRALINARES,1279525-OBRALINARES
1182862.0,MARCO PUERTA MADERA 30 X 90 1 UN,SOBRE NIVEL CRÍTICO Y PARA MÁS DE DOS SEMANAS,112.0,3.0,2.0,144.0,144.0,144.0,,OBRALINARES,1182862-OBRALINARES
41020310.0,MARMOLINA ALPACA CT-70R G.M (25 KG) 1 TINETA,BAJO NIVEL CRITICO Y PARA MENOS DE DOS SEMANAS,3.0,5.0,5.0,11.25,14.67,0.6700000000000006,24 MESES,OBRALINARES,41020310-OBRALINARES
41020264.0,MARMOLINA FUNCTIONAL GRAY CT-70R G.M (25 KG) 1 TINETA,BAJO NIVEL CRITICO Y PARA MENOS DE DOS SEMANAS,4.0,5.0,4.0,18.75,18.75,18.75,24 MESES,OBRALINARES,41020264-OBRALINARES
1268623.0,MASILLA BASE JUNTA PRO VOLCAN 25 KG,BAJO NIVEL CRITICO Y PARA MÁS DE DOS SEMANAS,11.00260162353516,5.0,5.0,20.27,20.11,0.0,6 MESES,OBRALINARES,1268623-OBRALINARES
1192956.0,MASTERSEAL 550 30 KG 1 JUEGO,BAJO NIVEL CRITICO Y PARA MÁS DE DOS SEMANAS,5.0,5.0,5.0,7.5,7.5,7.5,24 MESES,OBRALINARES,1192956-OBRALINARES
1179348.0,"MEDIDOR AGUA POTABLE 1""  1 UN ",BAJO NIVEL CRITICO Y PARA MENOS DE DOS SEMANAS,1.0,5.0,5.0,3.0,6.0,6.0,12 MESES,OBRALINARES,1179348-OBRALINARES
41020340.0,MOLDURA NOMASTYL 30 X 20 LX28 1 ML,,,,,,,,,OBRALINARES,41020340-OBRALINARES
41020335.0,MONOMANDO LAVAPLATO AC. INOX SATINADO VERMONT 1 UN,BAJO NIVEL CRITICOY SIN ENTREGA LOS ÚLTIMOS 90 DÍAS,17.0,2.0,2.0,18.0,18.0,18.0,,OBRALINARES,41020335-OBRALINARES
41020334.0,MONOMANDO LAVATORIO AC. INOX SATINADO VERMONT 1 UN,BAJO NIVEL CRITICOY SIN ENTREGA LOS ÚLTIMOS 90 DÍAS,51.0,2.0,2.0,54.0,54.0,54.0,,OBRALINARES,41020334-OBRALINARES
41020336.0,MONOMANDO TINA-DUCHA AC. INOX SATINADO VERMONT 1 UN,BAJO NIVEL CRITICOY SIN ENTREGA LOS ÚLTIMOS 90 DÍAS,34.0,2.0,2.0,36.0,36.0,36.0,,OBRALINARES,41020336-OBRALINARES
1274812.0,MORTERO BASE COAT 20 KG 1 SACO,BAJO NIVEL CRITICOY SIN ENTREGA LOS ÚLTIMOS 90 DÍAS,13.0,3.0,3.0,14.76,5.25,5.25,12 MESES,OBRALINARES,1274812-OBRALINARES
41020232.0,MORTERO PRESEC 196 25 KG,SOBRE NIVEL CRÍTICO Y PARA MÁS DE DOS SEMANAS,99.0,3.0,2.0,97.04,143.56,143.56,6 MESES,OBRALINARES,41020232-OBRALINARES
41020234.0,MUEBLE BALI CON VANITORIO 1 UN,BAJO NIVEL CRITICOY SIN ENTREGA LOS ÚLTIMOS 90 DÍAS,1.0,2.0,2.0,36.0,18.0,18.0,,OBRALINARES,41020234-OBRALINARES
41020404.0,NARIZ DE GRADA PVC TIPO WALNUT 25X50X2400 MM 1 TIRA,SOBRE NIVEL CRÍTICOY SIN ENTREGA LOS ÚLTIMOS 90 DÍAS,84.0,2.0,2.0,234.0,90.0,90.0,,OBRALINARES,41020404-OBRALINARES
1183136.0,PAPEL FIELTRO 10/40 1 ROLLO,BAJO NIVEL CRITICO Y PARA MÁS DE DOS SEMANAS,13.0,5.0,5.0,27.0,27.0,27.0,,OBRALINARES,1183136-OBRALINARES
1299451.0,PASTA MURO (25 KG) 1 TINETA,BAJO NIVEL CRITICO Y PARA MÁS DE DOS SEMANAS,40.0,3.0,3.0,17.5,47.0,47.0,12 MESES,OBRALINARES,1299451-OBRALINARES
1193975.0,"PERFIL C METALCON 60 X 38 X 8 X 0,85 MM X 2,4 MTS 60 CA085",BAJO NIVEL CRITICO Y PARA MENOS DE DOS SEMANAS,40.0,5.0,5.0,198.0,198.0,198.0,,OBRALINARES,1193975-OBRALINARES
1194020.0,"PERFIL C METALCON 60 X 38 X 8 X 0,85 MM X 6,0 MTS 60CA085",BAJO NIVEL CRITICO Y PARA MÁS DE DOS SEMANAS,31.0,5.0,5.0,18.0,18.0,18.0,,OBRALINARES,1194020-OBRALINARES
1194169.0,"PERFIL CANAL ECO 39 X 20 X 0,5 MM X 3,00 MTS",BAJO NIVEL CRITICO Y PARA MENOS DE DOS SEMANAS,6.0,5.0,5.0,25.2,25.0,25.0,,OBRALINARES,1194169-OBRALINARES
1188033.0,"PERFIL CANAL NORMAL 61 X 20 X 0,5 MM X 3 MTS 1 UN",SOBRE NIVEL CRÍTICO Y PARA MÁS DE DOS SEMANAS,108.0,5.0,5.0,72.0,72.0,72.0,,OBRALINARES,1188033-OBRALINARES
1199752.0,"PERFIL MONTANTE ECO 38 X 38 X 0,5 MM X 2,4 MTS 1 TIRA",BAJO NIVEL CRITICO Y PARA MENOS DE DOS SEMANAS,22.0,5.0,5.0,156.12,156.0,156.0,,OBRALINARES,1199752-OBRALINARES
1188025.0,"PERFIL MONTANTE NORMAL 60 X 38 X 0,5 MM X 2,4 MTS 1 UN",BAJO NIVEL CRITICO Y PARA MÁS DE DOS SEMANAS,63.0,5.0,5.0,114.0,114.0,114.0,,OBRALINARES,1188025-OBRALINARES
1193967.0,"PERFIL MONTANTE NORMAL 60 X 38 X 0,5 MM X 3,0 MTS 1 UN",BAJO NIVEL CRITICO Y PARA MENOS DE DOS SEMANAS,2.0,5.0,5.0,108.0,108.0,108.0,,OBRALINARES,1193967-OBRALINARES
1193941.0,"PERFIL PORTANTE 40 R 40 X 18 X 10 X 0,5 MM X 3,00 MTS",,,,,,,,,OBRALINARES,1193941-OBRALINARES
1198881.0,"PERFIL PORTANTE 40 R 40 X 18 X 10 X 0,5 MM X 6 MTS",SOBRE NIVEL CRÍTICO Y PARA MÁS DE DOS SEMANAS,108.0,5.0,5.0,186.0,186.0,186.0,,OBRALINARES,1198881-OBRALINARES
1193983.0,"PERFIL U METALCON 62 X 25 X 0,85 MM X 3,0 MTS 62 CO85",BAJO NIVEL CRITICO Y PARA MENOS DE DOS SEMANAS,11.0,5.0,5.0,54.0,54.0,54.0,,OBRALINARES,1193983-OBRALINARES
41020332.0,PILASTRA PINO RECTA 13 X 30 X 2400 1 UN,SOBRE NIVEL CRÍTICOY SIN ENTREGA LOS ÚLTIMOS 90 DÍAS,254.2,3.0,2.0,270.42,270.42,270.42,,OBRALINARES,41020332-OBRALINARES
1193713.0,"PINO 2"" X 2"" X 3,20 MT IMPREGNADO",SOBRE NIVEL CRÍTICO Y PARA MÁS DE DOS SEMANAS,364.0,5.0,5.0,690.0,690.0,690.0,,OBRALINARES,1193713-OBRALINARES
41020265.0,PINTURA DE FIBROCEMENTO TERRA FIBROCEM 1 TIN,BAJO NIVEL CRITICO Y PARA MÁS DE DOS SEMANAS,9.0,5.0,5.0,4.8,4.4,4.4,18 MESES,OBRALINARES,41020265-OBRALINARES
41020267.0,PINTURA DE MADERA TERRA MADERVET 1 TIN,BAJO NIVEL CRITICO Y PARA MÁS DE DOS SEMANAS,3.0,5.0,4.0,2.03,2.03,2.03,24 MESES,OBRALINARES,41020267-OBRALINARES
41020321.0,PINTURA ESMALTE AL AGUA BACKDROP CP-70 1 TIN,BAJO NIVEL CRITICOY SIN ENTREGA LOS ÚLTIMOS 90 DÍAS,3.0,2.0,2.0,9.0,2.0,2.0,12 MESES,OBRALINARES,41020321-OBRALINARES
41020322.0,PINTURA ESMALTE AL AGUA FUNCTIONAL GRAY CP-70 1 TIN,BAJO NIVEL CRITICOY SIN ENTREGA LOS ÚLTIMOS 90 DÍAS,3.0,3.0,2.0,9.0,2.7,2.7,12 MESES,OBRALINARES,41020322-OBRALINARES
41020323.0,PINTURA ESMALTE AL AGUA PURE WHITE CP-70 1 TIN,BAJO NIVEL CRITICOY SIN ENTREGA LOS ÚLTIMOS 90 DÍAS,5.0,3.0,2.0,9.0,4.5,4.5,12 MESES,OBRALINARES,41020323-OBRALINARES
41020324.0,PINTURA ESMALTE AL AGUA SIMPLE WHITE CP-70 1 TIN,BAJO NIVEL CRITICOY SIN ENTREGA LOS ÚLTIMOS 90 DÍAS,5.0,3.0,2.0,4.5,4.5,4.5,12 MESES,OBRALINARES,41020324-OBRALINARES
41020339.0,PINTURA HOJALATA TERRA ACRIZINC 1 GAL,BAJO NIVEL CRITICO Y PARA MÁS DE DOS SEMANAS,7.0,5.0,3.0,3.5,3.5,3.5,60 MESES,OBRALINARES,41020339-OBRALINARES
1194652.0,PINTURA HOJALATANEGRO ACRIZINC  1 GAL,BAJO NIVEL CRITICOY SIN ENTREGA LOS ÚLTIMOS 90 DÍAS,24.99999952316284,1.0,22.0,1.5,1.5,1.5,60 MESES,OBRALINARES,1194652-OBRALINARES
41020253.0,PINTURA IMPERMEABILIZANTE SIKAWALL-416 ALPACA 1 TIN,BAJO NIVEL CRITICO Y PARA MÁS DE DOS SEMANAS,15.0,4.0,3.0,14.0,14.0,14.0,12 MESES,OBRALINARES,41020253-OBRALINARES
41020252.0,PINTURA IMPERMEABILIZANTE SIKAWALL-416 FUNCTIONAL GRAY 1 TIN,BAJO NIVEL CRITICO Y PARA MÁS DE DOS SEMANAS,14.0,4.0,4.0,10.0,12.0,0.0,12 MESES,OBRALINARES,41020252-OBRALINARES
41020328.0,PINTURA LATEX ACRILICO BACKDROP CK-70 1 TIN,BAJO NIVEL CRITICO Y PARA MÁS DE DOS SEMANAS,20.0,2.0,2.0,63.9,26.0,26.0,12 MESES,OBRALINARES,41020328-OBRALINARES
41020327.0,PINTURA LATEX ACRILICO FUNCTIONAL GRAY CK-70 1 TIN,BAJO NIVEL CRITICO Y PARA MÁS DE DOS SEMANAS,1.0,2.0,2.0,63.9,5.0,5.0,12 MESES,OBRALINARES,41020327-OBRALINARES
41020325.0,PINTURA LATEX ACRILICO PURE WHITE CIELOLAT 1 TIN,BAJO NIVEL CRITICO Y PARA MÁS DE DOS SEMANAS,26.0,4.0,4.0,19.5,3.0,3.0,12 MESES,OBRALINARES,41020325-OBRALINARES
41020326.0,PINTURA LATEX ACRILICO SIMPLE WHITE CIELOLAT 1 TIN,BAJO NIVEL CRITICO Y PARA MÁS DE DOS SEMANAS,15.0,2.0,2.0,63.9,51.0,51.0,12 MESES,OBRALINARES,41020326-OBRALINARES
1188105.0,PLANCHA FIBROCEMENTO 4 MM VOLCAN 1 PLANCHA,SOBRE NIVEL CRÍTICO Y PARA MÁS DE DOS SEMANAS,136.0,5.0,5.0,55.5,54.25,54.25,,OBRALINARES,1188105-OBRALINARES
1259305.0,"PLANCHA OSB PROTEC 11,1 MM X 2,4 4 X 1,22 MTS LP 1 UN",CERCA DE NIVEL CRITICO Y PARA MÁS DE DOS SEMANAS,104.0,5.0,5.0,270.0,262.0,262.0,,OBRALINARES,1259305-OBRALINARES
1182758.0,"PLANCHA YESO-CARTON RH 12,5 MM 1,20 X 2,40 VOLCAN 1 PLANCHA",BAJO NIVEL CRITICO Y PARA MÁS DE DOS SEMANAS,93.0,5.0,5.0,78.0,73.0,73.0,,OBRALINARES,1182758-OBRALINARES
1179698.0,"PLANCHA YESO-CARTON ST 10 MM 1,20 X 2,40 VOLCAN 1 PLANCHA",SOBRE NIVEL CRÍTICO Y PARA MENOS DE DOS SEMANAS,193.0,5.0,5.0,413.99,417.13,417.13,,OBRALINARES,1179698-OBRALINARES
1278928.0,POLIESTIRENO EXP. 30 MM (20KG/ M3) 1 PLANCHA,BAJO NIVEL CRITICO Y PARA MÁS DE DOS SEMANAS,58.0,5.0,5.0,90.0,90.0,90.0,,OBRALINARES,1278928-OBRALINARES
1278936.0,POLIESTIRENO EXP. 60 MM (20KG/ M3) 1 PLANCHA,BAJO NIVEL CRITICO Y PARA MÁS DE DOS SEMANAS,27.0,5.0,4.0,60.0,60.0,60.0,,OBRALINARES,1278936-OBRALINARES
41020260.0,PORCELANATO GRES KLASSIC LIGHT GREY MATEE 60 X 60 1M2,BAJO NIVEL CRITICO Y PARA MENOS DE DOS SEMANAS,1.440000171661377,2.0,2.0,390.47,56.88,51.84,,OBRALINARES,41020260-OBRALINARES
41020249.0,PORCELANATO GRES YORK WALNUT 30 X 60 1 M2,BAJO NIVEL CRITICO Y PARA MENOS DE DOS SEMANAS,-295.2000015258789,4.0,3.0,719.57,836.64,0.8500000000001364,,OBRALINARES,41020249-OBRALINARES
1191945.0,PROMOTOR DE ADHERENCIA TECNO BOND  20 KG 1 TIN,BAJO NIVEL CRITICO Y PARA MÁS DE DOS SEMANAS,2.000468788146973,5.0,4.0,3.33,3.33,3.33,12 MESES,OBRALINARES,1191945-OBRALINARES
41020284.0,PROTECTOR DE MADERA GRIS CUARZO CERESTAIN 1 GAL,BAJO NIVEL CRITICOY SIN ENTREGA LOS ÚLTIMOS 90 DÍAS,11.0,5.0,2.0,4.5,4.5,4.5,24 MESES,OBRALINARES,41020284-OBRALINARES
1275428.0,"PUERTA MDF HR PREP CAPRI III C/POLIEST Y DOBLE CELOSIA 0,70 X 2,00 MT 1 UN",BAJO NIVEL CRITICO Y PARA MÁS DE DOS SEMANAS,13.0,4.0,4.0,10.0,10.0,0.0,,OBRALINARES,1275428-OBRALINARES
1243995.0,"PUERTA MDF INTERIOR PREPINTADA 2V+5H 0,65 X 2,00 MT 1 UN",BAJO NIVEL CRITICO Y PARA MÁS DE DOS SEMANAS,14.0,4.0,4.0,10.0,10.0,0.0,,OBRALINARES,1243995-OBRALINARES
1244015.0,"PUERTA MDF INTERIOR PREPINTADA 2V+5H 0,70 X 2,00 MT 1 UN",BAJO NIVEL CRITICO Y PARA MÁS DE DOS SEMANAS,84.0,4.0,4.0,60.0,60.0,0.0,,OBRALINARES,1244015-OBRALINARES
1244023.0,"PUERTA MDF INTERIOR PREPINTADA 2V+5H 0,75 X 2,00 MT 1 UN",BAJO NIVEL CRITICO Y PARA MÁS DE DOS SEMANAS,14.0,4.0,4.0,10.0,10.0,0.0,,OBRALINARES,1244023-OBRALINARES
1280551.0,"PUERTA TOSCANA ESTILO RUSTICO 0,85 X 2,00 MT 1 UN",BAJO NIVEL CRITICOY SIN ENTREGA LOS ÚLTIMOS 90 DÍAS,17.0,2.0,2.0,18.0,18.0,18.0,,OBRALINARES,1280551-OBRALINARES
41020370.0,"PUERTA TOSCANA CON NUDOS 0,85 X 2,00 MT 1 UN",BAJO NIVEL CRITICOY SIN ENTREGA LOS ÚLTIMOS 90 DÍAS,13.0,5.0,3.0,14.0,14.0,0.0,,OBRALINARES,41020370-OBRALINARES
1187241.0,REGULADOR P/GAS 45KG RI 11100 1 UN,BAJO NIVEL CRITICO Y PARA MÁS DE DOS SEMANAS,30.0,5.0,2.0,18.0,18.0,18.0,,OBRALINARES,1187241-OBRALINARES
1177810.0,RODILLO CHIPORRO 18 CM 1 UN,BAJO NIVEL CRITICO Y PARA MÁS DE DOS SEMANAS,23.0,2.0,2.0,52.68,52.42,52.42,,OBRALINARES,1177810-OBRALINARES
1274783.0,"SIDING 0,19 X 6 MM X 3,66 VOLCAN MTS",SOBRE NIVEL CRÍTICO Y PARA MÁS DE DOS SEMANAS,426.0,5.0,5.0,660.01,659.9100000000001,659.91,,OBRALINARES,1274783-OBRALINARES
1183128.0,"SIFON BOTELLA 1 1/4"" SALIDA CURVA 1 UN",BAJO NIVEL CRITICOY SIN ENTREGA LOS ÚLTIMOS 90 DÍAS,0.0,1.0,8.0,23.0,23.0,10.0,,OBRALINARES,1183128-OBRALINARES
1181317.0,"SIFON EMBELLE 1 1/4"" SALIDA RECTA 1 UN",BAJO NIVEL CRITICOY SIN ENTREGA LOS ÚLTIMOS 90 DÍAS,0.0,12.0,,,,,,OBRALINARES,1181317-OBRALINARES
1177887.0,"SIFON LOA LAVAPLATOS S/CURVA 1 1/2"" 1 UN",BAJO NIVEL CRITICO Y PARA MÁS DE DOS SEMANAS,49.0,5.0,1.0,17.0,17.0,17.0,,OBRALINARES,1177887-OBRALINARES
1279584.0,"SIKABOND MONTAJE 3,8 KG BALDES",BAJO NIVEL CRITICO Y PARA MÁS DE DOS SEMANAS,42.0,3.0,3.0,61.78,57.98,57.98,12 MESES,OBRALINARES,1279584-OBRALINARES
1276771.0,SILICONA SANISIL TRANSPARENTE 1 UN,BAJO NIVEL CRITICOY SIN ENTREGA LOS ÚLTIMOS 90 DÍAS,19.0,3.0,1.0,8.5,8.5,8.5,24 MESES,OBRALINARES,1276771-OBRALINARES
1199517.0,SOBREPASO PP-R 20 MM 1 UN,SOBRE NIVEL CRÍTICO Y PARA MÁS DE DOS SEMANAS,250.0,4.0,4.0,30.0,30.0,30.0,,OBRALINARES,1199517-OBRALINARES
1199525.0,SOBREPASO PP-R 25 MM 1 UN,BAJO NIVEL CRITICO Y PARA MÁS DE DOS SEMANAS,23.0,5.0,3.0,42.0,42.0,42.0,,OBRALINARES,1199525-OBRALINARES
41020405.0,TABLON FLEXIBLE LVT TIPO WALNUT 3MM 1 M2,,,,,,,,,OBRALINARES,41020405-OBRALINARES
1187751.0,"TAPACAN SMARTSIDE TRIM 7 1/4"" LP 1 UN",BAJO NIVEL CRITICO Y PARA MÁS DE DOS SEMANAS,89.0,5.0,5.0,68.04,66.94,66.94,,OBRALINARES,1187751-OBRALINARES
1248032.0,"TAPON PP-R 1/2"" HE 1 UN",BAJO NIVEL CRITICO Y PARA MÁS DE DOS SEMANAS,100.0,5.0,2.0,72.0,72.0,72.0,,OBRALINARES,1248032-OBRALINARES
1248041.0,"TAPON PP-R 1/2"" HI 1 UN",SOBRE NIVEL CRÍTICOY SIN ENTREGA LOS ÚLTIMOS 90 DÍAS,441.0,5.0,1.0,34.0,34.0,34.0,,OBRALINARES,1248041-OBRALINARES
12736330.0,TEE PEX 20 MM,BAJO NIVEL CRITICO Y PARA MÁS DE DOS SEMANAS,13.0,5.0,5.0,6.0,6.0,0.0,,OBRALINARES,12736330-OBRALINARES
1204515.0,TEE PP-R 25 MM 1 UN,BAJO NIVEL CRITICO Y PARA MÁS DE DOS SEMANAS,60.0,5.0,5.0,18.0,24.0,24.0,,OBRALINARES,1204515-OBRALINARES
1252971.0,TEE PP-R 32 MM 1 UN,BAJO NIVEL CRITICO Y PARA MÁS DE DOS SEMANAS,2.0,4.0,4.0,10.0,10.0,10.0,,OBRALINARES,1252971-OBRALINARES
12736410.0,TEE PRUEBA PEX 20 X 1/2 HI X20,BAJO NIVEL CRITICO Y PARA MÁS DE DOS SEMANAS,12.0,5.0,5.0,6.0,6.0,0.0,,OBRALINARES,12736410-OBRALINARES
1247110.0,TEE RED.20 X 25 X 20 PP-R 1 UN,BAJO NIVEL CRITICO Y PARA MÁS DE DOS SEMANAS,34.0,5.0,4.0,30.0,30.0,30.0,,OBRALINARES,1247110-OBRALINARES
1247128.0,TEE RED.25 X 20 X 20 PP-R 1 UN,BAJO NIVEL CRITICO Y PARA MÁS DE DOS SEMANAS,72.0,4.0,4.0,50.0,50.0,50.0,,OBRALINARES,1247128-OBRALINARES
1190299.0,TEE RED.25 X 20 X 25 PP-R 1 UN,SOBRE NIVEL CRÍTICOY SIN ENTREGA LOS ÚLTIMOS 90 DÍAS,180.0,4.0,4.0,10.0,10.0,10.0,,OBRALINARES,1190299-OBRALINARES
1247144.0,TEE RED.25 X 25 X 20 PP-R 1 UN,BAJO NIVEL CRITICO Y PARA MÁS DE DOS SEMANAS,102.0,4.0,4.0,20.0,20.0,20.0,,OBRALINARES,1247144-OBRALINARES
1247161.0,TEE RED.32 X 25 X 25 PP-R 1 UN,BAJO NIVEL CRITICO Y PARA MÁS DE DOS SEMANAS,11.0,5.0,5.0,6.0,6.0,6.0,,OBRALINARES,1247161-OBRALINARES
1255566.0,TEE RED.32 X 25 X 32 PP-R 1 UN,BAJO NIVEL CRITICO Y PARA MÁS DE DOS SEMANAS,30.0,4.0,4.0,10.0,10.0,10.0,,OBRALINARES,1255566-OBRALINARES
1291532.0,TEJA ASFALTICA SUPREME ONIX BLACK M2,BAJO NIVEL CRITICO Y PARA MENOS DE DOS SEMANAS,3.0999755859375,5.0,5.0,556.2,555.5,555.5,,OBRALINARES,1291532-OBRALINARES
1272374.0,TERMINAL PEX 20 X 1/2 HE,BAJO NIVEL CRITICO Y PARA MENOS DE DOS SEMANAS,0.0,5.0,5.0,18.0,18.0,0.0,,OBRALINARES,1272374-OBRALINARES
1208006.0,TERMINAL PP-R 20 X 1/2 HI 1 UN,BAJO NIVEL CRITICO Y PARA MÁS DE DOS SEMANAS,55.0,5.0,4.0,50.0,50.0,50.0,,OBRALINARES,1208006-OBRALINARES
1252074.0,"TERMINAL PP-R 20 X 1/2"" HE 1 UN",BAJO NIVEL CRITICO Y PARA MÁS DE DOS SEMANAS,77.0,5.0,4.0,70.0,70.0,70.0,,OBRALINARES,1252074-OBRALINARES
1252980.0,"TERMINAL PP-R 32 X 1"" HE 1 UN",BAJO NIVEL CRITICO Y PARA MENOS DE DOS SEMANAS,0.0,5.0,5.0,6.0,6.0,0.0,,OBRALINARES,1252980-OBRALINARES
1269909.0,ADHESIVO CERAMICO EN PASTA AC  25 KG 1 TIN,SOBRE NIVEL CRÍTICO Y PARA MÁS DE DOS SEMANAS,60.25,37.0,55.94,41.07,40.58,41.07,9 MESES ,OBRALOSANGELES,1269909-OBRALOSANGELES
1177641.0,ADHESIVO CERAMICO POLVO ULTRA 25 KG 1 SACO,SOBRE NIVEL CRÍTICO Y PARA MÁS DE DOS SEMANAS,93.00000143051147,60.29999999999999,126.15,214.37,220.37,214.37,6 MESES,OBRALOSANGELES,1177641-OBRALOSANGELES
1196455.0,ADHESIVO SILICONABLANCO SANISIL 280 ML 1 UN,SOBRE NIVEL CRÍTICOY SIN ENTREGA LOS ÚLTIMOS 90 DÍAS,100.0,22.0,42.8,30.8,30.8,30.8,24 MESES,OBRALOSANGELES,1196455-OBRALOSANGELES
1177650.0,ADHESIVOBLANCO SIKACRYL+ PINTABLE 300 ML 1 UN,SOBRE NIVEL CRÍTICOY SIN ENTREGA LOS ÚLTIMOS 90 DÍAS,204.53,2.530000000000001,,,,,24 MESES,OBRALOSANGELES,1177650-OBRALOSANGELES
1261106.0,ALFOMBRABEIGE SPEED 400 GRS 1 M2,BAJO NIVEL CRITICOY SIN ENTREGA LOS ÚLTIMOS 90 DÍAS,0.6900146484374545,,,,,,,OBRALOSANGELES,1261106-OBRALOSANGELES
1257570.0,ALFOMBRABEIGE STONE 600 GRS 1 M2,SOBRE NIVEL CRÍTICO Y PARA MÁS DE DOS SEMANAS,1016.150003051758,1016.15,1016.15,1262.64,1279.2,1262.64,,OBRALOSANGELES,1257570-OBRALOSANGELES
1192147.0,"BISAGRA 3"" X 3"" CROMO SATIN 1 UN",SOBRE NIVEL CRÍTICO Y PARA MÁS DE DOS SEMANAS,990.0,462.0,963.0,504.0,504.0,504.0,,OBRALOSANGELES,1192147-OBRALOSANGELES
1178193.0,"BROCHA 2"" 1 UN",SOBRE NIVEL CRÍTICO Y PARA MÁS DE DOS SEMANAS,118.0,70.04,70.04,72.0,72.0,72.0,,OBRALOSANGELES,1178193-OBRALOSANGELES
1179508.0,"BROCHA 4"" 1 UN",SOBRE NIVEL CRÍTICOY SIN ENTREGA LOS ÚLTIMOS 90 DÍAS,50.2,21.0,21.0,49.59,49.0,49.59,,OBRALOSANGELES,1179508-OBRALOSANGELES
1274572.0,BURLETE BAJO PUERTA 1 UN,SOBRE NIVEL CRÍTICOY SIN ENTREGA LOS ÚLTIMOS 90 DÍAS,48.0,0.0,0.0,44.0,44.0,44.0,,OBRALOSANGELES,1274572-OBRALOSANGELES
1274564.0,BURLETE MARCO PUERTA 1 MT,SOBRE NIVEL CRÍTICOY SIN ENTREGA LOS ÚLTIMOS 90 DÍAS,460.0,0.0,0.0,220.0,220.0,220.0,,OBRALOSANGELES,1274564-OBRALOSANGELES
1208153.0,CALEFON TIRO NATURAL G.L. 10 LTS C/FLEX 1 UN,BAJO NIVEL CRITICO Y PARA MENOS DE DOS SEMANAS,1.0,0.0,0.0,24.0,24.0,24.0,,OBRALOSANGELES,1208153-OBRALOSANGELES
1189722.0,CELOSIA 20 X 20 BLANCA 1 UN,SOBRE NIVEL CRÍTICO Y PARA MÁS DE DOS SEMANAS,133.0,0.0,11.96,66.0,66.0,66.0,,OBRALOSANGELES,1189722-OBRALOSANGELES
1178257.0,CELOSIA 30 X 30 BLANCA 1 UN,SOBRE NIVEL CRÍTICOY SIN ENTREGA LOS ÚLTIMOS 90 DÍAS,100.0,0.0,0.0,88.0,88.0,88.0,,OBRALOSANGELES,1178257-OBRALOSANGELES
1269790.0,CEMENTO AR SIDERURGICO BIO BIO 1 KG,SOBRE NIVEL CRÍTICOY SIN ENTREGA LOS ÚLTIMOS 90 DÍAS,680983.4199999999,36670.0,,,,,2 MESES,OBRALOSANGELES,1269790-OBRALOSANGELES
1295381.0,CERAMICA NEW BLANCA BRILL 20 X,SOBRE NIVEL CRÍTICO Y PARA MÁS DE DOS SEMANAS,398.17,229.85,314.53,250.74,228.97,250.74,,OBRALOSANGELES,1295381-OBRALOSANGELES
1286080.0,CERAMICABEIGE SOLANA 45 X 45 1 M2,SOBRE NIVEL CRÍTICO Y PARA MÁS DE DOS SEMANAS,249.9799646759033,270.6500000000001,270.6500000000001,750.29,719.3900000000001,750.29,,OBRALOSANGELES,1286080-OBRALOSANGELES
41020262.0,CERCO VENTANA TECHO LISO ALTATERRA 55 X 78 1 UN,SOBRE NIVEL CRÍTICO Y PARA MÁS DE DOS SEMANAS,24.0,24.0,24.0,22.0,22.0,22.0,,OBRALOSANGELES,41020262-OBRALOSANGELES
41020263.0,CERCO VENTANA TECHO ONDULADO ALTATERRA 55 X 78 1 UN,,,,,,,,,OBRALOSANGELES,41020263-OBRALOSANGELES
1251688.0,CERRADURA ACC LLAVE ANDESLOCK CILINDRICA INOX AA43-AI 1 UN,BAJO NIVEL CRITICOY SIN ENTREGA LOS ÚLTIMOS 90 DÍAS,0.0,0.0,0.0,24.0,24.0,24.0,,OBRALOSANGELES,1251688-OBRALOSANGELES
1251696.0,CERRADURA BAÑO ANDESLOCK CILINDRICA INOX AA44-AI 1 UN,BAJO NIVEL CRITICOY SIN ENTREGA LOS ÚLTIMOS 90 DÍAS,0.0,0.0,0.0,48.0,48.0,48.0,,OBRALOSANGELES,1251696-OBRALOSANGELES
1193027.0,CERRADURA CILIN INOX ACCESO LL AVE 1 UN,CERCA DE NIVEL CRITICOY SIN ENTREGA LOS ÚLTIMOS 90 DÍAS,23.0,24.0,,,,,,OBRALOSANGELES,1193027-OBRALOSANGELES
1193060.0,CERRADURA CILINDRICA INOX YALE BANO 134640  1 UN,SOBRE NIVEL CRÍTICO Y PARA MÁS DE DOS SEMANAS,58.0,48.0,59.02000000000001,48.0,48.0,48.0,,OBRALOSANGELES,1193060-OBRALOSANGELES
1248251.0,CERRADURA CILINDRICA INOX YALE OFICINA-DORMITORIO 134630  1 UN,SOBRE NIVEL CRÍTICO Y PARA MÁS DE DOS SEMANAS,37.0,48.0,48.0,24.0,24.0,48.0,,OBRALOSANGELES,1248251-OBRALOSANGELES
1193086.0,CERRADURA CILINDRICA INOX YALE S/PASO  1 UN,SOBRE NIVEL CRÍTICO Y PARA MÁS DE DOS SEMANAS,46.0,48.0,48.0,48.0,48.0,48.0,,OBRALOSANGELES,1193086-OBRALOSANGELES
1251725.0,CERRADURA DORMITORIO - OFICINA ANDESLOCK CILINDRICA INOX AA40-AI 1 UN,BAJO NIVEL CRITICOY SIN ENTREGA LOS ÚLTIMOS 90 DÍAS,0.0,0.0,0.0,24.0,48.0,48.0,,OBRALOSANGELES,1251725-OBRALOSANGELES
1251709.0,CERRADURA SIMPLE PASO ANDESLOCK CILINDRICA INOX AA46-AI 1 UN,BAJO NIVEL CRITICOY SIN ENTREGA LOS ÚLTIMOS 90 DÍAS,0.0,0.0,0.0,48.0,48.0,48.0,,OBRALOSANGELES,1251709-OBRALOSANGELES
1193131.0,CERROJO INOX LLAVE ANDESLOCK AX70-AI 1 UN,BAJO NIVEL CRITICOY SIN ENTREGA LOS ÚLTIMOS 90 DÍAS,0.0,0.0,0.0,44.0,44.0,44.0,,OBRALOSANGELES,1193131-OBRALOSANGELES
1252664.0,CERROJO INOX LLAVE-LLAVE 134670  1 UN,BAJO NIVEL CRITICOY SIN ENTREGA LOS ÚLTIMOS 90 DÍAS,3.0,,,,,,,OBRALOSANGELES,1252664-OBRALOSANGELES
1193959.0,"CIELO PERFIL AT 20 X 25 X 4 X 0,42 MM X 3,0 MTS",SOBRE NIVEL CRÍTICOY SIN ENTREGA LOS ÚLTIMOS 90 DÍAS,288.0,288.0,,,,,,OBRALOSANGELES,1193959-OBRALOSANGELES
1183013.0,CINTA AUTOADHESIVA P/JUNTURA 45 MTS 1 ROLLO,SOBRE NIVEL CRÍTICO Y PARA MÁS DE DOS SEMANAS,46.5,0.3500000000000014,28.35000000000004,134.4,93.65,134.4,,OBRALOSANGELES,1183013-OBRALOSANGELES
1252390.0,"CODO PP-R DOBLE FIJACION TINA HI 20 X 1/2"" 1 UN",SOBRE NIVEL CRÍTICO Y PARA MÁS DE DOS SEMANAS,40.0,31.0,31.0,40.0,40.0,40.0,,OBRALOSANGELES,1252390-OBRALOSANGELES
1272340.0,CODO PEX 20 X 1/2 HE,SOBRE NIVEL CRÍTICOY SIN ENTREGA LOS ÚLTIMOS 90 DÍAS,70.0,24.0,,,,,,OBRALOSANGELES,1272340-OBRALOSANGELES
1272323.0,CODO PEX 20 X 20 MM,SOBRE NIVEL CRÍTICOY SIN ENTREGA LOS ÚLTIMOS 90 DÍAS,286.0,96.0,,,,,,OBRALOSANGELES,1272323-OBRALOSANGELES
1247072.0,CODO PP-R 20 MM 1 UN,SOBRE NIVEL CRÍTICO Y PARA MÁS DE DOS SEMANAS,244.0,150.0,150.0,220.0,220.0,220.0,,OBRALOSANGELES,1247072-OBRALOSANGELES
1196199.0,"CODO PP-R 20 X 1/2"" HE 1 UN",SOBRE NIVEL CRÍTICOY SIN ENTREGA LOS ÚLTIMOS 90 DÍAS,123.0,40.0,,,,,,OBRALOSANGELES,1196199-OBRALOSANGELES
1196076.0,"CODO PP-R 20 X 1/2"" HI 1 UN",SOBRE NIVEL CRÍTICO Y PARA MÁS DE DOS SEMANAS,130.0,90.0,90.0,160.0,160.0,160.0,,OBRALOSANGELES,1196076-OBRALOSANGELES
1247081.0,CODO PP-R 25 MM 1 UN,SOBRE NIVEL CRÍTICOY SIN ENTREGA LOS ÚLTIMOS 90 DÍAS,361.0,300.0,489.0,360.0,360.0,360.0,,OBRALOSANGELES,1247081-OBRALOSANGELES
1205921.0,"CODO PP-R 25 X 1/2"" HE 1 UN",SOBRE NIVEL CRÍTICO Y PARA MÁS DE DOS SEMANAS,112.0,40.0,40.0,48.0,48.0,48.0,,OBRALOSANGELES,1205921-OBRALOSANGELES
1190230.0,CODO PP-R 32 MM 1 UN,SOBRE NIVEL CRÍTICO Y PARA MÁS DE DOS SEMANAS,342.0,70.0,70.0,100.0,100.0,100.0,,OBRALOSANGELES,1190230-OBRALOSANGELES
1252541.0,COPLA PP-R 20 MM 1 UN,SOBRE NIVEL CRÍTICO Y PARA MÁS DE DOS SEMANAS,107.0,20.0,20.0,40.0,40.0,40.0,,OBRALOSANGELES,1252541-OBRALOSANGELES
1199592.0,COPLA PP-R 32 MM 1 UN,SOBRE NIVEL CRÍTICOY SIN ENTREGA LOS ÚLTIMOS 90 DÍAS,284.0,60.0,,,,,,OBRALOSANGELES,1199592-OBRALOSANGELES
1256198.0,"DESAGUE LAVATORIO 1 1/4"" C/REB /REJ 1 UN",SOBRE NIVEL CRÍTICO Y PARA MÁS DE DOS SEMANAS,108.0,44.0,107.99,48.0,48.0,48.0,,OBRALOSANGELES,1256198-OBRALOSANGELES
1177879.0,DESAGUE TINA/REBALSE/SIFON 1 UN,SOBRE NIVEL CRÍTICO Y PARA MÁS DE DOS SEMANAS,105.0,44.0,105.0,48.0,48.0,48.0,,OBRALOSANGELES,1177879-OBRALOSANGELES
41020238.0,ESMALTE AL AGUA KEM PRO MARFIL 1 TINETA,BAJO NIVEL CRITICOY SIN ENTREGA LOS ÚLTIMOS 90 DÍAS,15.0,0.54,,,,,12 MESES,OBRALOSANGELES,41020238-OBRALOSANGELES
1187161.0,"ESQUINEROS METALICO 30 X 30 X 2,40 MTS 1 UN",SOBRE NIVEL CRÍTICOY SIN ENTREGA LOS ÚLTIMOS 90 DÍAS,851.0,528.0,,,,,,OBRALOSANGELES,1187161-OBRALOSANGELES
1290581.0,ESTANQUE LUGANO 1 UN,BAJO NIVEL CRITICO Y PARA MÁS DE DOS SEMANAS,13.0,13.0,13.0,48.0,48.0,48.0,,OBRALOSANGELES,1290581-OBRALOSANGELES
1291188.0,EXTRACTOR RETON 100 BTH HIGRO 1 UN,SOBRE NIVEL CRÍTICO Y PARA MÁS DE DOS SEMANAS,75.0,67.0,67.0,72.0,72.0,72.0,,OBRALOSANGELES,1291188-OBRALOSANGELES
1208621.0,FRAGUE CERAMICOALMOND  1 KG 1 UN,SOBRE NIVEL CRÍTICO Y PARA MÁS DE DOS SEMANAS,243.3,145.38,145.38,285.83,279.38,285.83,12 MESES,OBRALOSANGELES,1208621-OBRALOSANGELES
1179524.0,FRAGUE CERAMICOBLANCO  1 KG 1 UN,SOBRE NIVEL CRÍTICO Y PARA MÁS DE DOS SEMANAS,156.0,87.56,134.42,95.52,95.0,95.52,12 MESES,OBRALOSANGELES,1179524-OBRALOSANGELES
1188877.0,GUARDAPOLVO CHAFLAN C/CANTERIA 13 X 65 MM X 3 ML 1 UN,SOBRE NIVEL CRÍTICOY SIN ENTREGA LOS ÚLTIMOS 90 DÍAS,532.0000001144409,,,,,,,OBRALOSANGELES,1188877-OBRALOSANGELES
1182889.0,LANA DE VIDRIO 100 MM VOLCAN 1 M2,SOBRE NIVEL CRÍTICO Y PARA MÁS DE DOS SEMANAS,672.62,438.52,533.9200000000001,318.24,20.24,318.24,,OBRALOSANGELES,1182889-OBRALOSANGELES
1194492.0,LANA DE VIDRIO 140 MM VOLCAN 1 M2,SOBRE NIVEL CRÍTICO Y PARA MÁS DE DOS SEMANAS,1782.7,1756.6,1818.25,1920.0,997.4,1920.0,,OBRALOSANGELES,1194492-OBRALOSANGELES
41020236.0,LATEX KEM PRO BLANCO 1 TINETA,BAJO NIVEL CRITICO Y PARA MÁS DE DOS SEMANAS,44.0,0.0,0.0,30.8,0.1,30.8,12 MESES,OBRALOSANGELES,41020236-OBRALOSANGELES
41020233.0,LATEX KEM PRO MARFIL 1 TINETA,SOBRE NIVEL CRÍTICO Y PARA MÁS DE DOS SEMANAS,85.4,66.19999999999999,66.19999999999999,72.0,72.0,72.0,12 MESES,OBRALOSANGELES,41020233-OBRALOSANGELES
1192260.0,LAVAMANOS VALENCIA  1 UN,CERCA DE NIVEL CRITICO Y PARA MÁS DE DOS SEMANAS,62.0,48.0,61.0,48.0,48.0,48.0,,OBRALOSANGELES,1192260-OBRALOSANGELES
1189191.0,LAVAPLATO ACERO INOX DERECHO 800 X 50 1 UN,BAJO NIVEL CRITICOY SIN ENTREGA LOS ÚLTIMOS 90 DÍAS,3.0,3.0,,,,,,OBRALOSANGELES,1189191-OBRALOSANGELES
1189175.0,LAVAPLATO ACERO INOX IZQUIERDO 800 X 50 1 UN,BAJO NIVEL CRITICOY SIN ENTREGA LOS ÚLTIMOS 90 DÍAS,20.0,20.0,20.0,24.0,21.0,12.0,,OBRALOSANGELES,1189175-OBRALOSANGELES
1203213.0,LLAVE PASO PP-R CAMPANA 20 MM CRM 1 UN,SOBRE NIVEL CRÍTICO Y PARA MÁS DE DOS SEMANAS,73.0,20.0,20.0,40.0,40.0,40.0,,OBRALOSANGELES,1203213-OBRALOSANGELES
1190344.0,LLAVE PASO PP-R CAMPANA 25 MM CRM 1 UN,SOBRE NIVEL CRÍTICO Y PARA MÁS DE DOS SEMANAS,82.0,70.0,70.0,100.0,100.0,100.0,,OBRALOSANGELES,1190344-OBRALOSANGELES
1251346.0,MALLA DE FIBRA DE VIDRIO 153 GRS/M2 1 X 50 WEBER MTS 1 UN,BAJO NIVEL CRITICO Y PARA MÁS DE DOS SEMANAS,22.2500008392334,25.23,25.23,40.01,40.0,40.01,,OBRALOSANGELES,1251346-OBRALOSANGELES
1182862.0,MARCO PUERTA MADERA 30 X 90 1 UN,SOBRE NIVEL CRÍTICO Y PARA MÁS DE DOS SEMANAS,124.0,119.0,119.0,120.0,120.0,120.0,,OBRALOSANGELES,1182862-OBRALOSANGELES
1271136.0,MARCO PUERTA MADERA 40 X 90 C/RANURA BURLETE 1 UN,BAJO NIVEL CRITICOY SIN ENTREGA LOS ÚLTIMOS 90 DÍAS,48.0,,,,,,,OBRALOSANGELES,1271136-OBRALOSANGELES
1270432.0,MARMOLINA BEIGE CT-70R G.M. (25 KG) 1 TINETA,BAJO NIVEL CRITICOY SIN ENTREGA LOS ÚLTIMOS 90 DÍAS,31.0,24.0,,,,,24 MESES,OBRALOSANGELES,1270432-OBRALOSANGELES
1270483.0,MARMOLINA BLANCA CT-70R G.M. (25 KG) 1 TINETA,BAJO NIVEL CRITICOY SIN ENTREGA LOS ÚLTIMOS 90 DÍAS,26.0,,,,,,24 MESES,OBRALOSANGELES,1270483-OBRALOSANGELES
1270459.0,MARMOLINA GRIS ARENA CT-70R G.M. (25 KG) 1 TINETA,BAJO NIVEL CRITICOY SIN ENTREGA LOS ÚLTIMOS 90 DÍAS,28.0,24.0,,,,,24 MESES,OBRALOSANGELES,1270459-OBRALOSANGELES
1270441.0,MARMOLINA MOSTAZA CT-70R G.M. (25 KG) 1 TINETA,BAJO NIVEL CRITICOY SIN ENTREGA LOS ÚLTIMOS 90 DÍAS,24.5,24.0,,,,,24 MESES,OBRALOSANGELES,1270441-OBRALOSANGELES
1192956.0,MASTERSEAL 550 30 KG 1 JUEGO,BAJO NIVEL CRITICO Y PARA MÁS DE DOS SEMANAS,32.0,20.0,23.0,24.0,24.0,24.0,24 MESES,OBRALOSANGELES,1192956-OBRALOSANGELES
1182803.0,"MEDIDOR AGUA POTABLE 3/4"" 1 U N",BAJO NIVEL CRITICOY SIN ENTREGA LOS ÚLTIMOS 90 DÍAS,51.0,24.0,49.0,24.0,24.0,24.0,12 MESES,OBRALOSANGELES,1182803-OBRALOSANGELES
1288093.0,MOLDURA XPS 33X32 E6 1 ML,SOBRE NIVEL CRÍTICO Y PARA MÁS DE DOS SEMANAS,2885.75,1870.0,1870.0,2640.0,2530.0,2640.0,,OBRALOSANGELES,1288093-OBRALOSANGELES
1264585.0,MONOMANDO LAVAPLATO ORNELLA  1 UN,BAJO NIVEL CRITICOY SIN ENTREGA LOS ÚLTIMOS 90 DÍAS,47.0,24.0,47.0,24.0,24.0,24.0,,OBRALOSANGELES,1264585-OBRALOSANGELES
1289512.0,MONOMANDO LAVAPLATOS AREZZO,,,0.0,0.0,24.0,24.0,24.0,,OBRALOSANGELES,1289512-OBRALOSANGELES
1289483.0,MONOMANDO LAVATORIO AREZZO  1 UN,,,0.0,0.0,48.0,48.0,48.0,,OBRALOSANGELES,1289483-OBRALOSANGELES
1184121.0,MONOMANDO LAVATORIO ORNELLA  1 UN,SOBRE NIVEL CRÍTICOY SIN ENTREGA LOS ÚLTIMOS 90 DÍAS,94.0,48.0,94.0,48.0,48.0,48.0,,OBRALOSANGELES,1184121-OBRALOSANGELES
1289491.0,MONOMANDO TINA-DUCHA AREZZO  1 UN,,,0.0,0.0,48.0,48.0,48.0,,OBRALOSANGELES,1289491-OBRALOSANGELES
1184139.0,MONOMANDO TINA-DUCHA ORNELLA  1 UN,SOBRE NIVEL CRÍTICOY SIN ENTREGA LOS ÚLTIMOS 90 DÍAS,94.0,48.0,94.0,48.0,48.0,48.0,,OBRALOSANGELES,1184139-OBRALOSANGELES
1274812.0,MORTERO BASE COAT 20 KG 1 SACO,SOBRE NIVEL CRÍTICO Y PARA MÁS DE DOS SEMANAS,116.9999926757812,171.52,171.52,468.9,350.0,468.9,12 MESES,OBRALOSANGELES,1274812-OBRALOSANGELES
41020232.0,MORTERO PRESEC 196 25 KG,SOBRE NIVEL CRÍTICO Y PARA MÁS DE DOS SEMANAS,146.0000012207031,9.390000000000008,144.46,140.07,140.07,140.07,6 MESES,OBRALOSANGELES,41020232-OBRALOSANGELES
1182483.0,"MUEBLE LAVAPLATO 0,8 MTS 1 UN",BAJO NIVEL CRITICOY SIN ENTREGA LOS ÚLTIMOS 90 DÍAS,26.0,23.0,,,,,,OBRALOSANGELES,1182483-OBRALOSANGELES
41020239.0,OLEO OPACO KEM PRO BLANCO 1 GL,BAJO NIVEL CRITICO Y PARA MÁS DE DOS SEMANAS,10.75,14.75,14.75,24.0,10.0,24.0,12 MESES,OBRALOSANGELES,41020239-OBRALOSANGELES
1183136.0,PAPEL FIELTRO 10/40 1 ROLLO,BAJO NIVEL CRITICO Y PARA MÁS DE DOS SEMANAS,70.6299984741211,54.51,54.51,95.78,95.53,95.78,,OBRALOSANGELES,1183136-OBRALOSANGELES
1299451.0,PASTA MURO (25 KG) 1 TINETA,,,,,,,,12 MESES,OBRALOSANGELES,1299451-OBRALOSANGELES
41020237.0,"PASTA MURO KEM PRO 24,1 KG 1 TINETA",BAJO NIVEL CRITICO Y PARA MÁS DE DOS SEMANAS,51.0,0.0,0.0,38.2,1.66,38.2,12 MESES,OBRALOSANGELES,41020237-OBRALOSANGELES
1191662.0,PEDESTAL UNIVERSAL 1 UN,BAJO NIVEL CRITICO Y PARA MÁS DE DOS SEMANAS,61.0,48.0,61.0,48.0,48.0,48.0,,OBRALOSANGELES,1191662-OBRALOSANGELES
1201470.0,PEGAMENTO ALFOMBRA PATEL 18 LTS,BAJO NIVEL CRITICO Y PARA MÁS DE DOS SEMANAS,19.0,5.500000000000001,5.500000000000001,19.95,10.0,19.95,12 MESES,OBRALOSANGELES,1201470-OBRALOSANGELES
1193975.0,"PERFIL C METALCON 60 X 38 X 8 X 0,85 MM X 2,4 MTS 60 CA085",BAJO NIVEL CRITICO Y PARA MÁS DE DOS SEMANAS,59.0,59.01000000000001,59.01000000000001,108.0,108.0,108.0,,OBRALOSANGELES,1193975-OBRALOSANGELES
1188033.0,"PERFIL CANAL NORMAL 61 X 20 X 0,5 MM X 3 MTS 1 UN",SOBRE NIVEL CRÍTICO Y PARA MÁS DE DOS SEMANAS,921.0000762939453,546.0,546.0,552.0,552.0,552.0,,OBRALOSANGELES,1188033-OBRALOSANGELES
1188025.0,"PERFIL MONTANTE NORMAL 60 X 38 X 0,5 MM X 2,4 MTS 1 UN",SOBRE NIVEL CRÍTICOY SIN ENTREGA LOS ÚLTIMOS 90 DÍAS,1455.000183105469,1331.01,1331.01,1344.0,1344.0,1344.0,,OBRALOSANGELES,1188025-OBRALOSANGELES
1198881.0,"PERFIL PORTANTE 40 R 40 X 18 X 10 X 0,5 MM X 6 MTS",SOBRE NIVEL CRÍTICOY SIN ENTREGA LOS ÚLTIMOS 90 DÍAS,1051.0,936.0,,,,,,OBRALOSANGELES,1198881-OBRALOSANGELES
1193983.0,"PERFIL U METALCON 62 X 25 X 0,85 MM X 3,0 MTS 62 CO85",BAJO NIVEL CRITICO Y PARA MÁS DE DOS SEMANAS,16.0,16.0,16.0,24.0,24.0,24.0,,OBRALOSANGELES,1193983-OBRALOSANGELES
1273393.0,PILASTRA PINO 13X45 MM X 3ML,SOBRE NIVEL CRÍTICOY SIN ENTREGA LOS ÚLTIMOS 90 DÍAS,144.0,144.0,,,,,,OBRALOSANGELES,1273393-OBRALOSANGELES
1178839.0,"PINO 2"" X 10"" X 3,20 MT",BAJO NIVEL CRITICOY SIN ENTREGA LOS ÚLTIMOS 90 DÍAS,0.0,,,,,,,OBRALOSANGELES,1178839-OBRALOSANGELES
1193713.0,"PINO 2"" X 2"" X 3,20 MT IMPREGNADO",SOBRE NIVEL CRÍTICO Y PARA MÁS DE DOS SEMANAS,564.0,0.0,0.0,2340.0,2280.0,2340.0,,OBRALOSANGELES,1193713-OBRALOSANGELES
1191216.0,PINTURA DE FIBROCEMENTOCAOBA FIBROCEM  1 TIN,BAJO NIVEL CRITICOY SIN ENTREGA LOS ÚLTIMOS 90 DÍAS,2.0,3.0,,,,,18 MESES,OBRALOSANGELES,1191216-OBRALOSANGELES
1191321.0,PINTURA DE FIBROCEMENTOCASTANO FIBROCEM  1 TIN,BAJO NIVEL CRITICOY SIN ENTREGA LOS ÚLTIMOS 90 DÍAS,2.0,3.0,,,,,18 MESES,OBRALOSANGELES,1191321-OBRALOSANGELES
1283090.0,PINTURA DE MADERACAOBA MADERVET  1 TIN,BAJO NIVEL CRITICOY SIN ENTREGA LOS ÚLTIMOS 90 DÍAS,1.0,2.0,,,,,24 MESES,OBRALOSANGELES,1283090-OBRALOSANGELES
1283102.0,PINTURA DE MADERACASTANO MADERVET  1 TIN,BAJO NIVEL CRITICOY SIN ENTREGA LOS ÚLTIMOS 90 DÍAS,2.0,2.0,,,,,24 MESES,OBRALOSANGELES,1283102-OBRALOSANGELES
41020165.0,PINTURA ESMALTE AL AGUA MARFIL CP-70 1 TIN,,,,,,,,12 MESES,OBRALOSANGELES,41020165-OBRALOSANGELES
1191451.0,PINTURA HOJALATACAOBA ACRIZINC  1 GAL,BAJO NIVEL CRITICOY SIN ENTREGA LOS ÚLTIMOS 90 DÍAS,0.0,,,,,,60 MESES,OBRALOSANGELES,1191451-OBRALOSANGELES
1191460.0,PINTURA HOJALATACASTANO ACRIZINC  1 GAL,BAJO NIVEL CRITICOY SIN ENTREGA LOS ÚLTIMOS 90 DÍAS,0.0,0.0,0.0,2.4,1.4,1.2,60 MESES,OBRALOSANGELES,1191460-OBRALOSANGELES
1194652.0,PINTURA HOJALATANEGRO ACRIZINC  1 GAL,BAJO NIVEL CRITICOY SIN ENTREGA LOS ÚLTIMOS 90 DÍAS,3.0,,,,,,60 MESES,OBRALOSANGELES,1194652-OBRALOSANGELES
1274821.0,PINTURA IMPERMEABILIZANTE MASTERWALL BEIGE (IC)  1 TIN,BAJO NIVEL CRITICO Y PARA MÁS DE DOS SEMANAS,7.0,0.0,0.0,50.4,16.0,16.8,12 MESES,OBRALOSANGELES,1274821-OBRALOSANGELES
1274839.0,PINTURA IMPERMEABILIZANTE MASTERWALL GRIS ARENA (SR)  1 TIN,BAJO NIVEL CRITICO Y PARA MÁS DE DOS SEMANAS,7.0,9.0,9.0,50.4,16.0,16.8,12 MESES,OBRALOSANGELES,1274839-OBRALOSANGELES
1274847.0,PINTURA IMPERMEABILIZANTE MASTERWALL MOSTAZA (GS)  1 TIN,BAJO NIVEL CRITICO Y PARA MÁS DE DOS SEMANAS,6.0,8.4,8.4,50.4,18.0,16.8,12 MESES,OBRALOSANGELES,1274847-OBRALOSANGELES
1188105.0,PLANCHA FIBROCEMENTO 4 MM VOLCAN 1 PLANCHA,SOBRE NIVEL CRÍTICO Y PARA MÁS DE DOS SEMANAS,156.0,220.0,220.0,352.0,352.0,352.0,,OBRALOSANGELES,1188105-OBRALOSANGELES
1259305.0,"PLANCHA OSB PROTEC 11,1 MM X 2,4 4 X 1,22 MTS LP 1 UN",SOBRE NIVEL CRÍTICO Y PARA MÁS DE DOS SEMANAS,394.0,24.0,404.88,840.0,840.0,840.0,,OBRALOSANGELES,1259305-OBRALOSANGELES
1192999.0,"PLANCHA OSB STD 9,5 MM X 2,44 X 1,22 MTS LP 1 UN",BAJO NIVEL CRITICO Y PARA MÁS DE DOS SEMANAS,12.0,11.0,11.0,24.0,24.0,24.0,,OBRALOSANGELES,1192999-OBRALOSANGELES
1179698.0,"PLANCHA YESO-CARTON ST 10 MM 1,20 X 2,40 VOLCAN 1 PLANCHA",SOBRE NIVEL CRÍTICO Y PARA MÁS DE DOS SEMANAS,441.0,842.0,862.9999999999995,1440.0,1073.0,1440.0,,OBRALOSANGELES,1179698-OBRALOSANGELES
1278928.0,POLIESTIRENO EXP. 30 MM (20KG/ M3) 1 PLANCHA,SOBRE NIVEL CRÍTICO Y PARA MÁS DE DOS SEMANAS,240.0,180.0,180.0,300.0,300.0,300.0,,OBRALOSANGELES,1278928-OBRALOSANGELES
1278944.0,POLIESTIRENO EXP. 70 MM (20KG/ M3) 1 PLANCHA,SOBRE NIVEL CRÍTICO Y PARA MÁS DE DOS SEMANAS,143.75,179.74,179.74,288.0,288.0,288.0,,OBRALOSANGELES,1278944-OBRALOSANGELES
1278952.0,POLIESTIRENO EXP. 80 MM (20KG/ M3) 1 PLANCHA,SOBRE NIVEL CRÍTICO Y PARA MÁS DE DOS SEMANAS,1312.0,1328.0,1328.0,3331.13,2560.0,3331.13,,OBRALOSANGELES,1278952-OBRALOSANGELES
1191945.0,PROMOTOR DE ADHERENCIA TECNO BOND  20 KG 1 TIN,BAJO NIVEL CRITICO Y PARA MÁS DE DOS SEMANAS,4.999999828338623,0.0,0.0,5.61,22.0,5.61,12 MESES,OBRALOSANGELES,1191945-OBRALOSANGELES
1260955.0,"PUERTA HDF EXTERIOR PRESTIGE PROTEGIDA 0,80 X 2 MT 1 UN",BAJO NIVEL CRITICOY SIN ENTREGA LOS ÚLTIMOS 90 DÍAS,0.0,0.0,0.0,22.0,22.0,22.0,,OBRALOSANGELES,1260955-OBRALOSANGELES
1192112.0,"PUERTA HDF PRESTIGE 0,65 X 2 M T INTERIOR 1 UN",BAJO NIVEL CRITICO Y PARA MÁS DE DOS SEMANAS,36.0,0.0,0.0,22.0,22.0,22.0,,OBRALOSANGELES,1192112-OBRALOSANGELES
1192121.0,"PUERTA HDF PRESTIGE 0,70 X 2 M T INTERIOR 1 UN",BAJO NIVEL CRITICOY SIN ENTREGA LOS ÚLTIMOS 90 DÍAS,96.0,0.0,0.0,88.0,88.0,88.0,,OBRALOSANGELES,1192121-OBRALOSANGELES
1188471.0,"PUERTA TERCIADO 0,75 X 2,00 MT CON PE C/C  1 UN",BAJO NIVEL CRITICOY SIN ENTREGA LOS ÚLTIMOS 90 DÍAS,0.0,0.0,0.0,22.0,22.0,22.0,,OBRALOSANGELES,1188471-OBRALOSANGELES
1187241.0,REGULADOR P/GAS 45KG RI 11100 1 UN,BAJO NIVEL CRITICOY SIN ENTREGA LOS ÚLTIMOS 90 DÍAS,63.0,24.0,,,,,,OBRALOSANGELES,1187241-OBRALOSANGELES
1177810.0,RODILLO CHIPORRO 18 CM 1 UN,BAJO NIVEL CRITICO Y PARA MÁS DE DOS SEMANAS,65.21000000000001,58.86000000000003,58.86000000000003,87.51,82.09,87.51,,OBRALOSANGELES,1177810-OBRALOSANGELES
1274783.0,"SIDING 0,19 X 6 MM X 3,66 VOLCAN MTS",SOBRE NIVEL CRÍTICOY SIN ENTREGA LOS ÚLTIMOS 90 DÍAS,408.0,78.0,78.0,1210.0,370.0,1210.0,,OBRALOSANGELES,1274783-OBRALOSANGELES
1183128.0,"SIFON BOTELLA 1 1/4"" SALIDA CURVA 1 UN",BAJO NIVEL CRITICO Y PARA MÁS DE DOS SEMANAS,48.0,22.0,48.0,24.0,24.0,24.0,,OBRALOSANGELES,1183128-OBRALOSANGELES
1181317.0,"SIFON EMBELLE 1 1/4"" SALIDA RECTA 1 UN",BAJO NIVEL CRITICO Y PARA MÁS DE DOS SEMANAS,57.0,22.0,55.0,24.0,24.0,24.0,,OBRALOSANGELES,1181317-OBRALOSANGELES
1177887.0,"SIFON LOA LAVAPLATOS S/CURVA 1 1/2"" 1 UN",BAJO NIVEL CRITICOY SIN ENTREGA LOS ÚLTIMOS 90 DÍAS,69.0,22.0,69.0,24.0,24.0,24.0,,OBRALOSANGELES,1177887-OBRALOSANGELES
1279584.0,"SIKABOND MONTAJE 3,8 KG BALDES",BAJO NIVEL CRITICO Y PARA MÁS DE DOS SEMANAS,72.0,56.2,56.2,76.8,68.2,76.8,12 MESES,OBRALOSANGELES,1279584-OBRALOSANGELES
1199517.0,SOBREPASO PP-R 20 MM 1 UN,SOBRE NIVEL CRÍTICO Y PARA MÁS DE DOS SEMANAS,168.0,80.0,80.0,120.0,120.0,120.0,,OBRALOSANGELES,1199517-OBRALOSANGELES
1187671.0,"TAPACAN SMARTSIDE TRIM 5 1/2"" LP 1 UN",SOBRE NIVEL CRÍTICO Y PARA MÁS DE DOS SEMANAS,161.0,150.0,150.0,240.0,156.0,240.0,,OBRALOSANGELES,1187671-OBRALOSANGELES
1187751.0,"TAPACAN SMARTSIDE TRIM 7 1/4"" LP 1 UN",BAJO NIVEL CRITICOY SIN ENTREGA LOS ÚLTIMOS 90 DÍAS,118.0,84.0,,,,,,OBRALOSANGELES,1187751-OBRALOSANGELES
1248032.0,"TAPON PP-R 1/2"" HE 1 UN",SOBRE NIVEL CRÍTICO Y PARA MÁS DE DOS SEMANAS,173.0,100.0,124.0,120.0,120.0,120.0,,OBRALOSANGELES,1248032-OBRALOSANGELES
1248041.0,"TAPON PP-R 1/2"" HI 1 UN",SOBRE NIVEL CRÍTICO Y PARA MÁS DE DOS SEMANAS,178.0,46.0,70.08000000000001,56.0,56.0,56.0,,OBRALOSANGELES,1248041-OBRALOSANGELES
12736330.0,TEE PEX 20 MM,BAJO NIVEL CRITICO Y PARA MÁS DE DOS SEMANAS,70.0,24.0,46.0,22.0,22.0,22.0,,OBRALOSANGELES,12736330-OBRALOSANGELES
1253333.0,TEE PP-R 20 MM 1 UN,SOBRE NIVEL CRÍTICO Y PARA MÁS DE DOS SEMANAS,197.0,20.0,20.0,40.0,40.0,40.0,,OBRALOSANGELES,1253333-OBRALOSANGELES
1204515.0,TEE PP-R 25 MM 1 UN,BAJO NIVEL CRITICO Y PARA MÁS DE DOS SEMANAS,88.0,22.0,22.0,40.0,40.0,40.0,,OBRALOSANGELES,1204515-OBRALOSANGELES
12736410.0,TEE PRUEBA PEX 20 X 1/2 HI X20,BAJO NIVEL CRITICOY SIN ENTREGA LOS ÚLTIMOS 90 DÍAS,65.0,24.0,,,,,,OBRALOSANGELES,12736410-OBRALOSANGELES
1247110.0,TEE RED.20 X 25 X 20 PP-R 1 UN,BAJO NIVEL CRITICOY SIN ENTREGA LOS ÚLTIMOS 90 DÍAS,20.0,20.0,,,,,,OBRALOSANGELES,1247110-OBRALOSANGELES
1247128.0,TEE RED.25 X 20 X 20 PP-R 1 UN,BAJO NIVEL CRITICO Y PARA MÁS DE DOS SEMANAS,42.0,40.0,40.0,60.0,60.0,60.0,,OBRALOSANGELES,1247128-OBRALOSANGELES
1190299.0,TEE RED.25 X 20 X 25 PP-R 1 UN,SOBRE NIVEL CRÍTICO Y PARA MÁS DE DOS SEMANAS,262.0,30.0,30.0,60.0,60.0,60.0,,OBRALOSANGELES,1190299-OBRALOSANGELES
1247144.0,TEE RED.25 X 25 X 20 PP-R 1 UN,BAJO NIVEL CRITICO Y PARA MÁS DE DOS SEMANAS,42.0,40.0,40.0,60.0,60.0,60.0,,OBRALOSANGELES,1247144-OBRALOSANGELES
1247161.0,TEE RED.32 X 25 X 25 PP-R 1 UN,BAJO NIVEL CRITICO Y PARA MÁS DE DOS SEMANAS,32.0,10.0,10.0,20.0,20.0,20.0,,OBRALOSANGELES,1247161-OBRALOSANGELES
1291532.0,TEJA ASFALTICA SUPREME ONIX BLACK M2,SOBRE NIVEL CRÍTICO Y PARA MÁS DE DOS SEMANAS,1577.7,1400.85,1400.85,2700.96,2628.62,2700.96,,OBRALOSANGELES,1291532-OBRALOSANGELES
1272374.0,TERMINAL PEX 20 X 1/2 HE,BAJO NIVEL CRITICOY SIN ENTREGA LOS ÚLTIMOS 90 DÍAS,135.0,48.0,,,,,,OBRALOSANGELES,1272374-OBRALOSANGELES
1208006.0,TERMINAL PP-R 20 X 1/2 HI 1 UN,BAJO NIVEL CRITICO Y PARA MÁS DE DOS SEMANAS,109.0,20.0,20.0,40.0,40.0,40.0,,OBRALOSANGELES,1208006-OBRALOSANGELES
1252074.0,"TERMINAL PP-R 20 X 1/2"" HE 1 UN",BAJO NIVEL CRITICOY SIN ENTREGA LOS ÚLTIMOS 90 DÍAS,133.0,,,,,,,OBRALOSANGELES,1252074-OBRALOSANGELES
1247179.0,"TERMINAL PP-R 32 X 3/4"" HE 1 UN",BAJO NIVEL CRITICOY SIN ENTREGA LOS ÚLTIMOS 90 DÍAS,64.0,0.0,0.0,20.0,20.0,20.0,,OBRALOSANGELES,1247179-OBRALOSANGELES
1180331.0,"TINA 1,20 X 0,70 MTS BLANCA ES MALTADA SENSI DACQUA 1 UN",BAJO NIVEL CRITICOY SIN ENTREGA LOS ÚLTIMOS 90 DÍAS,13.0,0.0,0.0,24.0,24.0,24.0,,OBRALOSANGELES,1180331-OBRALOSANGELES
1256817.0,"TINA 1,30 X 0,70 MTS BLANCA ESMALTADA SENSI DACQUA 1 UN",BAJO NIVEL CRITICOY SIN ENTREGA LOS ÚLTIMOS 90 DÍAS,0.0,0.0,0.0,24.0,24.0,24.0,,OBRALOSANGELES,1256817-OBRALOSANGELES
12736090.0,TUBERIA PEX 20 MM 1 MT,SOBRE NIVEL CRÍTICOY SIN ENTREGA LOS ÚLTIMOS 90 DÍAS,439.0,103.0,,,,,,OBRALOSANGELES,12736090-OBRALOSANGELES
1205850.0,TUBERIA PP-R 20 MM PN-16 1 ML,BAJO NIVEL CRITICO Y PARA MÁS DE DOS SEMANAS,44.0,160.0,160.0,240.0,240.0,240.0,,OBRALOSANGELES,1205850-OBRALOSANGELES
1205868.0,TUBERIA PP-R 25 MM PN-16 1 ML,SOBRE NIVEL CRÍTICO Y PARA MÁS DE DOS SEMANAS,266.0,230.0,230.0,360.0,360.0,360.0,,OBRALOSANGELES,1205868-OBRALOSANGELES
1205876.0,TUBERIA PP-R 32 MM PN-16 1 ML,SOBRE NIVEL CRÍTICO Y PARA MÁS DE DOS SEMANAS,610.0,188.0,188.0,200.0,200.0,200.0,,OBRALOSANGELES,1205876-OBRALOSANGELES
12800240.0,"VALVULA EXCESO FLUJO 3/4""1UN ",BAJO NIVEL CRITICOY SIN ENTREGA LOS ÚLTIMOS 90 DÍAS,49.0,1.0,,,,,,OBRALOSANGELES,12800240-OBRALOSANGELES
41020261.0,VENTANA TECHO ALTATERRA 55 X 78 CM 1 UN,BAJO NIVEL CRITICO Y PARA MÁS DE DOS SEMANAS,12.0,24.0,24.0,22.0,22.0,22.0,,OBRALOSANGELES,41020261-OBRALOSANGELES
1275065.0,"VENTILACION PASIVA 4"" 1 UN",BAJO NIVEL CRITICO Y PARA MÁS DE DOS SEMANAS,145.0,100.0,145.0,120.0,120.0,120.0,,OBRALOSANGELES,1275065-OBRALOSANGELES
1290599.0,WC LUGANO DESC. MURO 1 UN,BAJO NIVEL CRITICO Y PARA MÁS DE DOS SEMANAS,14.0,14.0,14.0,24.0,24.0,24.0,,OBRALOSANGELES,1290599-OBRALOSANGELES
1290601.0,WC LUGANO DESC. PISO 1 UN,BAJO NIVEL CRITICO Y PARA MENOS DE DOS SEMANAS,0.0,3.552713678800501e-15,3.552713678800501e-15,24.0,24.0,24.0,,OBRALOSANGELES,1290601-OBRALOSANGELES
1268615.0,YESO EXPRESS VOLCAN 25 KG,BAJO NIVEL CRITICO Y PARA MÁS DE DOS SEMANAS,83.00000183105469,19.03999999999999,19.03999999999999,166.8,150.0,166.8,6 MESES,OBRALOSANGELES,1268615-OBRALOSANGELES
,,,,,105.0,110.0,105.0,110.0,,OBRALOSANGELES,
,,,,,105.0,110.0,105.0,110.0,,OBRALOSANGELES,
,,,,,105.0,110.0,105.0,110.0,,OBRALOSANGELES,
1199189.0,ADHESIVO D.A. EN POLVO MAX 310 CADINA 25 KG 1 SACO,SOBRE NIVEL CRÍTICO Y PARA MÁS DE DOS SEMANAS,348.0,3.0,2.0,205.59,490.0,474.0,6 MESES,OBRALRTALCA,1199189-OBRALRTALCA
1200856.0,"ADHESIVO DE CONTACTO FLEX 125 3,8 LTS 1 GAL",SOBRE NIVEL CRÍTICO Y PARA MÁS DE DOS SEMANAS,48.0,2.0,1.0,18.72,93.0,93.0,24 MESES,OBRALRTALCA,1200856-OBRALRTALCA
41020304.0,ADHESIVO PORCELANATO EN POLVO SIKACERAM 200 FLEX 25 KG 1 SACO,,,,,,,,6 MESES,OBRALRTALCA,41020304-OBRALRTALCA
1196455.0,ADHESIVO SILICONABLANCO SANISIL 280 ML 1 UN,BAJO NIVEL CRITICO Y PARA MÁS DE DOS SEMANAS,14.0,4.0,1.0,34.0,34.0,34.0,24 MESES,OBRALRTALCA,1196455-OBRALRTALCA
1177650.0,ADHESIVOBLANCO SIKACRYL+ PINTABLE 300 ML 1 UN,BAJO NIVEL CRITICO Y PARA MÁS DE DOS SEMANAS,54.0,2.0,1.0,170.0,425.0,425.0,24 MESES,OBRALRTALCA,1177650-OBRALRTALCA
41020426.0,AIRE ACONDICIONADO UNIDA INTERIOR 18000 BTU 1 UN,,,,,,,,,OBRALRTALCA,41020426-OBRALRTALCA
41020425.0,AIRE ACONDICIONADO UNIDA INTERIOR 9000 BTU 1 UN,,,,,,,,,OBRALRTALCA,41020425-OBRALRTALCA
1177895.0,ANTICORROSIVO NEGRO 1 GAL,BAJO NIVEL CRITICOY SIN ENTREGA LOS ÚLTIMOS 90 DÍAS,1.19209289106692e-08,1.0,1.0,5.61,5.37,5.37,12 MESES,OBRALRTALCA,1177895-OBRALRTALCA
1192155.0,"BISAGRA 3 1/2"" X 3 1/2"" CROMO SATIN 1 UN",SOBRE NIVEL CRÍTICO Y PARA MÁS DE DOS SEMANAS,42.0,2.0,2.0,42.0,42.0,42.0,,OBRALRTALCA,1192155-OBRALRTALCA
1192147.0,"BISAGRA 3"" X 3"" CROMO SATIN 1 UN",SOBRE NIVEL CRÍTICO Y PARA MÁS DE DOS SEMANAS,320.0,2.0,1.0,714.0,714.0,714.0,,OBRALRTALCA,1192147-OBRALRTALCA
1178193.0,"BROCHA 2"" 1 UN",SOBRE NIVEL CRÍTICO Y PARA MÁS DE DOS SEMANAS,34.0,1.0,1.0,68.84,69.0,69.0,,OBRALRTALCA,1178193-OBRALRTALCA
1179508.0,"BROCHA 4"" 1 UN",SOBRE NIVEL CRÍTICO Y PARA MÁS DE DOS SEMANAS,27.0049951171875,11.0,11.0,32.32,32.0,32.0,,OBRALRTALCA,1179508-OBRALRTALCA
1274572.0,BURLETE BAJO PUERTA 1 UN,SOBRE NIVEL CRÍTICO Y PARA MÁS DE DOS SEMANAS,85.0,4.0,2.0,28.0,28.0,28.0,,OBRALRTALCA,1274572-OBRALRTALCA
1274564.0,BURLETE MARCO PUERTA 1 MT,SOBRE NIVEL CRÍTICO Y PARA MÁS DE DOS SEMANAS,91.0,1.0,1.0,85.0,55.0,55.0,,OBRALRTALCA,1274564-OBRALRTALCA
41020204.0,CALEFON TIRO FORZADO G.L. 13 LTS C/KIT C/FLEX 1 UN,,,2.0,2.0,14.0,14.0,0.0,,OBRALRTALCA,41020204-OBRALRTALCA
1191857.0,CALEFON TIRO NATURAL  G.L. 11 LTS C/FLEX 1 UN,BAJO NIVEL CRITICO Y PARA MENOS DE DOS SEMANAS,1.0,1.0,1.0,34.0,36.0,36.0,,OBRALRTALCA,1191857-OBRALRTALCA
41020230.0,CAMPANA BAJO MUEBLE 1 UN,SOBRE NIVEL CRÍTICOY SIN ENTREGA LOS ÚLTIMOS 90 DÍAS,19.0,1.0,,,,,,OBRALRTALCA,41020230-OBRALRTALCA
1189722.0,CELOSIA 20 X 20 BLANCA 1 UN,SOBRE NIVEL CRÍTICO Y PARA MÁS DE DOS SEMANAS,112.0,3.0,1.0,51.0,51.0,51.0,,OBRALRTALCA,1189722-OBRALRTALCA
1178257.0,CELOSIA 30 X 30 BLANCA 1 UN,SOBRE NIVEL CRÍTICO Y PARA MÁS DE DOS SEMANAS,128.0,2.0,1.0,34.0,34.0,34.0,,OBRALRTALCA,1178257-OBRALRTALCA
1269802.0,CEMENTO AR PUZOLANICO BIO BIO 1 KG,SOBRE NIVEL CRÍTICO Y PARA MÁS DE DOS SEMANAS,3467.000078125,8.0,8.0,7489.9,7200.0,7200.0,2 MESES,OBRALRTALCA,1269802-OBRALRTALCA
41020315.0,CERRADURA EMBUTIDA MANILLA ACCESO SCANAVINI 1 UN,BAJO NIVEL CRITICO Y PARA MÁS DE DOS SEMANAS,16.0,2.0,1.0,17.0,17.0,17.0,,OBRALRTALCA,41020315-OBRALRTALCA
41020409.0,CERRADURA EMBUTIDA MANILLA BAÑO SCANAVINI 1 UN,,,,,,,,,OBRALRTALCA,41020409-OBRALRTALCA
41020410.0,CERRADURA EMBUTIDA MANILLA SEGURO-LLAVE SCANAVINI 1 UN,,,,,,,,,OBRALRTALCA,41020410-OBRALRTALCA
41020408.0,CERRADURA EMBUTIDA MANILLA SIMPLE PASO SCANAVINI 1 UN,,,,,,,,,OBRALRTALCA,41020408-OBRALRTALCA
1184083.0,CERRADURA REJA 2985 CI-30 POLI 1 UN,BAJO NIVEL CRITICO Y PARA MENOS DE DOS SEMANAS,1.0,1.0,1.0,17.0,17.0,17.0,,OBRALRTALCA,1184083-OBRALRTALCA
41020314.0,CERRADURA TUBULAR MANILLA TOSCANA BAÑO 1 UN,BAJO NIVEL CRITICO Y PARA MENOS DE DOS SEMANAS,14.0,1.0,1.0,119.0,119.0,119.0,,OBRALRTALCA,41020314-OBRALRTALCA
41020313.0,CERRADURA TUBULAR MANILLA TOSCANA SIMPLE PASO 1 UN,CERCA DE NIVEL CRITICO Y PARA MÁS DE DOS SEMANAS,25.0,2.0,1.0,102.0,102.0,102.0,,OBRALRTALCA,41020313-OBRALRTALCA
1193959.0,"CIELO PERFIL AT 20 X 25 X 4 X 0,42 MM X 3,0 MTS",BAJO NIVEL CRITICOY SIN ENTREGA LOS ÚLTIMOS 90 DÍAS,0.0,3.0,3.0,164.0,164.0,164.0,,OBRALRTALCA,1193959-OBRALRTALCA
1183013.0,CINTA AUTOADHESIVA P/JUNTURA 45 MTS 1 ROLLO,SOBRE NIVEL CRÍTICO Y PARA MÁS DE DOS SEMANAS,161.0,3.0,1.0,110.5,110.0,110.0,,OBRALRTALCA,1183013-OBRALRTALCA
1252390.0,"CODO PP-R DOBLE FIJACION TINA HI 20 X 1/2"" 1 UN",BAJO NIVEL CRITICOY SIN ENTREGA LOS ÚLTIMOS 90 DÍAS,0.0,1.0,,,,,,OBRALRTALCA,1252390-OBRALRTALCA
1272340.0,CODO PEX 20 X 1/2 HE,,,7.0,7.0,26.0,26.0,0.0,,OBRALRTALCA,1272340-OBRALRTALCA
1272323.0,CODO PEX 20 X 20 MM,,,7.0,7.0,91.0,91.0,0.0,,OBRALRTALCA,1272323-OBRALRTALCA
1247072.0,CODO PP-R 20 MM 1 UN,SOBRE NIVEL CRÍTICO Y PARA MÁS DE DOS SEMANAS,179.0,8.0,8.0,264.0,264.0,264.0,,OBRALRTALCA,1247072-OBRALRTALCA
1196076.0,"CODO PP-R 20 X 1/2"" HI 1 UN",SOBRE NIVEL CRÍTICO Y PARA MÁS DE DOS SEMANAS,345.0,7.0,3.0,22.0,22.0,22.0,,OBRALRTALCA,1196076-OBRALRTALCA
1247081.0,CODO PP-R 25 MM 1 UN,SOBRE NIVEL CRÍTICO Y PARA MÁS DE DOS SEMANAS,603.0,8.0,8.0,231.0,231.0,231.0,,OBRALRTALCA,1247081-OBRALRTALCA
1205921.0,"CODO PP-R 25 X 1/2"" HE 1 UN",SOBRE NIVEL CRÍTICO Y PARA MÁS DE DOS SEMANAS,96.0,8.0,2.0,28.0,28.0,28.0,,OBRALRTALCA,1205921-OBRALRTALCA
1190230.0,CODO PP-R 32 MM 1 UN,SOBRE NIVEL CRÍTICO Y PARA MÁS DE DOS SEMANAS,114.0,8.0,8.0,33.0,33.0,33.0,,OBRALRTALCA,1190230-OBRALRTALCA
1254862.0,CODO PP-R 40 MM X 90? 1 UN ,BAJO NIVEL CRITICO Y PARA MÁS DE DOS SEMANAS,23.0,1.0,1.0,51.0,88.0,88.0,,OBRALRTALCA,1254862-OBRALRTALCA
1199592.0,COPLA PP-R 32 MM 1 UN,SOBRE NIVEL CRÍTICO Y PARA MÁS DE DOS SEMANAS,88.0,8.0,5.0,13.0,13.0,13.0,,OBRALRTALCA,1199592-OBRALRTALCA
1248833.0,COPLA PP-R 40 MM 1 UN,BAJO NIVEL CRITICO Y PARA MENOS DE DOS SEMANAS,4.0,1.0,1.0,17.0,51.0,51.0,,OBRALRTALCA,1248833-OBRALRTALCA
1254871.0,COPLA PP-R 40 X 32 MM 1 UN,BAJO NIVEL CRITICO Y PARA MÁS DE DOS SEMANAS,5.0,1.0,1.0,17.0,34.0,34.0,,OBRALRTALCA,1254871-OBRALRTALCA
1190272.0,COPLA REDUC. PP-R 32 X 25 1 UN,BAJO NIVEL CRITICO Y PARA MÁS DE DOS SEMANAS,16.0,8.0,8.0,11.0,11.0,11.0,,OBRALRTALCA,1190272-OBRALRTALCA
1181561.0,"DESAGUE LAVAPLATOS 1 1/2"" 1 U N",BAJO NIVEL CRITICO Y PARA MENOS DE DOS SEMANAS,0.0,1.0,1.0,34.0,19.0,17.0,,OBRALRTALCA,1181561-OBRALRTALCA
1256198.0,"DESAGUE LAVATORIO 1 1/4"" C/REB /REJ 1 UN",BAJO NIVEL CRITICO Y PARA MÁS DE DOS SEMANAS,39.0,1.0,1.0,68.0,68.0,68.0,,OBRALRTALCA,1256198-OBRALRTALCA
1200151.0,DESAGUE PLATO DUCHA E70 X S 1 1/2 1 UN,BAJO NIVEL CRITICO Y PARA MÁS DE DOS SEMANAS,6.0,1.0,1.0,17.0,17.0,17.0,,OBRALRTALCA,1200151-OBRALRTALCA
1177879.0,DESAGUE TINA/REBALSE/SIFON 1 UN,BAJO NIVEL CRITICO Y PARA MÁS DE DOS SEMANAS,13.0,1.0,1.0,51.0,34.0,34.0,,OBRALRTALCA,1177879-OBRALRTALCA
41020320.0,ENCIMERA GAS LICUADO 1 UN,BAJO NIVEL CRITICO Y PARA MÁS DE DOS SEMANAS,27.0,1.0,11.0,11.0,11.0,11.0,,OBRALRTALCA,41020320-OBRALRTALCA
1187161.0,"ESQUINEROS METALICO 30 X 30 X 2,40 MTS 1 UN",SOBRE NIVEL CRÍTICOY SIN ENTREGA LOS ÚLTIMOS 90 DÍAS,1525.0,11.0,11.0,462.0,462.0,462.0,,OBRALRTALCA,1187161-OBRALRTALCA
1278303.0,ESTANQUE ARES  1 UN,BAJO NIVEL CRITICO Y PARA MÁS DE DOS SEMANAS,44.0,2.0,1.0,68.0,68.0,68.0,,OBRALRTALCA,1278303-OBRALRTALCA
41020424.0,ESTANQUE EBEN-R 1 UN,,,,,,,,,OBRALRTALCA,41020424-OBRALRTALCA
41020434.0,ESTANQUE WC LOFTY 1 UN,,,,,,,,,OBRALRTALCA,41020434-OBRALRTALCA
1291188.0,EXTRACTOR RETON 100 BTH HIGRO 1 UN,BAJO NIVEL CRITICO Y PARA MÁS DE DOS SEMANAS,27.0,1.0,1.0,68.0,68.0,68.0,,OBRALRTALCA,1291188-OBRALRTALCA
1290062.0,FRAGUE CERAMICO GRIS GARZA 1 KG,BAJO NIVEL CRITICOY SIN ENTREGA LOS ÚLTIMOS 90 DÍAS,0.0,,,,,,12 MESES,OBRALRTALCA,1290062-OBRALRTALCA
1256340.0,FRAGUE CERAMICOCAPRI  1 KG 1 UN,SOBRE NIVEL CRÍTICO Y PARA MÁS DE DOS SEMANAS,423.0,3.0,2.0,274.12,274.0,274.0,12 MESES,OBRALRTALCA,1256340-OBRALRTALCA
41020342.0,GUARDAPOLVO MADERA RECTO LIJADO 13 X 100 X 2400 1 UN,,,,,,,,,OBRALRTALCA,41020342-OBRALRTALCA
41020341.0,GUARDAPOLVO MADERA RECTO LIJADO 13 X 80 X 2400 1 UN,SOBRE NIVEL CRÍTICO Y PARA MÁS DE DOS SEMANAS,301.0,2.0,1.0,629.11,529.0,529.0,,OBRALRTALCA,41020341-OBRALRTALCA
41020333.0,GUARDAPOLVO MADERA RECTO PREPINTADO 13 X 80 X 2400 1 UN,,,,,,,,,OBRALRTALCA,41020333-OBRALRTALCA
1274302.0,HORNO ELECTRICO,BAJO NIVEL CRITICO Y PARA MÁS DE DOS SEMANAS,32.0,1.0,11.0,11.0,11.0,11.0,,OBRALRTALCA,1274302-OBRALRTALCA
1182889.0,LANA DE VIDRIO 100 MM VOLCAN 1 M2,SOBRE NIVEL CRÍTICO Y PARA MÁS DE DOS SEMANAS,549.0,2.0,2.0,662.26,657.0,657.0,,OBRALRTALCA,1182889-OBRALRTALCA
1279357.0,LAVAMANOS CABURGA  1 UN,BAJO NIVEL CRITICOY SIN ENTREGA LOS ÚLTIMOS 90 DÍAS,0.0,11.0,11.0,44.0,11.0,11.0,,OBRALRTALCA,1279357-OBRALRTALCA
41020459.0,LAVAPLATO BAJO CUBIERTA ACERO INOX. 730 X 460 MM 1 UN,,,,,,,,,OBRALRTALCA,41020459-OBRALRTALCA
41020331.0,LAVAPLATO SOBREPONER ACERO INOX. 570 X 430 MM 1 UN,,,,,,,,,OBRALRTALCA,41020331-OBRALRTALCA
41020458.0,LAVAPLATO SOBREPONER ACERO INOX. 590 X 430 MM 1 UN,,,,,,,,,OBRALRTALCA,41020458-OBRALRTALCA
1203213.0,LLAVE PASO PP-R CAMPANA 20 MM CRM 1 UN,SOBRE NIVEL CRÍTICO Y PARA MÁS DE DOS SEMANAS,106.0,8.0,8.0,22.0,22.0,22.0,,OBRALRTALCA,1203213-OBRALRTALCA
1190344.0,LLAVE PASO PP-R CAMPANA 25 MM CRM 1 UN,SOBRE NIVEL CRÍTICO Y PARA MÁS DE DOS SEMANAS,308.0,8.0,8.0,88.0,88.0,88.0,,OBRALRTALCA,1190344-OBRALRTALCA
1270521.0,LOSATEX (25 KG) SOQUINA 1 TINETA,BAJO NIVEL CRITICO Y PARA MÁS DE DOS SEMANAS,13.0,2.0,1.0,14.45,13.55,13.55,12 MESES,OBRALRTALCA,1270521-OBRALRTALCA
1191591.0,"LP OSB TECHSHIELD 11,1 MM X 2, 44 X 1,22 MTS 1 PLANCHA",BAJO NIVEL CRITICOY SIN ENTREGA LOS ÚLTIMOS 90 DÍAS,0.0,2.0,,,,,,OBRALRTALCA,1191591-OBRALRTALCA
1251346.0,MALLA DE FIBRA DE VIDRIO 153 GRS/M2 1 X 50 WEBER MTS 1 UN,BAJO NIVEL CRITICO Y PARA MÁS DE DOS SEMANAS,3.230000037923455,7.0,5.0,1.96,1.96,1.96,,OBRALRTALCA,1251346-OBRALRTALCA
41020412.0,MANILLON PUERTA RECTANGULAR ACERO INOX 11B 25X34X350 MM 1 UN,,,,,,,,,OBRALRTALCA,41020412-OBRALRTALCA
1279525.0,MARCO PUERTA L M26 1 UN,BAJO NIVEL CRITICO Y PARA MÁS DE DOS SEMANAS,9.0,2.0,2.0,14.0,14.0,14.0,,OBRALRTALCA,1279525-OBRALRTALCA
1182862.0,MARCO PUERTA MADERA 30 X 90 1 UN,SOBRE NIVEL CRÍTICO Y PARA MÁS DE DOS SEMANAS,112.0,2.0,1.0,204.0,187.0,187.0,,OBRALRTALCA,1182862-OBRALRTALCA
1271136.0,MARCO PUERTA MADERA 40 X 90 C/RANURA BURLETE 1 UN,BAJO NIVEL CRITICO Y PARA MÁS DE DOS SEMANAS,5.0,1.0,1.0,17.0,17.0,17.0,,OBRALRTALCA,1271136-OBRALRTALCA
1198645.0,MARCO PUERTA MADERA ENCHAPADO MARA CLARA 30 X 90  1 UN,BAJO NIVEL CRITICOY SIN ENTREGA LOS ÚLTIMOS 90 DÍAS,9.0,11.0,11.0,44.0,33.0,33.0,,OBRALRTALCA,1198645-OBRALRTALCA
41020310.0,MARMOLINA ALPACA CT-70R G.M (25 KG) 1 TINETA,BAJO NIVEL CRITICOY SIN ENTREGA LOS ÚLTIMOS 90 DÍAS,22.0,21.0,1.0,47.81,48.0,48.0,24 MESES,OBRALRTALCA,41020310-OBRALRTALCA
41020264.0,MARMOLINA FUNCTIONAL GRAY CT-70R G.M (25 KG) 1 TINETA,BAJO NIVEL CRITICOY SIN ENTREGA LOS ÚLTIMOS 90 DÍAS,53.0,2.0,1.0,47.81,68.0,68.0,24 MESES,OBRALRTALCA,41020264-OBRALRTALCA
41020241.0,MARMOLINA GAUNTLET GRAY CT-70R G.M (25 KG) 1 TINETA,BAJO NIVEL CRITICOY SIN ENTREGA LOS ÚLTIMOS 90 DÍAS,51.0,2.0,1.0,79.97,76.0,76.0,24 MESES,OBRALRTALCA,41020241-OBRALRTALCA
1268623.0,MASILLA BASE JUNTA PRO VOLCAN 25 KG,BAJO NIVEL CRITICO Y PARA MÁS DE DOS SEMANAS,58.0,4.0,2.0,47.3,47.3,15.3,6 MESES,OBRALRTALCA,1268623-OBRALRTALCA
1192956.0,MASTERSEAL 550 30 KG 1 JUEGO,BAJO NIVEL CRITICO Y PARA MÁS DE DOS SEMANAS,19.0,8.0,8.0,13.75,13.75,13.75,24 MESES,OBRALRTALCA,1192956-OBRALRTALCA
1271494.0,MEDIA CA?A PINO FINGER MC-7 UN,BAJO NIVEL CRITICOY SIN ENTREGA LOS ÚLTIMOS 90 DÍAS,0.0,,,,,,,OBRALRTALCA,1271494-OBRALRTALCA
1179348.0,"MEDIDOR AGUA POTABLE 1""  1 UN ",BAJO NIVEL CRITICO Y PARA MÁS DE DOS SEMANAS,6.000000190734863,2.0,1.0,17.0,17.0,17.0,12 MESES,OBRALRTALCA,1179348-OBRALRTALCA
41020340.0,MOLDURA NOMASTYL 30 X 20 LX28 1 ML,SOBRE NIVEL CRÍTICOY SIN ENTREGA LOS ÚLTIMOS 90 DÍAS,1680.0,2.0,,,,,,OBRALRTALCA,41020340-OBRALRTALCA
41020337.0,MONOMANDO DUCHA AC. INOX SATINADO VERMONT 1 UN,BAJO NIVEL CRITICO Y PARA MÁS DE DOS SEMANAS,4.0,1.0,1.0,17.0,17.0,17.0,,OBRALRTALCA,41020337-OBRALRTALCA
41020335.0,MONOMANDO LAVAPLATO AC. INOX SATINADO VERMONT 1 UN,BAJO NIVEL CRITICO Y PARA MÁS DE DOS SEMANAS,4.0,1.0,1.0,17.0,17.0,17.0,,OBRALRTALCA,41020335-OBRALRTALCA
41020334.0,MONOMANDO LAVATORIO AC. INOX SATINADO VERMONT 1 UN,BAJO NIVEL CRITICO Y PARA MÁS DE DOS SEMANAS,28.0,1.0,1.0,68.0,68.0,68.0,,OBRALRTALCA,41020334-OBRALRTALCA
41020336.0,MONOMANDO TINA-DUCHA AC. INOX SATINADO VERMONT 1 UN,BAJO NIVEL CRITICO Y PARA MÁS DE DOS SEMANAS,20.0,1.0,1.0,34.0,34.0,34.0,,OBRALRTALCA,41020336-OBRALRTALCA
1274812.0,MORTERO BASE COAT 20 KG 1 SACO,BAJO NIVEL CRITICOY SIN ENTREGA LOS ÚLTIMOS 90 DÍAS,0.0,8.0,8.0,68.0,36.0,36.0,12 MESES,OBRALRTALCA,1274812-OBRALRTALCA
41020232.0,MORTERO PRESEC 196 25 KG,SOBRE NIVEL CRÍTICO Y PARA MÁS DE DOS SEMANAS,162.0,3.0,1.0,113.66,198.0,198.0,6 MESES,OBRALRTALCA,41020232-OBRALRTALCA
41020234.0,MUEBLE BALI CON VANITORIO 1 UN,BAJO NIVEL CRITICO Y PARA MENOS DE DOS SEMANAS,0.0,1.0,1.0,68.0,17.0,17.0,,OBRALRTALCA,41020234-OBRALRTALCA
41020404.0,NARIZ DE GRADA PVC TIPO WALNUT 25X50X2400 MM 1 TIRA,BAJO NIVEL CRITICO Y PARA MÁS DE DOS SEMANAS,53.0,2.0,1.0,238.0,94.0,94.0,,OBRALRTALCA,41020404-OBRALRTALCA
1183136.0,PAPEL FIELTRO 10/40 1 ROLLO,BAJO NIVEL CRITICO Y PARA MÁS DE DOS SEMANAS,21.0,7.0,6.0,25.0,25.0,25.0,,OBRALRTALCA,1183136-OBRALRTALCA
1299451.0,PASTA MURO (25 KG) 1 TINETA,BAJO NIVEL CRITICO Y PARA MÁS DE DOS SEMANAS,6.0,2.0,1.0,69.1,69.0,69.0,12 MESES,OBRALRTALCA,1299451-OBRALRTALCA
1191662.0,PEDESTAL UNIVERSAL 1 UN,BAJO NIVEL CRITICO Y PARA MÁS DE DOS SEMANAS,8.0,1.0,1.0,68.0,17.0,17.0,,OBRALRTALCA,1191662-OBRALRTALCA
1194020.0,"PERFIL C METALCON 60 X 38 X 8 X 0,85 MM X 6,0 MTS 60CA085",BAJO NIVEL CRITICO Y PARA MÁS DE DOS SEMANAS,5.0,1.0,1.0,17.0,17.0,17.0,,OBRALRTALCA,1194020-OBRALRTALCA
1194169.0,"PERFIL CANAL ECO 39 X 20 X 0,5 MM X 3,00 MTS",SOBRE NIVEL CRÍTICO Y PARA MÁS DE DOS SEMANAS,177.9999389648438,5.0,4.0,96.0,96.0,96.0,,OBRALRTALCA,1194169-OBRALRTALCA
1188033.0,"PERFIL CANAL NORMAL 61 X 20 X 0,5 MM X 3 MTS 1 UN",SOBRE NIVEL CRÍTICO Y PARA MÁS DE DOS SEMANAS,203.0,5.0,4.0,320.0,320.0,320.0,,OBRALRTALCA,1188033-OBRALRTALCA
1199752.0,"PERFIL MONTANTE ECO 38 X 38 X 0,5 MM X 2,4 MTS 1 TIRA",SOBRE NIVEL CRÍTICO Y PARA MÁS DE DOS SEMANAS,424.0,5.0,4.0,320.0,320.0,320.0,,OBRALRTALCA,1199752-OBRALRTALCA
1188025.0,"PERFIL MONTANTE NORMAL 60 X 38 X 0,5 MM X 2,4 MTS 1 UN",SOBRE NIVEL CRÍTICO Y PARA MÁS DE DOS SEMANAS,685.0,5.0,4.0,1040.0,1040.0,1040.0,,OBRALRTALCA,1188025-OBRALRTALCA
1193941.0,"PERFIL PORTANTE 40 R 40 X 18 X 10 X 0,5 MM X 3,00 MTS",BAJO NIVEL CRITICOY SIN ENTREGA LOS ÚLTIMOS 90 DÍAS,0.0,,,,,,,OBRALRTALCA,1193941-OBRALRTALCA
1198881.0,"PERFIL PORTANTE 40 R 40 X 18 X 10 X 0,5 MM X 6 MTS",BAJO NIVEL CRITICO Y PARA MÁS DE DOS SEMANAS,51.0,5.0,5.0,362.32,362.0,0.0,,OBRALRTALCA,1198881-OBRALRTALCA
41020332.0,PILASTRA PINO RECTA 13 X 30 X 2400 1 UN,SOBRE NIVEL CRÍTICO Y PARA MÁS DE DOS SEMANAS,346.0,2.0,1.0,391.0,510.0,510.0,,OBRALRTALCA,41020332-OBRALRTALCA
1193713.0,"PINO 2"" X 2"" X 3,20 MT IMPREGNADO",SOBRE NIVEL CRÍTICO Y PARA MÁS DE DOS SEMANAS,4299.0,7.0,7.0,1144.0,1144.0,1144.0,,OBRALRTALCA,1193713-OBRALRTALCA
41020267.0,PINTURA DE MADERA TERRA MADERVET 1 TIN,BAJO NIVEL CRITICO Y PARA MÁS DE DOS SEMANAS,5.6,4.0,1.0,2.55,2.55,2.55,24 MESES,OBRALRTALCA,41020267-OBRALRTALCA
41020321.0,PINTURA ESMALTE AL AGUA BACKDROP CP-70 1 TIN,,,,,,,,12 MESES,OBRALRTALCA,41020321-OBRALRTALCA
41020322.0,PINTURA ESMALTE AL AGUA FUNCTIONAL GRAY CP-70 1 TIN,,,,,,,,12 MESES,OBRALRTALCA,41020322-OBRALRTALCA
41020323.0,PINTURA ESMALTE AL AGUA PURE WHITE CP-70 1 TIN,,,,,,,,12 MESES,OBRALRTALCA,41020323-OBRALRTALCA
41020324.0,PINTURA ESMALTE AL AGUA SIMPLE WHITE CP-70 1 TIN,BAJO NIVEL CRITICOY SIN ENTREGA LOS ÚLTIMOS 90 DÍAS,4.0,1.0,,,,,12 MESES,OBRALRTALCA,41020324-OBRALRTALCA
1270379.0,PINTURA HOJALATANEGRO ACRIZINC  1 TIN,BAJO NIVEL CRITICOY SIN ENTREGA LOS ÚLTIMOS 90 DÍAS,7.999999976158142,11.0,3.0,2.64,1.0,1.0,60 MESES,OBRALRTALCA,1270379-OBRALRTALCA
41020253.0,PINTURA IMPERMEABILIZANTE SIKAWALL-416 ALPACA 1 TIN,BAJO NIVEL CRITICO Y PARA MÁS DE DOS SEMANAS,20.0,2.0,1.0,21.25,25.0,25.0,12 MESES,OBRALRTALCA,41020253-OBRALRTALCA
41020252.0,PINTURA IMPERMEABILIZANTE SIKAWALL-416 FUNCTIONAL GRAY 1 TIN,BAJO NIVEL CRITICO Y PARA MÁS DE DOS SEMANAS,42.0,2.0,1.0,26.7875,42.0,42.0,12 MESES,OBRALRTALCA,41020252-OBRALRTALCA
41020251.0,PINTURA IMPERMEABILIZANTE SIKAWALL-416 GAUNLET GRAY 1 TIN,BAJO NIVEL CRITICO Y PARA MÁS DE DOS SEMANAS,39.0,2.0,1.0,42.5,40.0,40.0,12 MESES,OBRALRTALCA,41020251-OBRALRTALCA
41020328.0,PINTURA LATEX ACRILICO BACKDROP CK-70 1 TIN,BAJO NIVEL CRITICO Y PARA MÁS DE DOS SEMANAS,9.0,1.0,1.0,80.41,24.0,24.0,12 MESES,OBRALRTALCA,41020328-OBRALRTALCA
41020327.0,PINTURA LATEX ACRILICO FUNCTIONAL GRAY CK-70 1 TIN,BAJO NIVEL CRITICO Y PARA MENOS DE DOS SEMANAS,0.0,1.0,1.0,80.41,6.0,6.0,12 MESES,OBRALRTALCA,41020327-OBRALRTALCA
41020325.0,PINTURA LATEX ACRILICO PURE WHITE CIELOLAT 1 TIN,BAJO NIVEL CRITICO Y PARA MÁS DE DOS SEMANAS,6.0,2.0,1.0,47.18,32.0,32.0,12 MESES,OBRALRTALCA,41020325-OBRALRTALCA
41020326.0,PINTURA LATEX ACRILICO SIMPLE WHITE CIELOLAT 1 TIN,BAJO NIVEL CRITICO Y PARA MÁS DE DOS SEMANAS,19.5,1.0,1.0,80.41,64.0,64.0,12 MESES,OBRALRTALCA,41020326-OBRALRTALCA
1188105.0,PLANCHA FIBROCEMENTO 4 MM VOLCAN 1 PLANCHA,BAJO NIVEL CRITICO Y PARA MÁS DE DOS SEMANAS,91.0,5.0,4.0,148.0,58.0,58.0,,OBRALRTALCA,1188105-OBRALRTALCA
1259305.0,"PLANCHA OSB PROTEC 11,1 MM X 2,4 4 X 1,22 MTS LP 1 UN",SOBRE NIVEL CRÍTICO Y PARA MÁS DE DOS SEMANAS,763.0,8.0,7.0,385.0,385.0,385.0,,OBRALRTALCA,1259305-OBRALRTALCA
1182758.0,"PLANCHA YESO-CARTON RH 12,5 MM 1,20 X 2,40 VOLCAN 1 PLANCHA",SOBRE NIVEL CRÍTICO Y PARA MÁS DE DOS SEMANAS,235.0,3.0,2.0,182.43,182.0,132.0,,OBRALRTALCA,1182758-OBRALRTALCA
1179698.0,"PLANCHA YESO-CARTON ST 10 MM 1,20 X 2,40 VOLCAN 1 PLANCHA",SOBRE NIVEL CRÍTICO Y PARA MÁS DE DOS SEMANAS,853.995361328125,3.0,2.0,880.3,880.0,880.0,,OBRALRTALCA,1179698-OBRALRTALCA
1278928.0,POLIESTIRENO EXP. 30 MM (20KG/ M3) 1 PLANCHA,BAJO NIVEL CRITICO Y PARA MÁS DE DOS SEMANAS,95.0,7.0,7.0,165.0,165.0,160.0,,OBRALRTALCA,1278928-OBRALRTALCA
1278936.0,POLIESTIRENO EXP. 60 MM (20KG/ M3) 1 PLANCHA,SOBRE NIVEL CRÍTICO Y PARA MÁS DE DOS SEMANAS,149.9996032714844,5.0,5.0,130.0,130.0,130.0,,OBRALRTALCA,1278936-OBRALRTALCA
1278952.0,POLIESTIRENO EXP. 80 MM (20KG/ M3) 1 PLANCHA,BAJO NIVEL CRITICO Y PARA MÁS DE DOS SEMANAS,100.0,5.0,5.0,13.0,65.0,60.0,,OBRALRTALCA,1278952-OBRALRTALCA
41020260.0,PORCELANATO GRES KLASSIC LIGHT GREY MATEE 60 X 60 1M2,BAJO NIVEL CRITICO Y PARA MÁS DE DOS SEMANAS,24.11999954223633,2.0,1.0,978.54,28.8,28.8,,OBRALRTALCA,41020260-OBRALRTALCA
41020259.0,PORCELANATO GRES VITTORIA GREIGE MATE 60 X 60 1M2,,,,,,,,,OBRALRTALCA,41020259-OBRALRTALCA
41020250.0,PORCELANATO GRES YORK WALNUT 20 X 120 1 M2,,,,,,,,,OBRALRTALCA,41020250-OBRALRTALCA
41020249.0,PORCELANATO GRES YORK WALNUT 30 X 60 1 M2,SOBRE NIVEL CRÍTICO Y PARA MÁS DE DOS SEMANAS,1367.999970703125,4.0,2.0,728.31,727.2,727.2,,OBRALRTALCA,41020249-OBRALRTALCA
1191945.0,PROMOTOR DE ADHERENCIA TECNO BOND  20 KG 1 TIN,BAJO NIVEL CRITICO Y PARA MENOS DE DOS SEMANAS,2.551078795987038e-07,2.0,1.0,4.53,9.07,9.07,12 MESES,OBRALRTALCA,1191945-OBRALRTALCA
41020284.0,PROTECTOR DE MADERA GRIS CUARZO CERESTAIN 1 GAL,BAJO NIVEL CRITICOY SIN ENTREGA LOS ÚLTIMOS 90 DÍAS,15.0,1.0,1.0,17.85,17.0,17.0,24 MESES,OBRALRTALCA,41020284-OBRALRTALCA
1192112.0,"PUERTA HDF PRESTIGE 0,65 X 2 M T INTERIOR 1 UN",BAJO NIVEL CRITICOY SIN ENTREGA LOS ÚLTIMOS 90 DÍAS,0.0,7.0,7.0,13.0,13.0,13.0,,OBRALRTALCA,1192112-OBRALRTALCA
1192121.0,"PUERTA HDF PRESTIGE 0,70 X 2 M T INTERIOR 1 UN",BAJO NIVEL CRITICOY SIN ENTREGA LOS ÚLTIMOS 90 DÍAS,0.0,7.0,7.0,78.0,78.0,78.0,,OBRALRTALCA,1192121-OBRALRTALCA
1192139.0,"PUERTA HDF PRESTIGE 0,75 X 2 M T INTERIOR 1 UN",BAJO NIVEL CRITICOY SIN ENTREGA LOS ÚLTIMOS 90 DÍAS,0.0,7.0,7.0,13.0,13.0,13.0,,OBRALRTALCA,1192139-OBRALRTALCA
1275428.0,"PUERTA MDF HR PREP CAPRI III C/POLIEST Y DOBLE CELOSIA 0,70 X 2,00 MT 1 UN",BAJO NIVEL CRITICOY SIN ENTREGA LOS ÚLTIMOS 90 DÍAS,0.0,4.0,4.0,7.0,7.0,7.0,,OBRALRTALCA,1275428-OBRALRTALCA
1243995.0,"PUERTA MDF INTERIOR PREPINTADA 2V+5H 0,65 X 2,00 MT 1 UN",BAJO NIVEL CRITICO Y PARA MÁS DE DOS SEMANAS,14.0,2.0,1.0,17.0,17.0,17.0,,OBRALRTALCA,1243995-OBRALRTALCA
1244015.0,"PUERTA MDF INTERIOR PREPINTADA 2V+5H 0,70 X 2,00 MT 1 UN",BAJO NIVEL CRITICO Y PARA MÁS DE DOS SEMANAS,85.0,2.0,1.0,68.0,69.0,69.0,,OBRALRTALCA,1244015-OBRALRTALCA
1244023.0,"PUERTA MDF INTERIOR PREPINTADA 2V+5H 0,75 X 2,00 MT 1 UN",BAJO NIVEL CRITICOY SIN ENTREGA LOS ÚLTIMOS 90 DÍAS,-15.0,11.0,11.0,33.0,33.0,33.0,,OBRALRTALCA,1244023-OBRALRTALCA
41020302.0,"PUERTA MDF INTERIOR PREPINTADA DOBLE HORA 5 LUCES 1,20 X 2 MT1 UN",BAJO NIVEL CRITICO Y PARA MENOS DE DOS SEMANAS,0.0,1.0,1.0,17.0,17.0,17.0,,OBRALRTALCA,41020302-OBRALRTALCA
1243987.0,"PUERTA MDF PREP. AMPARO 0,60 X 2,00 MT",BAJO NIVEL CRITICO Y PARA MENOS DE DOS SEMANAS,1.0,1.0,1.0,17.0,18.0,18.0,,OBRALRTALCA,1243987-OBRALRTALCA
1279517.0,"PUERTA TOSCANA ESTILO NATURAL 0,85 X 2,00 MT 1 UN",BAJO NIVEL CRITICO Y PARA MENOS DE DOS SEMANAS,0.0,1.0,1.0,17.0,17.0,17.0,,OBRALRTALCA,1279517-OBRALRTALCA
1280551.0,"PUERTA TOSCANA ESTILO RUSTICO 0,85 X 2,00 MT 1 UN",BAJO NIVEL CRITICOY SIN ENTREGA LOS ÚLTIMOS 90 DÍAS,0.0,2.0,,,,,,OBRALRTALCA,1280551-OBRALRTALCA
41020368.0,"PUERTA TOSCANA SIN NUDOS 0,85 X 2,00 MT 1 UN",,,,,,,,,OBRALRTALCA,41020368-OBRALRTALCA
1196623.0,"RECEPTACULO 0,70 X 0,70 MT 1 UN",BAJO NIVEL CRITICO Y PARA MENOS DE DOS SEMANAS,0.0,1.0,1.0,17.0,17.0,17.0,,OBRALRTALCA,1196623-OBRALRTALCA
1187241.0,REGULADOR P/GAS 45KG RI 11100 1 UN,BAJO NIVEL CRITICO Y PARA MÁS DE DOS SEMANAS,45.0,3.0,11.0,11.0,11.0,11.0,,OBRALRTALCA,1187241-OBRALRTALCA
1177810.0,RODILLO CHIPORRO 18 CM 1 UN,BAJO NIVEL CRITICO Y PARA MÁS DE DOS SEMANAS,16.0,2.0,2.0,53.89,53.0,53.0,,OBRALRTALCA,1177810-OBRALRTALCA
1183128.0,"SIFON BOTELLA 1 1/4"" SALIDA CURVA 1 UN",BAJO NIVEL CRITICO Y PARA MÁS DE DOS SEMANAS,7.0,1.0,1.0,68.0,17.0,17.0,,OBRALRTALCA,1183128-OBRALRTALCA
1181317.0,"SIFON EMBELLE 1 1/4"" SALIDA RECTA 1 UN",BAJO NIVEL CRITICO Y PARA MÁS DE DOS SEMANAS,43.0,1.0,1.0,68.0,51.0,51.0,,OBRALRTALCA,1181317-OBRALRTALCA
1177887.0,"SIFON LOA LAVAPLATOS S/CURVA 1 1/2"" 1 UN",BAJO NIVEL CRITICO Y PARA MÁS DE DOS SEMANAS,12.0,1.0,1.0,34.0,17.0,17.0,,OBRALRTALCA,1177887-OBRALRTALCA
1279584.0,"SIKABOND MONTAJE 3,8 KG BALDES",BAJO NIVEL CRITICO Y PARA MENOS DE DOS SEMANAS,-3.0,3.0,2.0,37.81,37.81,36.0,12 MESES,OBRALRTALCA,1279584-OBRALRTALCA
1276771.0,SILICONA SANISIL TRANSPARENTE 1 UN,BAJO NIVEL CRITICO Y PARA MÁS DE DOS SEMANAS,11.0,3.0,11.0,8.25,9.0,9.0,24 MESES,OBRALRTALCA,1276771-OBRALRTALCA
1199517.0,SOBREPASO PP-R 20 MM 1 UN,CERCA DE NIVEL CRITICO Y PARA MÁS DE DOS SEMANAS,149.0,7.0,3.0,33.0,33.0,33.0,,OBRALRTALCA,1199517-OBRALRTALCA
1199525.0,SOBREPASO PP-R 25 MM 1 UN,CERCA DE NIVEL CRITICO Y PARA MÁS DE DOS SEMANAS,165.0,7.0,4.0,48.0,48.0,48.0,,OBRALRTALCA,1199525-OBRALRTALCA
41020405.0,TABLON FLEXIBLE LVT TIPO WALNUT 3MM 1 M2,,,,,,,,,OBRALRTALCA,41020405-OBRALRTALCA
1187751.0,"TAPACAN SMARTSIDE TRIM 7 1/4"" LP 1 UN",CERCA DE NIVEL CRITICO Y PARA MÁS DE DOS SEMANAS,167.0,5.0,5.0,147.42,147.07,91.07,,OBRALRTALCA,1187751-OBRALRTALCA
1248032.0,"TAPON PP-R 1/2"" HE 1 UN",SOBRE NIVEL CRÍTICO Y PARA MÁS DE DOS SEMANAS,206.0,7.0,2.0,28.0,84.0,84.0,,OBRALRTALCA,1248032-OBRALRTALCA
1248041.0,"TAPON PP-R 1/2"" HI 1 UN",SOBRE NIVEL CRÍTICO Y PARA MÁS DE DOS SEMANAS,553.0,7.0,2.0,28.0,28.0,28.0,,OBRALRTALCA,1248041-OBRALRTALCA
12736330.0,TEE PEX 20 MM,,,7.0,7.0,13.0,13.0,0.0,,OBRALRTALCA,12736330-OBRALRTALCA
1204515.0,TEE PP-R 25 MM 1 UN,SOBRE NIVEL CRÍTICO Y PARA MÁS DE DOS SEMANAS,190.0,8.0,8.0,44.0,44.0,44.0,,OBRALRTALCA,1204515-OBRALRTALCA
1252971.0,TEE PP-R 32 MM 1 UN,BAJO NIVEL CRITICO Y PARA MÁS DE DOS SEMANAS,7.0,8.0,8.0,11.0,11.0,11.0,,OBRALRTALCA,1252971-OBRALRTALCA
12736410.0,TEE PRUEBA PEX 20 X 1/2 HI X20,,,7.0,7.0,13.0,13.0,0.0,,OBRALRTALCA,12736410-OBRALRTALCA
1248788.0,TEE RED 40 X 25 X 32 PP-R 1 UN,BAJO NIVEL CRITICOY SIN ENTREGA LOS ÚLTIMOS 90 DÍAS,5.0,1.0,1.0,17.0,17.0,17.0,,OBRALRTALCA,1248788-OBRALRTALCA
1190336.0,TEE RED PP-R 32 X 20 X 32 MM ,BAJO NIVEL CRITICOY SIN ENTREGA LOS ÚLTIMOS 90 DÍAS,5.0,1.0,1.0,34.0,34.0,34.0,,OBRALRTALCA,1190336-OBRALRTALCA
1247110.0,TEE RED.20 X 25 X 20 PP-R 1 UN,SOBRE NIVEL CRÍTICO Y PARA MÁS DE DOS SEMANAS,238.0,8.0,3.0,33.0,33.0,33.0,,OBRALRTALCA,1247110-OBRALRTALCA
1247128.0,TEE RED.25 X 20 X 20 PP-R 1 UN,SOBRE NIVEL CRÍTICO Y PARA MÁS DE DOS SEMANAS,209.0,8.0,8.0,44.0,44.0,44.0,,OBRALRTALCA,1247128-OBRALRTALCA
1190299.0,TEE RED.25 X 20 X 25 PP-R 1 UN,BAJO NIVEL CRITICO Y PARA MÁS DE DOS SEMANAS,157.0,8.0,7.0,22.0,22.0,22.0,,OBRALRTALCA,1190299-OBRALRTALCA
1247144.0,TEE RED.25 X 25 X 20 PP-R 1 UN,SOBRE NIVEL CRÍTICO Y PARA MÁS DE DOS SEMANAS,294.0,8.0,3.0,22.0,22.0,22.0,,OBRALRTALCA,1247144-OBRALRTALCA
1255355.0,TEE RED.32 X 25 X 20 PP-R 1 UN,BAJO NIVEL CRITICOY SIN ENTREGA LOS ÚLTIMOS 90 DÍAS,7.0,,,,,,,OBRALRTALCA,1255355-OBRALRTALCA
1247161.0,TEE RED.32 X 25 X 25 PP-R 1 UN,BAJO NIVEL CRITICO Y PARA MÁS DE DOS SEMANAS,34.0,8.0,8.0,11.0,11.0,11.0,,OBRALRTALCA,1247161-OBRALRTALCA
1255566.0,TEE RED.32 X 25 X 32 PP-R 1 UN,BAJO NIVEL CRITICOY SIN ENTREGA LOS ÚLTIMOS 90 DÍAS,31.0,11.0,9.0,16.0,16.0,16.0,,OBRALRTALCA,1255566-OBRALRTALCA
1290142.0,TEJA ASFALTICA OAKRIDGE BROWNWOOD CAFE M2,BAJO NIVEL CRITICOY SIN ENTREGA LOS ÚLTIMOS 90 DÍAS,24.79999999999995,1.0,1.0,2111.77,2294.7,2294.7,,OBRALRTALCA,1290142-OBRALRTALCA
1290151.0,TEJA ASFALTICA SUPREME BROWNWOOD CAFE M2,SOBRE NIVEL CRÍTICO Y PARA MÁS DE DOS SEMANAS,2659.740009155274,8.0,6.0,1023.03,1023.0,1023.0,,OBRALRTALCA,1290151-OBRALRTALCA
1272374.0,TERMINAL PEX 20 X 1/2 HE,,,7.0,7.0,13.0,13.0,0.0,,OBRALRTALCA,1272374-OBRALRTALCA
1208006.0,TERMINAL PP-R 20 X 1/2 HI 1 UN,BAJO NIVEL CRITICO Y PARA MÁS DE DOS SEMANAS,160.0,4.0,2.0,70.0,70.0,70.0,,OBRALRTALCA,1208006-OBRALRTALCA
1252074.0,"TERMINAL PP-R 20 X 1/2"" HE 1 UN",CERCA DE NIVEL CRITICO Y PARA MÁS DE DOS SEMANAS,188.0,8.0,2.0,98.0,98.0,98.0,,OBRALRTALCA,1252074-OBRALRTALCA
1258273.0,"TERMINAL PP-R 25 X 1/2"" HI 1 UN",BAJO NIVEL CRITICOY SIN ENTREGA LOS ÚLTIMOS 90 DÍAS,0.0,,,,,,,OBRALRTALCA,1258273-OBRALRTALCA
1252980.0,"TERMINAL PP-R 32 X 1"" HE 1 UN",BAJO NIVEL CRITICO Y PARA MÁS DE DOS SEMANAS,62.0,8.0,1.0,17.0,17.0,17.0,,OBRALRTALCA,1252980-OBRALRTALCA
1254361.0,TERMOPLAC STRATO WEBER 1 SACO,SOBRE NIVEL CRÍTICO Y PARA MÁS DE DOS SEMANAS,236.994997253418,21.0,6.0,230.45,17.08,17.08000000000001,12 MESES,OBRALRTALCA,1254361-OBRALRTALCA
1180331.0,"TINA 1,20 X 0,70 MTS BLANCA ES MALTADA SENSI DACQUA 1 UN",BAJO NIVEL CRITICOY SIN ENTREGA LOS ÚLTIMOS 90 DÍAS,14.0,2.0,2.0,14.0,14.0,0.0,,OBRALRTALCA,1180331-OBRALRTALCA
1195217.0,"TINA 1,40 X 0,70 MTS BLANCA ES MALTADA SENSI DACQUA 1 UN",BAJO NIVEL CRITICO Y PARA MENOS DE DOS SEMANAS,0.0,1.0,1.0,17.0,18.0,17.0,,OBRALRTALCA,1195217-OBRALRTALCA
41020531.0,"TINA 1,50 X 0,70 MTS BLANCA ES MALTADA SENSI DACQUA 1 UN",BAJO NIVEL CRITICOY SIN ENTREGA LOS ÚLTIMOS 90 DÍAS,14.0,2.0,,,,,,OBRALRTALCA,41020531-OBRALRTALCA
1191371.0,"TINA 1,70 X 0,70 MTS ACERO ESMALTADA SENSI DACQUA 1 UN",BAJO NIVEL CRITICO Y PARA MENOS DE DOS SEMANAS,0.0,1.0,1.0,17.0,17.0,17.0,,OBRALRTALCA,1191371-OBRALRTALCA
41020406.0,TOPE DE PUERTA MEDIALUNA NEGRO 1 UN,,,,,,,,,OBRALRTALCA,41020406-OBRALRTALCA
12736090.0,TUBERIA PEX 20 MM 1 MT,,,7.0,7.0,132.6,132.6,0.0,,OBRALRTALCA,12736090-OBRALRTALCA
1205850.0,TUBERIA PP-R 20 MM PN-16 1 ML,BAJO NIVEL CRITICO Y PARA MENOS DE DOS SEMANAS,45.0,8.0,8.0,225.5,222.0,222.0,,OBRALRTALCA,1205850-OBRALRTALCA
1205868.0,TUBERIA PP-R 25 MM PN-16 1 ML,SOBRE NIVEL CRÍTICO Y PARA MÁS DE DOS SEMANAS,378.9999877929687,8.0,8.0,310.2,308.0,308.0,,OBRALRTALCA,1205868-OBRALRTALCA
1205876.0,TUBERIA PP-R 32 MM PN-16 1 ML,SOBRE NIVEL CRÍTICO Y PARA MÁS DE DOS SEMANAS,312.0,8.0,8.0,132.0,132.0,132.0,,OBRALRTALCA,1205876-OBRALRTALCA
1245991.0,TUBERIA PP-R 40 MM PN-16 1 ML,SOBRE NIVEL CRÍTICO Y PARA MÁS DE DOS SEMANAS,253.0,11.0,11.0,143.0,143.0,143.0,,OBRALRTALCA,1245991-OBRALRTALCA
12800240.0,"VALVULA EXCESO FLUJO 3/4""1UN ",,,7.0,7.0,13.0,13.0,0.0,,OBRALRTALCA,12800240-OBRALRTALCA
1275065.0,"VENTILACION PASIVA 4"" 1 UN",BAJO NIVEL CRITICO Y PARA MÁS DE DOS SEMANAS,132.0,3.0,1.0,85.0,85.0,85.0,,OBRALRTALCA,1275065-OBRALRTALCA
1277466.0,VOLCAFIX ADHESIVO VOLCAPOL 25 KG,BAJO NIVEL CRITICO Y PARA MENOS DE DOS SEMANAS,-2.0,3.0,2.0,179.62,156.0,156.0,6 MESES,OBRALRTALCA,1277466-OBRALRTALCA
1274206.0,"VOLCAPOL RH 52,5 MM 1,20 X 2,40 VOLCAN 1 PLANCHA",BAJO NIVEL CRITICO Y PARA MÁS DE DOS SEMANAS,170.0,3.0,1.0,187.0,187.0,187.0,,OBRALRTALCA,1274206-OBRALRTALCA
1267250.0,"VOLCAPOL ST 50 MM 1,20 X 2,40 VOLCAN 1 PLANCHA",CERCA DE NIVEL CRITICO Y PARA MÁS DE DOS SEMANAS,206.0,3.0,3.0,440.0,440.0,186.0,,OBRALRTALCA,1267250-OBRALRTALCA
41020430.0,WC ARES DESCARGA DUAL 1 UN,BAJO NIVEL CRITICOY SIN ENTREGA LOS ÚLTIMOS 90 DÍAS,42.0,2.0,,,,,,OBRALRTALCA,41020430-OBRALRTALCA
41020423.0,WC EBEN-R DESCARGA DUAL 1 UN,,,,,,,,,OBRALRTALCA,41020423-OBRALRTALCA
41020433.0,WC LOFTY DESCARGA DUAL 1 UN,,,,,,,,,OBRALRTALCA,41020433-OBRALRTALCA
1269909.0,ADHESIVO CERAMICO EN PASTA AC  25 KG 1 TIN,SOBRE NIVEL CRÍTICO Y PARA MÁS DE DOS SEMANAS,93.0,22.0,21.0,78.87,78.5,78.5,9 MESES ,OBRAPUCHILLAN,1269909-OBRAPUCHILLAN
1177641.0,ADHESIVO CERAMICO POLVO ULTRA 25 KG 1 SACO,SOBRE NIVEL CRÍTICO Y PARA MÁS DE DOS SEMANAS,83.00000076293945,22.0,21.0,60.29,60.29000000000001,60.29,6 MESES,OBRAPUCHILLAN,1177641-OBRAPUCHILLAN
1199189.0,ADHESIVO D.A. EN POLVO MAX 310 CADINA 25 KG 1 SACO,SOBRE NIVEL CRÍTICO Y PARA MÁS DE DOS SEMANAS,143.0,22.0,20.0,132.64,132.64,132.64,6 MESES,OBRAPUCHILLAN,1199189-OBRAPUCHILLAN
1200856.0,"ADHESIVO DE CONTACTO FLEX 125 3,8 LTS 1 GAL",,,,,,,,24 MESES,OBRAPUCHILLAN,1200856-OBRAPUCHILLAN
41020304.0,ADHESIVO PORCELANATO EN POLVO SIKACERAM 200 FLEX 25 KG 1 SACO,,,,,,,,6 MESES,OBRAPUCHILLAN,41020304-OBRAPUCHILLAN
1196455.0,ADHESIVO SILICONABLANCO SANISIL 280 ML 1 UN,SOBRE NIVEL CRÍTICO Y PARA MÁS DE DOS SEMANAS,43.0,22.0,20.0,16.0,24.25,24.25,24 MESES,OBRAPUCHILLAN,1196455-OBRAPUCHILLAN
1177650.0,ADHESIVOBLANCO SIKACRYL+ PINTABLE 300 ML 1 UN,SOBRE NIVEL CRÍTICO Y PARA MÁS DE DOS SEMANAS,35.0,22.0,20.0,80.0,80.0,80.0,24 MESES,OBRAPUCHILLAN,1177650-OBRAPUCHILLAN
1296237.0,AIRE ACONDICIONADO 12000 BTU 1 UN,SOBRE NIVEL CRÍTICO Y PARA MÁS DE DOS SEMANAS,14.0,19.0,18.0,12.0,12.0,12.0,,OBRAPUCHILLAN,1296237-OBRAPUCHILLAN
1276050.0,ALFOMBRAPEUMO PIGALLE MOROCCO 850 GRS 1 M2,SOBRE NIVEL CRÍTICO Y PARA MÁS DE DOS SEMANAS,543.9999621582031,22.0,20.0,476.0,476.0,476.0,,OBRAPUCHILLAN,1276050-OBRAPUCHILLAN
1177895.0,ANTICORROSIVO NEGRO 1 GAL,SOBRE NIVEL CRÍTICO Y PARA MÁS DE DOS SEMANAS,14.0,21.0,21.0,2.97,2.97,2.969999999999999,12 MESES,OBRAPUCHILLAN,1177895-OBRAPUCHILLAN
1192155.0,"BISAGRA 3 1/2"" X 3 1/2"" CROMO SATIN 1 UN",SOBRE NIVEL CRÍTICO Y PARA MÁS DE DOS SEMANAS,53.0,22.0,20.0,24.0,24.0,24.0,,OBRAPUCHILLAN,1192155-OBRAPUCHILLAN
1192147.0,"BISAGRA 3"" X 3"" CROMO SATIN 1 UN",SOBRE NIVEL CRÍTICO Y PARA MÁS DE DOS SEMANAS,673.0,22.0,20.0,336.0,336.0,336.0,,OBRAPUCHILLAN,1192147-OBRAPUCHILLAN
1178193.0,"BROCHA 2"" 1 UN",SOBRE NIVEL CRÍTICO Y PARA MÁS DE DOS SEMANAS,20.0,22.0,21.0,39.02,48.65,48.65,,OBRAPUCHILLAN,1178193-OBRAPUCHILLAN
1179508.0,"BROCHA 4"" 1 UN",SOBRE NIVEL CRÍTICO Y PARA MÁS DE DOS SEMANAS,19.0,22.0,22.0,21.0,21.0,21.0,,OBRAPUCHILLAN,1179508-OBRAPUCHILLAN
1274572.0,BURLETE BAJO PUERTA 1 UN,SOBRE NIVEL CRÍTICO Y PARA MÁS DE DOS SEMANAS,58.0,1.0,22.0,12.0,12.0,0.0,,OBRAPUCHILLAN,1274572-OBRAPUCHILLAN
1274564.0,BURLETE MARCO PUERTA 1 MT,SOBRE NIVEL CRÍTICOY SIN ENTREGA LOS ÚLTIMOS 90 DÍAS,234.0,21.0,18.0,30.0,30.0,30.0,,OBRAPUCHILLAN,1274564-OBRAPUCHILLAN
1208161.0,CALEFON TIRO FORZADO G.N. 13 LTS C/KIT C/FLEX 1 UN,BAJO NIVEL CRITICOY SIN ENTREGA LOS ÚLTIMOS 90 DÍAS,0.0,19.0,19.0,7.0,7.0,7.0,,OBRAPUCHILLAN,1208161-OBRAPUCHILLAN
1291452.0,CALEFON TIRO NATURAL G.N. 11 LTS C/FLEX 1 UN,CERCA DE NIVEL CRITICO Y PARA MÁS DE DOS SEMANAS,18.0,21.0,20.0,16.0,16.0,16.0,,OBRAPUCHILLAN,1291452-OBRAPUCHILLAN
41020230.0,CAMPANA BAJO MUEBLE 1 UN,,,,,,,,,OBRAPUCHILLAN,41020230-OBRAPUCHILLAN
1189722.0,CELOSIA 20 X 20 BLANCA 1 UN,SOBRE NIVEL CRÍTICO Y PARA MÁS DE DOS SEMANAS,75.0,22.0,20.0,24.0,40.0,40.0,,OBRAPUCHILLAN,1189722-OBRAPUCHILLAN
1178257.0,CELOSIA 30 X 30 BLANCA 1 UN,SOBRE NIVEL CRÍTICO Y PARA MÁS DE DOS SEMANAS,72.0,22.0,18.0,12.0,12.0,24.0,,OBRAPUCHILLAN,1178257-OBRAPUCHILLAN
1269790.0,CEMENTO AR SIDERURGICO BIO BIO 1 KG,SOBRE NIVEL CRÍTICO Y PARA MÁS DE DOS SEMANAS,219763.7190234375,1.0,1.0,8942.5,8941.5,8941.5,2 MESES,OBRAPUCHILLAN,1269790-OBRAPUCHILLAN
1295373.0,CERAMICA NEW BLANCA BRILL 25 X,SOBRE NIVEL CRÍTICO Y PARA MÁS DE DOS SEMANAS,434.3099938964843,22.0,21.0,481.66,481.66,481.66,,OBRAPUCHILLAN,1295373-OBRAPUCHILLAN
1287031.0,CERAMICAGRIS VICAR 45 X 45 1 M2,SOBRE NIVEL CRÍTICO Y PARA MÁS DE DOS SEMANAS,218.1699755859375,22.0,21.0,213.01,213.01,213.01,,OBRAPUCHILLAN,1287031-OBRAPUCHILLAN
1197351.0,CERRADURA MANILLA TOSCANA ACCESO  1 UN,BAJO NIVEL CRITICO Y PARA MÁS DE DOS SEMANAS,10.0,22.0,20.0,8.0,8.0,8.0,,OBRAPUCHILLAN,1197351-OBRAPUCHILLAN
1197335.0,CERRADURA MANILLA TOSCANA BANO  1 UN,SOBRE NIVEL CRÍTICO Y PARA MÁS DE DOS SEMANAS,49.0,22.0,20.0,32.0,32.0,32.0,,OBRAPUCHILLAN,1197335-OBRAPUCHILLAN
1197458.0,CERRADURA MANILLA TOSCANA COCINA EXT 1 UN COD 121772,BAJO NIVEL CRITICO Y PARA MÁS DE DOS SEMANAS,13.0,22.0,20.0,8.0,8.0,8.0,,OBRAPUCHILLAN,1197458-OBRAPUCHILLAN
1197343.0,CERRADURA MANILLA TOSCANA OFICINA DORM  1 UN,BAJO NIVEL CRITICO Y PARA MÁS DE DOS SEMANAS,24.0,22.0,20.0,16.0,16.0,16.0,,OBRAPUCHILLAN,1197343-OBRAPUCHILLAN
1197327.0,CERRADURA MANILLA TOSCANA SIMPLE PASO 1 UN COD 121775,SOBRE NIVEL CRÍTICO Y PARA MÁS DE DOS SEMANAS,72.0,22.0,20.0,48.0,48.0,48.0,,OBRAPUCHILLAN,1197327-OBRAPUCHILLAN
1184083.0,CERRADURA REJA 2985 CI-30 POLI 1 UN,BAJO NIVEL CRITICOY SIN ENTREGA LOS ÚLTIMOS 90 DÍAS,8.0,21.0,20.0,8.0,8.0,8.0,,OBRAPUCHILLAN,1184083-OBRAPUCHILLAN
1193959.0,"CIELO PERFIL AT 20 X 25 X 4 X 0,42 MM X 3,0 MTS",SOBRE NIVEL CRÍTICO Y PARA MÁS DE DOS SEMANAS,749.0,21.0,21.0,184.5,37.0,37.0,,OBRAPUCHILLAN,1193959-OBRAPUCHILLAN
1183013.0,CINTA AUTOADHESIVA P/JUNTURA 45 MTS 1 ROLLO,SOBRE NIVEL CRÍTICO Y PARA MÁS DE DOS SEMANAS,93.0,1.0,21.0,52.5,52.5,52.5,,OBRAPUCHILLAN,1183013-OBRAPUCHILLAN
1252390.0,"CODO PP-R DOBLE FIJACION TINA HI 20 X 1/2"" 1 UN",BAJO NIVEL CRITICOY SIN ENTREGA LOS ÚLTIMOS 90 DÍAS,20.0,2.0,2.0,30.0,30.0,0.0,,OBRAPUCHILLAN,1252390-OBRAPUCHILLAN
1247072.0,CODO PP-R 20 MM 1 UN,SOBRE NIVEL CRÍTICO Y PARA MÁS DE DOS SEMANAS,283.0,2.0,2.0,360.0,360.0,0.0,,OBRAPUCHILLAN,1247072-OBRAPUCHILLAN
1196076.0,"CODO PP-R 20 X 1/2"" HI 1 UN",CERCA DE NIVEL CRITICO Y PARA MÁS DE DOS SEMANAS,35.00000038146973,2.0,2.0,30.0,30.0,0.0,,OBRAPUCHILLAN,1196076-OBRAPUCHILLAN
1247081.0,CODO PP-R 25 MM 1 UN,SOBRE NIVEL CRÍTICO Y PARA MÁS DE DOS SEMANAS,266.0,2.0,2.0,315.0,315.0,0.0,,OBRAPUCHILLAN,1247081-OBRAPUCHILLAN
1205921.0,"CODO PP-R 25 X 1/2"" HE 1 UN",SOBRE NIVEL CRÍTICO Y PARA MÁS DE DOS SEMANAS,66.80000000000001,2.0,2.0,30.0,30.0,0.0,,OBRAPUCHILLAN,1205921-OBRAPUCHILLAN
1190230.0,CODO PP-R 32 MM 1 UN,SOBRE NIVEL CRÍTICO Y PARA MÁS DE DOS SEMANAS,133.6,2.0,2.0,45.0,45.0,0.0,,OBRAPUCHILLAN,1190230-OBRAPUCHILLAN
1252533.0,COPLA PP-R 25 MM 1 UN,BAJO NIVEL CRITICO Y PARA MENOS DE DOS SEMANAS,0.0,22.0,22.0,36.0,36.0,36.0,,OBRAPUCHILLAN,1252533-OBRAPUCHILLAN
1199592.0,COPLA PP-R 32 MM 1 UN,BAJO NIVEL CRITICOY SIN ENTREGA LOS ÚLTIMOS 90 DÍAS,18.0,2.0,2.0,15.0,15.0,0.0,,OBRAPUCHILLAN,1199592-OBRAPUCHILLAN
1248833.0,COPLA PP-R 40 MM 1 UN,BAJO NIVEL CRITICO Y PARA MÁS DE DOS SEMANAS,15.0,22.0,20.0,8.0,9.0,9.0,,OBRAPUCHILLAN,1248833-OBRAPUCHILLAN
1254871.0,COPLA PP-R 40 X 32 MM 1 UN,BAJO NIVEL CRITICO Y PARA MÁS DE DOS SEMANAS,15.0,22.0,20.0,8.0,8.5,8.5,,OBRAPUCHILLAN,1254871-OBRAPUCHILLAN
1190272.0,COPLA REDUC. PP-R 32 X 25 1 UN,SOBRE NIVEL CRÍTICO Y PARA MÁS DE DOS SEMANAS,93.0,2.0,2.0,15.0,15.0,0.0,,OBRAPUCHILLAN,1190272-OBRAPUCHILLAN
1181561.0,"DESAGUE LAVAPLATOS 1 1/2"" 1 U N",BAJO NIVEL CRITICOY SIN ENTREGA LOS ÚLTIMOS 90 DÍAS,0.0,9.0,9.0,16.0,16.0,16.0,,OBRAPUCHILLAN,1181561-OBRAPUCHILLAN
1256198.0,"DESAGUE LAVATORIO 1 1/4"" C/REB /REJ 1 UN",BAJO NIVEL CRITICO Y PARA MÁS DE DOS SEMANAS,19.0,21.0,20.0,32.0,32.0,32.0,,OBRAPUCHILLAN,1256198-OBRAPUCHILLAN
1177879.0,DESAGUE TINA/REBALSE/SIFON 1 UN,BAJO NIVEL CRITICO Y PARA MÁS DE DOS SEMANAS,24.0,21.0,21.0,27.0,18.0,18.0,,OBRAPUCHILLAN,1177879-OBRAPUCHILLAN
41020319.0,ENCIMERA GAS NATURAL 1 UN,,,,,,,,,OBRAPUCHILLAN,41020319-OBRAPUCHILLAN
1187161.0,"ESQUINEROS METALICO 30 X 30 X 2,40 MTS 1 UN",SOBRE NIVEL CRÍTICO Y PARA MÁS DE DOS SEMANAS,497.0,20.0,20.0,336.0,300.0,300.0,,OBRAPUCHILLAN,1187161-OBRAPUCHILLAN
1278303.0,ESTANQUE ARES  1 UN,BAJO NIVEL CRITICO Y PARA MÁS DE DOS SEMANAS,26.0,21.0,20.0,32.0,32.0,32.0,,OBRAPUCHILLAN,1278303-OBRAPUCHILLAN
1291188.0,EXTRACTOR RETON 100 BTH HIGRO 1 UN,BAJO NIVEL CRITICO Y PARA MÁS DE DOS SEMANAS,17.0,20.0,20.0,32.0,32.0,32.0,,OBRAPUCHILLAN,1291188-OBRAPUCHILLAN
1275997.0,FRAGUE CERAMICO GREY 1 KG ,SOBRE NIVEL CRÍTICO Y PARA MÁS DE DOS SEMANAS,140.0,22.0,20.0,71.46,71.0,71.0,12 MESES,OBRAPUCHILLAN,1275997-OBRAPUCHILLAN
1179524.0,FRAGUE CERAMICOBLANCO  1 KG 1 UN,SOBRE NIVEL CRÍTICO Y PARA MÁS DE DOS SEMANAS,168.9999992370605,22.0,21.0,183.21,183.15,183.15,12 MESES,OBRAPUCHILLAN,1179524-OBRAPUCHILLAN
1256340.0,FRAGUE CERAMICOCAPRI  1 KG 1 UN,SOBRE NIVEL CRÍTICO Y PARA MÁS DE DOS SEMANAS,350.0,22.0,18.0,104.71,100.0,100.0,12 MESES,OBRAPUCHILLAN,1256340-OBRAPUCHILLAN
1188877.0,GUARDAPOLVO CHAFLAN C/CANTERIA 13 X 65 MM X 3 ML 1 UN,SOBRE NIVEL CRÍTICO Y PARA MÁS DE DOS SEMANAS,274.0,22.0,21.0,198.0,198.0,198.0,,OBRAPUCHILLAN,1188877-OBRAPUCHILLAN
1195137.0,GUARDAPOLVO ENCHAPE MARA CLARA 20 X 90 MM X 2.44 MT G-50,BAJO NIVEL CRITICO Y PARA MENOS DE DOS SEMANAS,0.0,21.0,21.0,135.0,135.0,0.0,,OBRAPUCHILLAN,1195137-OBRAPUCHILLAN
41020341.0,GUARDAPOLVO MADERA RECTO LIJADO 13 X 80 X 2400 1 UN,,,,,,,,,OBRAPUCHILLAN,41020341-OBRAPUCHILLAN
1274302.0,HORNO ELECTRICO,,,,,,,,,OBRAPUCHILLAN,1274302-OBRAPUCHILLAN
1194492.0,LANA DE VIDRIO 140 MM VOLCAN 1 M2,SOBRE NIVEL CRÍTICO Y PARA MÁS DE DOS SEMANAS,553.0899755859375,22.0,21.0,584.17,584.17,584.17,,OBRAPUCHILLAN,1194492-OBRAPUCHILLAN
1295461.0,LATEX CIELOLAT BLANCO HUESO 1T,BAJO NIVEL CRITICO Y PARA MÁS DE DOS SEMANAS,26.0,21.0,21.0,41.4,40.7,40.7,12 MESES,OBRAPUCHILLAN,1295461-OBRAPUCHILLAN
1295470.0,LATEX CIELOLAT BLANCO INVIERNO,BAJO NIVEL CRITICO Y PARA MÁS DE DOS SEMANAS,9.0,21.0,21.0,26.55,26.3,26.3,12 MESES,OBRAPUCHILLAN,1295470-OBRAPUCHILLAN
1279357.0,LAVAMANOS CABURGA  1 UN,BAJO NIVEL CRITICO Y PARA MÁS DE DOS SEMANAS,13.0,22.0,22.0,6.0,6.0,4.0,,OBRAPUCHILLAN,1279357-OBRAPUCHILLAN
1195938.0,LAVAPLATO EMPOTRADO DOBLE COPA SECADOR DER 1235 X 435 1 UN,BAJO NIVEL CRITICO Y PARA MÁS DE DOS SEMANAS,10.0,22.0,20.0,4.0,6.0,6.0,,OBRAPUCHILLAN,1195938-OBRAPUCHILLAN
1195946.0,LAVAPLATO EMPOTRADO DOBLE COPA SECADOR IZQ 1235 X 435 1 UN,BAJO NIVEL CRITICO Y PARA MÁS DE DOS SEMANAS,6.0,22.0,20.0,4.0,2.0,2.0,,OBRAPUCHILLAN,1195946-OBRAPUCHILLAN
41020331.0,LAVAPLATO SOBREPONER ACERO INOX. 570 X 430 MM 1 UN,,,,,,,,,OBRAPUCHILLAN,41020331-OBRAPUCHILLAN
1203213.0,LLAVE PASO PP-R CAMPANA 20 MM CRM 1 UN,SOBRE NIVEL CRÍTICO Y PARA MÁS DE DOS SEMANAS,113.0,2.0,2.0,30.0,30.0,0.0,,OBRAPUCHILLAN,1203213-OBRAPUCHILLAN
1190344.0,LLAVE PASO PP-R CAMPANA 25 MM CRM 1 UN,SOBRE NIVEL CRÍTICO Y PARA MÁS DE DOS SEMANAS,97.0,2.0,2.0,120.0,120.0,0.0,,OBRAPUCHILLAN,1190344-OBRAPUCHILLAN
1270521.0,LOSATEX (25 KG) SOQUINA 1 TINETA,BAJO NIVEL CRITICO Y PARA MÁS DE DOS SEMANAS,13.0,20.0,20.0,6.88,6.0,6.0,12 MESES,OBRAPUCHILLAN,1270521-OBRAPUCHILLAN
1251346.0,MALLA DE FIBRA DE VIDRIO 153 GRS/M2 1 X 50 WEBER MTS 1 UN,BAJO NIVEL CRITICO Y PARA MÁS DE DOS SEMANAS,36.0,22.0,22.0,14.7,14.0,14.0,,OBRAPUCHILLAN,1251346-OBRAPUCHILLAN
41020411.0,MANILLON PUERTA RECTANGULAR ACERO INOX 11A 25X34X300 MM 1 UN,,,,,,,,,OBRAPUCHILLAN,41020411-OBRAPUCHILLAN
1279525.0,MARCO PUERTA L M26 1 UN,BAJO NIVEL CRITICO Y PARA MÁS DE DOS SEMANAS,2.0,20.0,20.0,8.0,8.0,8.0,,OBRAPUCHILLAN,1279525-OBRAPUCHILLAN
1182862.0,MARCO PUERTA MADERA 30 X 90 1 UN,BAJO NIVEL CRITICO Y PARA MÁS DE DOS SEMANAS,29.0,22.0,22.0,48.0,48.0,0.0,,OBRAPUCHILLAN,1182862-OBRAPUCHILLAN
1198645.0,MARCO PUERTA MADERA ENCHAPADO MARA CLARA 30 X 90  1 UN,BAJO NIVEL CRITICO Y PARA MÁS DE DOS SEMANAS,1.000001831054689,21.0,21.0,36.0,36.0,0.0,,OBRAPUCHILLAN,1198645-OBRAPUCHILLAN
1270432.0,MARMOLINA BEIGE CT-70R G.M. (25 KG) 1 TINETA,BAJO NIVEL CRITICO Y PARA MÁS DE DOS SEMANAS,22.0,20.0,20.0,13.54666666666667,16.0,16.0,24 MESES,OBRAPUCHILLAN,1270432-OBRAPUCHILLAN
1270459.0,MARMOLINA GRIS ARENA CT-70R G.M. (25 KG) 1 TINETA,BAJO NIVEL CRITICO Y PARA MÁS DE DOS SEMANAS,28.0,20.0,20.0,17.03666666666667,21.98,21.98,24 MESES,OBRAPUCHILLAN,1270459-OBRAPUCHILLAN
1270441.0,MARMOLINA MOSTAZA CT-70R G.M. (25 KG) 1 TINETA,BAJO NIVEL CRITICO Y PARA MÁS DE DOS SEMANAS,20.0,20.0,20.0,13.54666666666667,12.0,12.0,24 MESES,OBRAPUCHILLAN,1270441-OBRAPUCHILLAN
1268623.0,MASILLA BASE JUNTA PRO VOLCAN 25 KG,BAJO NIVEL CRITICO Y PARA MÁS DE DOS SEMANAS,22.0,20.0,20.0,27.97,19.14,19.14,6 MESES,OBRAPUCHILLAN,1268623-OBRAPUCHILLAN
1192956.0,MASTERSEAL 550 30 KG 1 JUEGO,BAJO NIVEL CRITICO Y PARA MÁS DE DOS SEMANAS,16.0,1.0,1.0,17.5,17.0,17.0,24 MESES,OBRAPUCHILLAN,1192956-OBRAPUCHILLAN
1179348.0,"MEDIDOR AGUA POTABLE 1""  1 UN ",BAJO NIVEL CRITICOY SIN ENTREGA LOS ÚLTIMOS 90 DÍAS,13.0,22.0,20.0,8.0,8.0,8.0,12 MESES,OBRAPUCHILLAN,1179348-OBRAPUCHILLAN
1288106.0,MOLDURA XPS 50X46 E7 1 ML,SOBRE NIVEL CRÍTICO Y PARA MÁS DE DOS SEMANAS,1313.0,21.0,20.0,1296.01,1296.0,1296.0,,OBRAPUCHILLAN,1288106-OBRAPUCHILLAN
1289504.0,MONOMANDO DUCHA AREZZO  1 UN,BAJO NIVEL CRITICO Y PARA MÁS DE DOS SEMANAS,11.0,21.0,20.0,8.0,8.0,8.0,,OBRAPUCHILLAN,1289504-OBRAPUCHILLAN
1289512.0,MONOMANDO LAVAPLATOS AREZZO,BAJO NIVEL CRITICO Y PARA MÁS DE DOS SEMANAS,6.0,21.0,20.0,8.0,8.0,8.0,,OBRAPUCHILLAN,1289512-OBRAPUCHILLAN
1289483.0,MONOMANDO LAVATORIO AREZZO  1 UN,BAJO NIVEL CRITICO Y PARA MÁS DE DOS SEMANAS,29.0,21.0,20.0,32.0,32.0,32.0,,OBRAPUCHILLAN,1289483-OBRAPUCHILLAN
1289491.0,MONOMANDO TINA-DUCHA AREZZO  1 UN,BAJO NIVEL CRITICO Y PARA MÁS DE DOS SEMANAS,21.0,21.0,20.0,16.0,16.0,16.0,,OBRAPUCHILLAN,1289491-OBRAPUCHILLAN
1274812.0,MORTERO BASE COAT 20 KG 1 SACO,BAJO NIVEL CRITICO Y PARA MÁS DE DOS SEMANAS,48.0,1.0,1.0,595.9,147.66,27.8,12 MESES,OBRAPUCHILLAN,1274812-OBRAPUCHILLAN
41020232.0,MORTERO PRESEC 196 25 KG,BAJO NIVEL CRITICO Y PARA MÁS DE DOS SEMANAS,67.0,1.0,20.0,52.91,52.91,52.91,6 MESES,OBRAPUCHILLAN,41020232-OBRAPUCHILLAN
41020234.0,MUEBLE BALI CON VANITORIO 1 UN,BAJO NIVEL CRITICO Y PARA MÁS DE DOS SEMANAS,16.0,22.0,20.0,48.0,9.0,9.0,,OBRAPUCHILLAN,41020234-OBRAPUCHILLAN
1191718.0,MUEBLE VANITORIO 1 UN,BAJO NIVEL CRITICOY SIN ENTREGA LOS ÚLTIMOS 90 DÍAS,3.0,19.0,19.0,7.0,14.0,14.0,,OBRAPUCHILLAN,1191718-OBRAPUCHILLAN
1299126.0,MUEBLE VANITORIO CORMORAN 1 UN,BAJO NIVEL CRITICO Y PARA MÁS DE DOS SEMANAS,4.0,21.0,21.0,18.0,18.0,0.0,,OBRAPUCHILLAN,1299126-OBRAPUCHILLAN
1275946.0,OLEO OPACO BLANCO INVIERNO CW057 SOQUINA 1 GAL,BAJO NIVEL CRITICO Y PARA MÁS DE DOS SEMANAS,14.0,21.0,21.0,18.0,18.2,16.2,,OBRAPUCHILLAN,1275946-OBRAPUCHILLAN
1183136.0,PAPEL FIELTRO 10/40 1 ROLLO,BAJO NIVEL CRITICO Y PARA MÁS DE DOS SEMANAS,61.99999847412109,1.0,21.0,57.61,57.79,57.79,,OBRAPUCHILLAN,1183136-OBRAPUCHILLAN
1206609.0,PASAMANOS RAULI 1 UN,BAJO NIVEL CRITICO Y PARA MENOS DE DOS SEMANAS,0.0,20.0,20.0,8.0,8.0,8.0,,OBRAPUCHILLAN,1206609-OBRAPUCHILLAN
1299451.0,PASTA MURO (25 KG) 1 TINETA,BAJO NIVEL CRITICO Y PARA MÁS DE DOS SEMANAS,34.0,19.0,19.0,21.22,21.0,21.0,12 MESES,OBRAPUCHILLAN,1299451-OBRAPUCHILLAN
1191662.0,PEDESTAL UNIVERSAL 1 UN,BAJO NIVEL CRITICO Y PARA MÁS DE DOS SEMANAS,19.0,22.0,20.0,5.333333333333333,8.0,8.0,,OBRAPUCHILLAN,1191662-OBRAPUCHILLAN
1201470.0,PEGAMENTO ALFOMBRA PATEL 18 LTS,BAJO NIVEL CRITICO Y PARA MÁS DE DOS SEMANAS,12.0,20.0,20.0,8.71,8.0,8.0,12 MESES,OBRAPUCHILLAN,1201470-OBRAPUCHILLAN
1193975.0,"PERFIL C METALCON 60 X 38 X 8 X 0,85 MM X 2,4 MTS 60 CA085",SOBRE NIVEL CRÍTICO Y PARA MÁS DE DOS SEMANAS,444.0,22.0,21.0,346.5,346.0,346.0,,OBRAPUCHILLAN,1193975-OBRAPUCHILLAN
1194020.0,"PERFIL C METALCON 60 X 38 X 8 X 0,85 MM X 6,0 MTS 60CA085",BAJO NIVEL CRITICO Y PARA MÁS DE DOS SEMANAS,85.0,22.0,21.0,27.0,27.0,27.0,,OBRAPUCHILLAN,1194020-OBRAPUCHILLAN
1194169.0,"PERFIL CANAL ECO 39 X 20 X 0,5 MM X 3,00 MTS",BAJO NIVEL CRITICOY SIN ENTREGA LOS ÚLTIMOS 90 DÍAS,42.0,19.0,19.0,29.4,29.0,29.0,,OBRAPUCHILLAN,1194169-OBRAPUCHILLAN
1188033.0,"PERFIL CANAL NORMAL 61 X 20 X 0,5 MM X 3 MTS 1 UN",SOBRE NIVEL CRÍTICO Y PARA MÁS DE DOS SEMANAS,332.01,22.0,21.0,247.5,247.0,247.0,,OBRAPUCHILLAN,1188033-OBRAPUCHILLAN
1199752.0,"PERFIL MONTANTE ECO 38 X 38 X 0,5 MM X 2,4 MTS 1 TIRA",BAJO NIVEL CRITICOY SIN ENTREGA LOS ÚLTIMOS 90 DÍAS,28.98,19.0,19.0,140.03,140.0,140.0,,OBRAPUCHILLAN,1199752-OBRAPUCHILLAN
1188025.0,"PERFIL MONTANTE NORMAL 60 X 38 X 0,5 MM X 2,4 MTS 1 UN",SOBRE NIVEL CRÍTICO Y PARA MÁS DE DOS SEMANAS,1039.0,22.0,21.0,733.5,733.0,733.0,,OBRAPUCHILLAN,1188025-OBRAPUCHILLAN
1193967.0,"PERFIL MONTANTE NORMAL 60 X 38 X 0,5 MM X 3,0 MTS 1 UN",SOBRE NIVEL CRÍTICOY SIN ENTREGA LOS ÚLTIMOS 90 DÍAS,334.0,19.0,19.0,126.0,126.0,126.0,,OBRAPUCHILLAN,1193967-OBRAPUCHILLAN
1193941.0,"PERFIL PORTANTE 40 R 40 X 18 X 10 X 0,5 MM X 3,00 MTS",BAJO NIVEL CRITICOY SIN ENTREGA LOS ÚLTIMOS 90 DÍAS,14.0,21.0,4.0,9.0,9.0,0.0,,OBRAPUCHILLAN,1193941-OBRAPUCHILLAN
1198881.0,"PERFIL PORTANTE 40 R 40 X 18 X 10 X 0,5 MM X 6 MTS",SOBRE NIVEL CRÍTICO Y PARA MÁS DE DOS SEMANAS,297.0,22.0,21.0,288.0,288.0,288.0,,OBRAPUCHILLAN,1198881-OBRAPUCHILLAN
1193983.0,"PERFIL U METALCON 62 X 25 X 0,85 MM X 3,0 MTS 62 CO85",BAJO NIVEL CRITICO Y PARA MÁS DE DOS SEMANAS,46.0,22.0,21.0,108.01,108.0,108.0,,OBRAPUCHILLAN,1193983-OBRAPUCHILLAN
1193991.0,"PERFIL U METALCON 62 X 25 X 0,85 MM X 6,0 MTS 62 CO85",SOBRE NIVEL CRÍTICOY SIN ENTREGA LOS ÚLTIMOS 90 DÍAS,188.0,22.0,14.0,30.0,30.0,30.0,,OBRAPUCHILLAN,1193991-OBRAPUCHILLAN
1199971.0,"PILASTRA ENCHAPE MARA CLARA P5 0 15 X 40 MM X 2,44 MTS 1 UN",BAJO NIVEL CRITICO Y PARA MÁS DE DOS SEMANAS,92.0,21.0,21.0,72.0,72.0,0.0,,OBRAPUCHILLAN,1199971-OBRAPUCHILLAN
1273393.0,PILASTRA PINO 13X45 MM X 3ML,BAJO NIVEL CRITICOY SIN ENTREGA LOS ÚLTIMOS 90 DÍAS,95.0,22.0,19.0,105.0,105.0,105.0,,OBRAPUCHILLAN,1273393-OBRAPUCHILLAN
1193713.0,"PINO 2"" X 2"" X 3,20 MT IMPREGNADO",SOBRE NIVEL CRÍTICO Y PARA MÁS DE DOS SEMANAS,2020.0,1.0,21.0,1028.25,1028.25,1028.25,,OBRAPUCHILLAN,1193713-OBRAPUCHILLAN
1191216.0,PINTURA DE FIBROCEMENTOCAOBA FIBROCEM  1 TIN,BAJO NIVEL CRITICO Y PARA MÁS DE DOS SEMANAS,1.0,22.0,20.0,3.545,4.09,4.09,18 MESES,OBRAPUCHILLAN,1191216-OBRAPUCHILLAN
1191321.0,PINTURA DE FIBROCEMENTOCASTANO FIBROCEM  1 TIN,BAJO NIVEL CRITICO Y PARA MÁS DE DOS SEMANAS,1.0,22.0,20.0,3.545,3.0,3.0,18 MESES,OBRAPUCHILLAN,1191321-OBRAPUCHILLAN
1283090.0,PINTURA DE MADERACAOBA MADERVET  1 TIN,BAJO NIVEL CRITICO Y PARA MÁS DE DOS SEMANAS,1.0,21.0,20.0,0.8,0.58,0.5800000000000001,24 MESES,OBRAPUCHILLAN,1283090-OBRAPUCHILLAN
1283102.0,PINTURA DE MADERACASTANO MADERVET  1 TIN,BAJO NIVEL CRITICO Y PARA MÁS DE DOS SEMANAS,1.0,22.0,20.0,0.8,1.0,1.0,24 MESES,OBRAPUCHILLAN,1283102-OBRAPUCHILLAN
1275938.0,PINTURA ESMALTE AL AGUABLANCO HUESO CP-70  1 TIN,BAJO NIVEL CRITICO Y PARA MENOS DE DOS SEMANAS,0.1999999999999993,22.0,20.0,2.0,2.0,2.0,12 MESES,OBRAPUCHILLAN,1275938-OBRAPUCHILLAN
1275920.0,PINTURA ESMALTE AL AGUABLANCO INVIERNO CP-70  1 TIN,BAJO NIVEL CRITICO Y PARA MÁS DE DOS SEMANAS,5.999999809265137,22.0,20.0,3.2,3.2,3.2,12 MESES,OBRAPUCHILLAN,1275920-OBRAPUCHILLAN
1191451.0,PINTURA HOJALATACAOBA ACRIZINC  1 GAL,BAJO NIVEL CRITICO Y PARA MÁS DE DOS SEMANAS,1.0,21.0,20.0,0.4,3.0,3.0,60 MESES,OBRAPUCHILLAN,1191451-OBRAPUCHILLAN
1191460.0,PINTURA HOJALATACASTANO ACRIZINC  1 GAL,BAJO NIVEL CRITICO Y PARA MÁS DE DOS SEMANAS,1.0,21.0,20.0,0.4,3.0,3.0,60 MESES,OBRAPUCHILLAN,1191460-OBRAPUCHILLAN
1194652.0,PINTURA HOJALATANEGRO ACRIZINC  1 GAL,BAJO NIVEL CRITICOY SIN ENTREGA LOS ÚLTIMOS 90 DÍAS,13.0,20.0,19.0,5.25,5.25,5.25,60 MESES,OBRAPUCHILLAN,1194652-OBRAPUCHILLAN
1274821.0,PINTURA IMPERMEABILIZANTE MASTERWALL BEIGE (IC)  1 TIN,BAJO NIVEL CRITICO Y PARA MÁS DE DOS SEMANAS,8.0,20.0,20.0,7.333333333333333,6.75,6.75,12 MESES,OBRAPUCHILLAN,1274821-OBRAPUCHILLAN
1274839.0,PINTURA IMPERMEABILIZANTE MASTERWALL GRIS ARENA (SR)  1 TIN,BAJO NIVEL CRITICO Y PARA MÁS DE DOS SEMANAS,10.0,20.0,20.0,7.333333333333333,7.5,7.5,12 MESES,OBRAPUCHILLAN,1274839-OBRAPUCHILLAN
1274847.0,PINTURA IMPERMEABILIZANTE MASTERWALL MOSTAZA (GS)  1 TIN,BAJO NIVEL CRITICO Y PARA MÁS DE DOS SEMANAS,11.0,21.0,20.0,7.333333333333333,7.75,7.75,12 MESES,OBRAPUCHILLAN,1274847-OBRAPUCHILLAN
1188105.0,PLANCHA FIBROCEMENTO 4 MM VOLCAN 1 PLANCHA,BAJO NIVEL CRITICO Y PARA MÁS DE DOS SEMANAS,9.0,22.0,21.0,130.5,130.5,130.5,,OBRAPUCHILLAN,1188105-OBRAPUCHILLAN
1259305.0,"PLANCHA OSB PROTEC 11,1 MM X 2,4 4 X 1,22 MTS LP 1 UN",BAJO NIVEL CRITICO Y PARA MENOS DE DOS SEMANAS,29.0,22.0,22.0,372.0,372.0,348.0,,OBRAPUCHILLAN,1259305-OBRAPUCHILLAN
1182758.0,"PLANCHA YESO-CARTON RH 12,5 MM 1,20 X 2,40 VOLCAN 1 PLANCHA",CERCA DE NIVEL CRITICO Y PARA MÁS DE DOS SEMANAS,134.2800036621094,1.0,21.0,135.0,121.65,121.65,,OBRAPUCHILLAN,1182758-OBRAPUCHILLAN
1179698.0,"PLANCHA YESO-CARTON ST 10 MM 1,20 X 2,40 VOLCAN 1 PLANCHA",SOBRE NIVEL CRÍTICO Y PARA MÁS DE DOS SEMANAS,625.63,22.0,21.0,859.5,859.0699999999999,859.0699999999999,,OBRAPUCHILLAN,1179698-OBRAPUCHILLAN
1278928.0,POLIESTIRENO EXP. 30 MM (20KG/ M3) 1 PLANCHA,BAJO NIVEL CRITICO Y PARA MÁS DE DOS SEMANAS,76.0,1.0,1.0,253.87,253.0,253.0,,OBRAPUCHILLAN,1278928-OBRAPUCHILLAN
1278944.0,POLIESTIRENO EXP. 70 MM (20KG/ M3) 1 PLANCHA,CERCA DE NIVEL CRITICO Y PARA MÁS DE DOS SEMANAS,130.0,1.0,22.0,30.0,30.0,30.0,,OBRAPUCHILLAN,1278944-OBRAPUCHILLAN
1278952.0,POLIESTIRENO EXP. 80 MM (20KG/ M3) 1 PLANCHA,SOBRE NIVEL CRÍTICO Y PARA MENOS DE DOS SEMANAS,220.0,22.0,22.0,1020.0,1018.0,1018.0,,OBRAPUCHILLAN,1278952-OBRAPUCHILLAN
1271056.0,PORCELANATO DETROIT GREY 30X60 ,SOBRE NIVEL CRÍTICO Y PARA MÁS DE DOS SEMANAS,465.2800024414062,22.0,20.0,370.19,370.19,370.19,,OBRAPUCHILLAN,1271056-OBRAPUCHILLAN
1191945.0,PROMOTOR DE ADHERENCIA TECNO BOND  20 KG 1 TIN,BAJO NIVEL CRITICO Y PARA MÁS DE DOS SEMANAS,5.460000445842743,22.0,21.0,2.45,4.25,4.25,12 MESES,OBRAPUCHILLAN,1191945-OBRAPUCHILLAN
41020284.0,PROTECTOR DE MADERA GRIS CUARZO CERESTAIN 1 GAL,,,,,,,,24 MESES,OBRAPUCHILLAN,41020284-OBRAPUCHILLAN
1275410.0,"PUERTA MDF CAPRI II ENCHAPADA 0,65 X 2,00  1 UN",BAJO NIVEL CRITICO Y PARA MENOS DE DOS SEMANAS,1.0,21.0,21.0,9.0,9.0,0.0,,OBRAPUCHILLAN,1275410-OBRAPUCHILLAN
1275401.0,"PUERTA MDF CAPRI II ENCHAPADA 0,75 X 2,00  1 UN",BAJO NIVEL CRITICO Y PARA MENOS DE DOS SEMANAS,0.0,21.0,21.0,18.0,18.0,0.0,,OBRAPUCHILLAN,1275401-OBRAPUCHILLAN
1275428.0,"PUERTA MDF HR PREP CAPRI III C/POLIEST Y DOBLE CELOSIA 0,70 X 2,00 MT 1 UN",BAJO NIVEL CRITICOY SIN ENTREGA LOS ÚLTIMOS 90 DÍAS,9.0,21.0,18.0,6.0,6.0,6.0,,OBRAPUCHILLAN,1275428-OBRAPUCHILLAN
1243995.0,"PUERTA MDF INTERIOR PREPINTADA 2V+5H 0,65 X 2,00 MT 1 UN",BAJO NIVEL CRITICOY SIN ENTREGA LOS ÚLTIMOS 90 DÍAS,0.0,5.0,,,,,,OBRAPUCHILLAN,1243995-OBRAPUCHILLAN
1244015.0,"PUERTA MDF INTERIOR PREPINTADA 2V+5H 0,70 X 2,00 MT 1 UN",BAJO NIVEL CRITICO Y PARA MÁS DE DOS SEMANAS,42.0,21.0,20.0,32.0,32.0,32.0,,OBRAPUCHILLAN,1244015-OBRAPUCHILLAN
1244023.0,"PUERTA MDF INTERIOR PREPINTADA 2V+5H 0,75 X 2,00 MT 1 UN",BAJO NIVEL CRITICO Y PARA MÁS DE DOS SEMANAS,33.0,21.0,20.0,24.0,24.0,24.0,,OBRAPUCHILLAN,1244023-OBRAPUCHILLAN
1243987.0,"PUERTA MDF PREP. AMPARO 0,60 X 2,00 MT",BAJO NIVEL CRITICO Y PARA MÁS DE DOS SEMANAS,10.0,21.0,20.0,8.0,8.0,8.0,,OBRAPUCHILLAN,1243987-OBRAPUCHILLAN
1193289.0,PUERTA VIDRIADA ALCALA DH MARA CLARA 45 MM C/T DER  1UN,BAJO NIVEL CRITICO Y PARA MENOS DE DOS SEMANAS,0.0,21.0,21.0,4.5,8.0,0.0,,OBRAPUCHILLAN,1193289-OBRAPUCHILLAN
1195479.0,PUERTA VIDRIADA ALCALA DH MARA CLARA 45 MM C/T IZQ  1 UN,BAJO NIVEL CRITICO Y PARA MENOS DE DOS SEMANAS,0.0,21.0,20.0,4.0,2.0,2.0,,OBRAPUCHILLAN,1195479-OBRAPUCHILLAN
41020370.0,"PUERTA TOSCANA CON NUDOS 0,85 X 2,00 MT 1 UN",BAJO NIVEL CRITICOY SIN ENTREGA LOS ÚLTIMOS 90 DÍAS,2.0,19.0,,,,,,OBRAPUCHILLAN,41020370-OBRAPUCHILLAN
41020368.0,"PUERTA TOSCANA SIN NUDOS 0,85 X 2,00 MT 1 UN",BAJO NIVEL CRITICO Y PARA MÁS DE DOS SEMANAS,15.0,22.0,20.0,8.0,8.0,8.0,,OBRAPUCHILLAN,41020368-OBRAPUCHILLAN
1196623.0,"RECEPTACULO 0,70 X 0,70 MT 1 UN",BAJO NIVEL CRITICO Y PARA MÁS DE DOS SEMANAS,5.0,22.0,21.0,9.0,9.0,9.0,,OBRAPUCHILLAN,1196623-OBRAPUCHILLAN
1177810.0,RODILLO CHIPORRO 18 CM 1 UN,BAJO NIVEL CRITICO Y PARA MENOS DE DOS SEMANAS,0.0,22.0,22.0,30.13,20.0,20.0,,OBRAPUCHILLAN,1177810-OBRAPUCHILLAN
1274783.0,"SIDING 0,19 X 6 MM X 3,66 VOLCAN MTS",SOBRE NIVEL CRÍTICO Y PARA MÁS DE DOS SEMANAS,231.0000219726562,22.0,21.0,1521.0,1636.0,1521.0,,OBRAPUCHILLAN,1274783-OBRAPUCHILLAN
1183128.0,"SIFON BOTELLA 1 1/4"" SALIDA CURVA 1 UN",BAJO NIVEL CRITICO Y PARA MÁS DE DOS SEMANAS,16.0,21.0,20.0,32.0,8.0,8.0,,OBRAPUCHILLAN,1183128-OBRAPUCHILLAN
1181317.0,"SIFON EMBELLE 1 1/4"" SALIDA RECTA 1 UN",BAJO NIVEL CRITICO Y PARA MÁS DE DOS SEMANAS,20.0,21.0,20.0,32.0,24.0,24.0,,OBRAPUCHILLAN,1181317-OBRAPUCHILLAN
1177887.0,"SIFON LOA LAVAPLATOS S/CURVA 1 1/2"" 1 UN",BAJO NIVEL CRITICO Y PARA MÁS DE DOS SEMANAS,27.0,21.0,20.0,16.0,16.0,16.0,,OBRAPUCHILLAN,1177887-OBRAPUCHILLAN
1279584.0,"SIKABOND MONTAJE 3,8 KG BALDES",BAJO NIVEL CRITICO Y PARA MÁS DE DOS SEMANAS,26.0,21.0,20.0,32.01,32.0,32.0,12 MESES,OBRAPUCHILLAN,1279584-OBRAPUCHILLAN
1276771.0,SILICONA SANISIL TRANSPARENTE 1 UN,BAJO NIVEL CRITICO Y PARA MÁS DE DOS SEMANAS,9.0,19.0,19.0,3.5,4.0,4.0,24 MESES,OBRAPUCHILLAN,1276771-OBRAPUCHILLAN
1199517.0,SOBREPASO PP-R 20 MM 1 UN,BAJO NIVEL CRITICO Y PARA MÁS DE DOS SEMANAS,72.0,2.0,2.0,45.0,45.0,0.0,,OBRAPUCHILLAN,1199517-OBRAPUCHILLAN
1199525.0,SOBREPASO PP-R 25 MM 1 UN,BAJO NIVEL CRITICO Y PARA MÁS DE DOS SEMANAS,91.0,2.0,2.0,45.0,45.0,0.0,,OBRAPUCHILLAN,1199525-OBRAPUCHILLAN
41020405.0,TABLON FLEXIBLE LVT TIPO WALNUT 3MM 1 M2,,,,,,,,,OBRAPUCHILLAN,41020405-OBRAPUCHILLAN
1187751.0,"TAPACAN SMARTSIDE TRIM 7 1/4"" LP 1 UN",BAJO NIVEL CRITICO Y PARA MÁS DE DOS SEMANAS,113.0,22.0,21.0,144.0,144.0,144.0,,OBRAPUCHILLAN,1187751-OBRAPUCHILLAN
1248032.0,"TAPON PP-R 1/2"" HE 1 UN",BAJO NIVEL CRITICO Y PARA MÁS DE DOS SEMANAS,125.0,2.0,2.0,45.0,45.0,0.0,,OBRAPUCHILLAN,1248032-OBRAPUCHILLAN
1248041.0,"TAPON PP-R 1/2"" HI 1 UN",BAJO NIVEL CRITICO Y PARA MÁS DE DOS SEMANAS,106.0,2.0,2.0,30.0,30.0,0.0,,OBRAPUCHILLAN,1248041-OBRAPUCHILLAN
1204515.0,TEE PP-R 25 MM 1 UN,BAJO NIVEL CRITICO Y PARA MÁS DE DOS SEMANAS,35.0,2.0,2.0,45.0,45.0,0.0,,OBRAPUCHILLAN,1204515-OBRAPUCHILLAN
1252971.0,TEE PP-R 32 MM 1 UN,BAJO NIVEL CRITICO Y PARA MÁS DE DOS SEMANAS,67.0,2.0,2.0,15.0,15.0,0.0,,OBRAPUCHILLAN,1252971-OBRAPUCHILLAN
1190336.0,TEE RED PP-R 32 X 20 X 32 MM ,BAJO NIVEL CRITICO Y PARA MÁS DE DOS SEMANAS,17.0,22.0,22.0,12.0,12.0,12.0,,OBRAPUCHILLAN,1190336-OBRAPUCHILLAN
1247110.0,TEE RED.20 X 25 X 20 PP-R 1 UN,BAJO NIVEL CRITICO Y PARA MÁS DE DOS SEMANAS,110.0,2.0,2.0,45.0,45.0,0.0,,OBRAPUCHILLAN,1247110-OBRAPUCHILLAN
1247128.0,TEE RED.25 X 20 X 20 PP-R 1 UN,BAJO NIVEL CRITICO Y PARA MÁS DE DOS SEMANAS,36.0,2.0,2.0,45.0,45.0,0.0,,OBRAPUCHILLAN,1247128-OBRAPUCHILLAN
1190299.0,TEE RED.25 X 20 X 25 PP-R 1 UN,BAJO NIVEL CRITICO Y PARA MÁS DE DOS SEMANAS,36.0,2.0,2.0,30.0,30.0,0.0,,OBRAPUCHILLAN,1190299-OBRAPUCHILLAN
1247144.0,TEE RED.25 X 25 X 20 PP-R 1 UN,BAJO NIVEL CRITICO Y PARA MÁS DE DOS SEMANAS,40.0,2.0,2.0,30.0,30.0,0.0,,OBRAPUCHILLAN,1247144-OBRAPUCHILLAN
1247161.0,TEE RED.32 X 25 X 25 PP-R 1 UN,BAJO NIVEL CRITICO Y PARA MÁS DE DOS SEMANAS,15.0,2.0,2.0,15.0,15.0,0.0,,OBRAPUCHILLAN,1247161-OBRAPUCHILLAN
1290151.0,TEJA ASFALTICA SUPREME BROWNWOOD CAFE M2,BAJO NIVEL CRITICOY SIN ENTREGA LOS ÚLTIMOS 90 DÍAS,120.0,1.0,1.0,1432.24,1432.2,120.0,,OBRAPUCHILLAN,1290151-OBRAPUCHILLAN
1291532.0,TEJA ASFALTICA SUPREME ONIX BLACK M2,SOBRE NIVEL CRÍTICO Y PARA MÁS DE DOS SEMANAS,513.4699389648438,22.0,21.0,1182.42,1182.42,1182.42,,OBRAPUCHILLAN,1291532-OBRAPUCHILLAN
1208006.0,TERMINAL PP-R 20 X 1/2 HI 1 UN,BAJO NIVEL CRITICO Y PARA MÁS DE DOS SEMANAS,22.0,2.0,2.0,75.0,75.0,0.0,,OBRAPUCHILLAN,1208006-OBRAPUCHILLAN
1252074.0,"TERMINAL PP-R 20 X 1/2"" HE 1 UN",CERCA DE NIVEL CRITICO Y PARA MÁS DE DOS SEMANAS,190.7,2.0,2.0,105.0,105.0,0.0,,OBRAPUCHILLAN,1252074-OBRAPUCHILLAN
1252980.0,"TERMINAL PP-R 32 X 1"" HE 1 UN",BAJO NIVEL CRITICO Y PARA MÁS DE DOS SEMANAS,14.0,2.0,2.0,15.0,15.0,0.0,,OBRAPUCHILLAN,1252980-OBRAPUCHILLAN
1180331.0,"TINA 1,20 X 0,70 MTS BLANCA ES MALTADA SENSI DACQUA 1 UN",BAJO NIVEL CRITICOY SIN ENTREGA LOS ÚLTIMOS 90 DÍAS,0.0,19.0,19.0,7.0,7.0,7.0,,OBRAPUCHILLAN,1180331-OBRAPUCHILLAN
1195217.0,"TINA 1,40 X 0,70 MTS BLANCA ES MALTADA SENSI DACQUA 1 UN",BAJO NIVEL CRITICO Y PARA MÁS DE DOS SEMANAS,4.0,22.0,22.0,6.0,6.0,0.0,,OBRAPUCHILLAN,1195217-OBRAPUCHILLAN
41020531.0,"TINA 1,50 X 0,70 MTS BLANCA ES MALTADA SENSI DACQUA 1 UN",,,,,,,,,OBRAPUCHILLAN,41020531-OBRAPUCHILLAN
1191371.0,"TINA 1,70 X 0,70 MTS ACERO ESMALTADA SENSI DACQUA 1 UN",BAJO NIVEL CRITICO Y PARA MÁS DE DOS SEMANAS,6.0,22.0,22.0,6.0,6.0,0.0,,OBRAPUCHILLAN,1191371-OBRAPUCHILLAN
41020406.0,TOPE DE PUERTA MEDIALUNA NEGRO 1 UN,,,,,,,,,OBRAPUCHILLAN,41020406-OBRAPUCHILLAN
1205850.0,TUBERIA PP-R 20 MM PN-16 1 ML,SOBRE NIVEL CRÍTICO Y PARA MÁS DE DOS SEMANAS,3417.999987792969,2.0,2.0,247.5,248.0,0.0,,OBRAPUCHILLAN,1205850-OBRAPUCHILLAN
1205868.0,TUBERIA PP-R 25 MM PN-16 1 ML,CERCA DE NIVEL CRITICO Y PARA MÁS DE DOS SEMANAS,175.68,2.0,2.0,363.0,363.0,0.0,,OBRAPUCHILLAN,1205868-OBRAPUCHILLAN
1205876.0,TUBERIA PP-R 32 MM PN-16 1 ML,BAJO NIVEL CRITICO Y PARA MÁS DE DOS SEMANAS,40.0,2.0,2.0,180.0,180.0,0.0,,OBRAPUCHILLAN,1205876-OBRAPUCHILLAN
1199189.0,ADHESIVO D.A. EN POLVO MAX 310 CADINA 25 KG 1 SACO,SOBRE NIVEL CRÍTICO Y PARA MÁS DE DOS SEMANAS,171.0,16.0,195.0,249.65,425.0,425.0,6 MESES,OBRARENGO,1199189-OBRARENGO
1200856.0,"ADHESIVO DE CONTACTO FLEX 125 3,8 LTS 1 GAL",BAJO NIVEL CRITICOY SIN ENTREGA LOS ÚLTIMOS 90 DÍAS,0.0,,,,,,24 MESES,OBRARENGO,1200856-OBRARENGO
41020304.0,ADHESIVO PORCELANATO EN POLVO SIKACERAM 200 FLEX 25 KG 1 SACO,,,,,,,,6 MESES,OBRARENGO,41020304-OBRARENGO
1196455.0,ADHESIVO SILICONABLANCO SANISIL 280 ML 1 UN,BAJO NIVEL CRITICO Y PARA MÁS DE DOS SEMANAS,9.0,2.75,2.75,23.75,24.0,24.0,24 MESES,OBRARENGO,1196455-OBRARENGO
1177650.0,ADHESIVOBLANCO SIKACRYL+ PINTABLE 300 ML 1 UN,BAJO NIVEL CRITICO Y PARA MÁS DE DOS SEMANAS,103.99998046875,144.0,144.0,171.02,171.0,171.0,24 MESES,OBRARENGO,1177650-OBRARENGO
1296237.0,AIRE ACONDICIONADO 12000 BTU 1 UN,,,,,,,,,OBRARENGO,1296237-OBRARENGO
1177895.0,ANTICORROSIVO NEGRO 1 GAL,SOBRE NIVEL CRÍTICO Y PARA MÁS DE DOS SEMANAS,6.000000133514404,5.0,5.0,5.61,6.0,6.0,12 MESES,OBRARENGO,1177895-OBRARENGO
1192155.0,"BISAGRA 3 1/2"" X 3 1/2"" CROMO SATIN 1 UN",SOBRE NIVEL CRÍTICO Y PARA MÁS DE DOS SEMANAS,32.0,27.0,27.0,51.0,51.0,51.0,,OBRARENGO,1192155-OBRARENGO
1192147.0,"BISAGRA 3"" X 3"" CROMO SATIN 1 UN",SOBRE NIVEL CRÍTICO Y PARA MÁS DE DOS SEMANAS,198.0,214.0,214.0,408.0,408.0,408.0,,OBRARENGO,1192147-OBRARENGO
1178193.0,"BROCHA 2"" 1 UN",SOBRE NIVEL CRÍTICO Y PARA MÁS DE DOS SEMANAS,82.77,56.23,56.23,73.71,73.62,64.0,,OBRARENGO,1178193-OBRARENGO
1179508.0,"BROCHA 4"" 1 UN",SOBRE NIVEL CRÍTICO Y PARA MÁS DE DOS SEMANAS,147.39,3.899999999999999,3.899999999999999,5.1,5.1,5.1,,OBRARENGO,1179508-OBRARENGO
1274572.0,BURLETE BAJO PUERTA 1 UN,SOBRE NIVEL CRÍTICO Y PARA MÁS DE DOS SEMANAS,37.0,18.0,18.0,34.0,34.0,34.0,,OBRARENGO,1274572-OBRARENGO
1274564.0,BURLETE MARCO PUERTA 1 MT,BAJO NIVEL CRITICOY SIN ENTREGA LOS ÚLTIMOS 90 DÍAS,0.0,0.05999999999983174,0.05999999999983174,180.0,180.0,180.0,,OBRARENGO,1274564-OBRARENGO
41020204.0,CALEFON TIRO FORZADO G.L. 13 LTS C/KIT C/FLEX 1 UN,BAJO NIVEL CRITICOY SIN ENTREGA LOS ÚLTIMOS 90 DÍAS,3.0,0.0,0.0,19.0,19.0,19.0,,OBRARENGO,41020204-OBRARENGO
41020230.0,CAMPANA BAJO MUEBLE 1 UN,,,,,,,,,OBRARENGO,41020230-OBRARENGO
1189722.0,CELOSIA 20 X 20 BLANCA 1 UN,SOBRE NIVEL CRÍTICO Y PARA MÁS DE DOS SEMANAS,158.0,34.0,51.0,38.0,43.0,43.0,,OBRARENGO,1189722-OBRARENGO
1178257.0,CELOSIA 30 X 30 BLANCA 1 UN,SOBRE NIVEL CRÍTICOY SIN ENTREGA LOS ÚLTIMOS 90 DÍAS,145.0,32.0,140.0,72.0,72.0,72.0,,OBRARENGO,1178257-OBRARENGO
1269802.0,CEMENTO AR PUZOLANICO BIO BIO 1 KG,SOBRE NIVEL CRÍTICO Y PARA MÁS DE DOS SEMANAS,4417.0002734375,549.3899999999994,549.3899999999994,11925.99,9409.4,9409.4,2 MESES,OBRARENGO,1269802-OBRARENGO
41020262.0,CERCO VENTANA TECHO LISO ALTATERRA 55 X 78 1 UN,BAJO NIVEL CRITICOY SIN ENTREGA LOS ÚLTIMOS 90 DÍAS,1.0,1.0,,,,,,OBRARENGO,41020262-OBRARENGO
41020315.0,CERRADURA EMBUTIDA MANILLA ACCESO SCANAVINI 1 UN,BAJO NIVEL CRITICOY SIN ENTREGA LOS ÚLTIMOS 90 DÍAS,17.0,17.0,,,,,,OBRARENGO,41020315-OBRARENGO
1184083.0,CERRADURA REJA 2985 CI-30 POLI 1 UN,BAJO NIVEL CRITICO Y PARA MÁS DE DOS SEMANAS,11.0,17.0,27.0,19.0,19.0,19.0,,OBRARENGO,1184083-OBRARENGO
41020314.0,CERRADURA TUBULAR MANILLA TOSCANA BAÑO 1 UN,SOBRE NIVEL CRÍTICOY SIN ENTREGA LOS ÚLTIMOS 90 DÍAS,68.0,68.0,,,,,,OBRARENGO,41020314-OBRARENGO
41020313.0,CERRADURA TUBULAR MANILLA TOSCANA SIMPLE PASO 1 UN,SOBRE NIVEL CRÍTICOY SIN ENTREGA LOS ÚLTIMOS 90 DÍAS,85.0,85.0,,,,,,OBRARENGO,41020313-OBRARENGO
1193959.0,"CIELO PERFIL AT 20 X 25 X 4 X 0,42 MM X 3,0 MTS",SOBRE NIVEL CRÍTICO Y PARA MÁS DE DOS SEMANAS,828.98,318.0,318.0,306.05,306.0,306.0,,OBRARENGO,1193959-OBRARENGO
1183013.0,CINTA AUTOADHESIVA P/JUNTURA 45 MTS 1 ROLLO,BAJO NIVEL CRITICO Y PARA MÁS DE DOS SEMANAS,17.00000274658203,13.0,13.0,94.96,94.0,94.0,,OBRARENGO,1183013-OBRARENGO
1252390.0,"CODO PP-R DOBLE FIJACION TINA HI 20 X 1/2"" 1 UN",BAJO NIVEL CRITICOY SIN ENTREGA LOS ÚLTIMOS 90 DÍAS,18.0,34.0,,,,,,OBRARENGO,1252390-OBRARENGO
1272340.0,CODO PEX 20 X 1/2 HE,SOBRE NIVEL CRÍTICO Y PARA MÁS DE DOS SEMANAS,50.0,0.0,0.0,34.0,34.0,34.0,,OBRARENGO,1272340-OBRARENGO
1272323.0,CODO PEX 20 X 20 MM,SOBRE NIVEL CRÍTICO Y PARA MÁS DE DOS SEMANAS,119.0,13.93999999999997,13.93999999999997,119.0,119.0,119.0,,OBRARENGO,1272323-OBRARENGO
1247072.0,CODO PP-R 20 MM 1 UN,SOBRE NIVEL CRÍTICO Y PARA MÁS DE DOS SEMANAS,92.0,131.8999999999996,131.8999999999996,422.0,422.0,408.0,,OBRARENGO,1247072-OBRARENGO
1196199.0,"CODO PP-R 20 X 1/2"" HE 1 UN",BAJO NIVEL CRITICOY SIN ENTREGA LOS ÚLTIMOS 90 DÍAS,2.999998168945325,12.0,12.0,36.0,36.0,36.0,,OBRARENGO,1196199-OBRARENGO
1196076.0,"CODO PP-R 20 X 1/2"" HI 1 UN",SOBRE NIVEL CRÍTICO Y PARA MÁS DE DOS SEMANAS,63.0,32.0,32.0,37.0,37.0,34.0,,OBRARENGO,1196076-OBRARENGO
1247081.0,CODO PP-R 25 MM 1 UN,SOBRE NIVEL CRÍTICO Y PARA MÁS DE DOS SEMANAS,140.0,171.3000000000003,171.3000000000003,373.0,373.0,357.0,,OBRARENGO,1247081-OBRARENGO
1205921.0,"CODO PP-R 25 X 1/2"" HE 1 UN",SOBRE NIVEL CRÍTICOY SIN ENTREGA LOS ÚLTIMOS 90 DÍAS,62.0,34.0,34.0,36.0,36.0,34.0,,OBRARENGO,1205921-OBRARENGO
1190230.0,CODO PP-R 32 MM 1 UN,SOBRE NIVEL CRÍTICO Y PARA MÁS DE DOS SEMANAS,207.0,0.0,0.0,56.0,56.0,51.0,,OBRARENGO,1190230-OBRARENGO
1199592.0,COPLA PP-R 32 MM 1 UN,BAJO NIVEL CRITICOY SIN ENTREGA LOS ÚLTIMOS 90 DÍAS,0.0,17.0,17.0,20.0,20.0,17.0,,OBRARENGO,1199592-OBRARENGO
1190272.0,COPLA REDUC. PP-R 32 X 25 1 UN,BAJO NIVEL CRITICO Y PARA MÁS DE DOS SEMANAS,7.0,0.6999999999999815,0.6999999999999815,17.0,17.0,17.0,,OBRARENGO,1190272-OBRARENGO
1256198.0,"DESAGUE LAVATORIO 1 1/4"" C/REB /REJ 1 UN",SOBRE NIVEL CRÍTICO Y PARA MÁS DE DOS SEMANAS,43.0,51.0,51.0,57.0,57.0,57.0,,OBRARENGO,1256198-OBRARENGO
1177879.0,DESAGUE TINA/REBALSE/SIFON 1 UN,BAJO NIVEL CRITICO Y PARA MÁS DE DOS SEMANAS,25.0,22.0,22.0,34.0,34.0,34.0,,OBRARENGO,1177879-OBRARENGO
41020320.0,ENCIMERA GAS LICUADO 1 UN,,,,,,,,,OBRARENGO,41020320-OBRARENGO
1187161.0,"ESQUINEROS METALICO 30 X 30 X 2,40 MTS 1 UN",SOBRE NIVEL CRÍTICO Y PARA MÁS DE DOS SEMANAS,126.0,86.5,86.5,374.0,374.0,374.0,,OBRARENGO,1187161-OBRARENGO
1278303.0,ESTANQUE ARES  1 UN,SOBRE NIVEL CRÍTICO Y PARA MÁS DE DOS SEMANAS,51.0,51.0,73.0,57.0,57.0,57.0,,OBRARENGO,1278303-OBRARENGO
1291188.0,EXTRACTOR RETON 100 BTH HIGRO 1 UN,CERCA DE NIVEL CRITICO Y PARA MÁS DE DOS SEMANAS,46.0,51.0,51.0,57.0,57.0,57.0,,OBRARENGO,1291188-OBRARENGO
1290062.0,FRAGUE CERAMICO GRIS GARZA 1 KG,BAJO NIVEL CRITICOY SIN ENTREGA LOS ÚLTIMOS 90 DÍAS,40.0,40.0,,,,,12 MESES,OBRARENGO,1290062-OBRARENGO
1256340.0,FRAGUE CERAMICOCAPRI  1 KG 1 UN,SOBRE NIVEL CRÍTICO Y PARA MÁS DE DOS SEMANAS,429.9999694824219,161.4,161.4,332.86,193.4,193.4,12 MESES,OBRARENGO,1256340-OBRARENGO
41020341.0,GUARDAPOLVO MADERA RECTO LIJADO 13 X 80 X 2400 1 UN,,,,,,,,,OBRARENGO,41020341-OBRARENGO
41020333.0,GUARDAPOLVO MADERA RECTO PREPINTADO 13 X 80 X 2400 1 UN,SOBRE NIVEL CRÍTICOY SIN ENTREGA LOS ÚLTIMOS 90 DÍAS,544.0,544.0,,,,,,OBRARENGO,41020333-OBRARENGO
1274302.0,HORNO ELECTRICO,,,,,,,,,OBRARENGO,1274302-OBRARENGO
1182889.0,LANA DE VIDRIO 100 MM VOLCAN 1 M2,SOBRE NIVEL CRÍTICO Y PARA MÁS DE DOS SEMANAS,1098.0,216.0,216.0,918.0,918.0,918.0,,OBRARENGO,1182889-OBRARENGO
1181421.0,LANA DE VIDRIO 50 MM VOLCAN 1 M2,SOBRE NIVEL CRÍTICOY SIN ENTREGA LOS ÚLTIMOS 90 DÍAS,835.199951171875,0.0,0.0,126.0,89.76,89.75999999999999,,OBRARENGO,1181421-OBRARENGO
1279357.0,LAVAMANOS CABURGA  1 UN,BAJO NIVEL CRITICOY SIN ENTREGA LOS ÚLTIMOS 90 DÍAS,0.0,0.0,0.0,57.0,19.0,19.0,,OBRARENGO,1279357-OBRARENGO
1192260.0,LAVAMANOS VALENCIA  1 UN,BAJO NIVEL CRITICOY SIN ENTREGA LOS ÚLTIMOS 90 DÍAS,0.0,19.0,49.0,48.0,48.0,48.0,,OBRARENGO,1192260-OBRARENGO
1189191.0,LAVAPLATO ACERO INOX DERECHO 800 X 50 1 UN,BAJO NIVEL CRITICOY SIN ENTREGA LOS ÚLTIMOS 90 DÍAS,2.0,8.0,16.01,9.5,11.0,11.0,,OBRARENGO,1189191-OBRARENGO
1189175.0,LAVAPLATO ACERO INOX IZQUIERDO 800 X 50 1 UN,BAJO NIVEL CRITICOY SIN ENTREGA LOS ÚLTIMOS 90 DÍAS,0.0,12.0,25.0,9.5,8.0,8.0,,OBRARENGO,1189175-OBRARENGO
41020331.0,LAVAPLATO SOBREPONER ACERO INOX. 570 X 430 MM 1 UN,BAJO NIVEL CRITICOY SIN ENTREGA LOS ÚLTIMOS 90 DÍAS,17.0,0.0,0.0,17.0,17.0,0.0,,OBRARENGO,41020331-OBRARENGO
1203213.0,LLAVE PASO PP-R CAMPANA 20 MM CRM 1 UN,BAJO NIVEL CRITICO Y PARA MÁS DE DOS SEMANAS,41.0,8.999999999999943,8.999999999999943,36.0,104.0,102.0,,OBRARENGO,1203213-OBRARENGO
1190344.0,LLAVE PASO PP-R CAMPANA 25 MM CRM 1 UN,SOBRE NIVEL CRÍTICO Y PARA MÁS DE DOS SEMANAS,304.0,63.99999999999991,63.99999999999991,141.0,141.0,136.0,,OBRARENGO,1190344-OBRARENGO
1270521.0,LOSATEX (25 KG) SOQUINA 1 TINETA,BAJO NIVEL CRITICO Y PARA MÁS DE DOS SEMANAS,13.0,7.0,7.0,12.75,13.0,13.0,12 MESES,OBRARENGO,1270521-OBRARENGO
1251346.0,MALLA DE FIBRA DE VIDRIO 153 GRS/M2 1 X 50 WEBER MTS 1 UN,BAJO NIVEL CRITICO Y PARA MÁS DE DOS SEMANAS,0.1549999810196459,0.0,0.0,1.61,2.0,0.0,,OBRARENGO,1251346-OBRARENGO
41020411.0,MANILLON PUERTA RECTANGULAR ACERO INOX 11A 25X34X300 MM 1 UN,BAJO NIVEL CRITICOY SIN ENTREGA LOS ÚLTIMOS 90 DÍAS,17.0,17.0,,,,,,OBRARENGO,41020411-OBRARENGO
1279525.0,MARCO PUERTA L M26 1 UN,BAJO NIVEL CRITICO Y PARA MÁS DE DOS SEMANAS,10.0,9.0,9.0,17.0,17.0,17.0,,OBRARENGO,1279525-OBRARENGO
1182862.0,MARCO PUERTA MADERA 30 X 90 1 UN,SOBRE NIVEL CRÍTICO Y PARA MÁS DE DOS SEMANAS,80.0,72.0,72.0,136.0,136.0,136.0,,OBRARENGO,1182862-OBRARENGO
1271136.0,MARCO PUERTA MADERA 40 X 90 C/RANURA BURLETE 1 UN,BAJO NIVEL CRITICOY SIN ENTREGA LOS ÚLTIMOS 90 DÍAS,2.0,0.0,0.0,36.0,36.0,36.0,,OBRARENGO,1271136-OBRARENGO
41020310.0,MARMOLINA ALPACA CT-70R G.M (25 KG) 1 TINETA,BAJO NIVEL CRITICO Y PARA MÁS DE DOS SEMANAS,8.0,8.0,8.0,31.635,20.0,20.0,24 MESES,OBRARENGO,41020310-OBRARENGO
41020264.0,MARMOLINA FUNCTIONAL GRAY CT-70R G.M (25 KG) 1 TINETA,BAJO NIVEL CRITICO Y PARA MÁS DE DOS SEMANAS,8.0,8.0,8.0,31.635,20.0,20.0,24 MESES,OBRARENGO,41020264-OBRARENGO
1268623.0,MASILLA BASE JUNTA PRO VOLCAN 25 KG,BAJO NIVEL CRITICO Y PARA MÁS DE DOS SEMANAS,48.0,0.65,32.90000000000001,57.26,57.26000000000001,57.26000000000001,6 MESES,OBRARENGO,1268623-OBRARENGO
1192956.0,MASTERSEAL 550 30 KG 1 JUEGO,BAJO NIVEL CRITICO Y PARA MÁS DE DOS SEMANAS,38.0,10.0,10.0,21.25,21.0,21.0,24 MESES,OBRARENGO,1192956-OBRARENGO
1179348.0,"MEDIDOR AGUA POTABLE 1""  1 UN ",BAJO NIVEL CRITICOY SIN ENTREGA LOS ÚLTIMOS 90 DÍAS,25.0,17.0,18.0,19.0,10.0,10.0,12 MESES,OBRARENGO,1179348-OBRARENGO
1182803.0,"MEDIDOR AGUA POTABLE 3/4"" 1 U N",BAJO NIVEL CRITICOY SIN ENTREGA LOS ÚLTIMOS 90 DÍAS,36.0,17.0,17.0,19.0,19.0,19.0,12 MESES,OBRARENGO,1182803-OBRARENGO
41020340.0,MOLDURA NOMASTYL 30 X 20 LX28 1 ML,SOBRE NIVEL CRÍTICO Y PARA MÁS DE DOS SEMANAS,1720.0,1720.0,1720.0,2210.01,2240.0,2240.0,,OBRARENGO,41020340-OBRARENGO
41020335.0,MONOMANDO LAVAPLATO AC. INOX SATINADO VERMONT 1 UN,BAJO NIVEL CRITICOY SIN ENTREGA LOS ÚLTIMOS 90 DÍAS,17.0,17.0,,,,,,OBRARENGO,41020335-OBRARENGO
41020334.0,MONOMANDO LAVATORIO AC. INOX SATINADO VERMONT 1 UN,BAJO NIVEL CRITICOY SIN ENTREGA LOS ÚLTIMOS 90 DÍAS,51.0,51.0,,,,,,OBRARENGO,41020334-OBRARENGO
41020336.0,MONOMANDO TINA-DUCHA AC. INOX SATINADO VERMONT 1 UN,,,,,,,,,OBRARENGO,41020336-OBRARENGO
1274812.0,MORTERO BASE COAT 20 KG 1 SACO,BAJO NIVEL CRITICOY SIN ENTREGA LOS ÚLTIMOS 90 DÍAS,1.907348634588857e-07,60.56,60.56,30.96,76.56,76.56,12 MESES,OBRARENGO,1274812-OBRARENGO
41020232.0,MORTERO PRESEC 196 25 KG,CERCA DE NIVEL CRITICO Y PARA MÁS DE DOS SEMANAS,75.00000213623046,49.0,49.0,91.65,91.0,91.0,6 MESES,OBRARENGO,41020232-OBRARENGO
41020234.0,MUEBLE BALI CON VANITORIO 1 UN,,,,,,,,,OBRARENGO,41020234-OBRARENGO
41020404.0,NARIZ DE GRADA PVC TIPO WALNUT 25X50X2400 MM 1 TIRA,,,,,,,,,OBRARENGO,41020404-OBRARENGO
1183136.0,PAPEL FIELTRO 10/40 1 ROLLO,BAJO NIVEL CRITICO Y PARA MÁS DE DOS SEMANAS,63.0,46.47,46.47,72.5,66.47,66.47,,OBRARENGO,1183136-OBRARENGO
1299451.0,PASTA MURO (25 KG) 1 TINETA,BAJO NIVEL CRITICO Y PARA MÁS DE DOS SEMANAS,15.0,21.0,25.02,21.25,21.0,21.0,12 MESES,OBRARENGO,1299451-OBRARENGO
1193975.0,"PERFIL C METALCON 60 X 38 X 8 X 0,85 MM X 2,4 MTS 60 CA085",SOBRE NIVEL CRÍTICOY SIN ENTREGA LOS ÚLTIMOS 90 DÍAS,2064.0,565.0,1555.0,627.05,627.0,627.0,,OBRARENGO,1193975-OBRARENGO
1194020.0,"PERFIL C METALCON 60 X 38 X 8 X 0,85 MM X 6,0 MTS 60CA085",BAJO NIVEL CRITICO Y PARA MÁS DE DOS SEMANAS,38.0,43.0,43.0,51.07,51.0,51.0,,OBRARENGO,1194020-OBRARENGO
1194169.0,"PERFIL CANAL ECO 39 X 20 X 0,5 MM X 3,00 MTS",SOBRE NIVEL CRÍTICO Y PARA MÁS DE DOS SEMANAS,191.97,71.0,71.0,71.4,71.0,71.0,,OBRARENGO,1194169-OBRARENGO
1188033.0,"PERFIL CANAL NORMAL 61 X 20 X 0,5 MM X 3 MTS 1 UN",SOBRE NIVEL CRÍTICO Y PARA MÁS DE DOS SEMANAS,239.0,227.0,239.0,204.04,204.0,204.0,,OBRARENGO,1188033-OBRARENGO
1199752.0,"PERFIL MONTANTE ECO 38 X 38 X 0,5 MM X 2,4 MTS 1 TIRA",SOBRE NIVEL CRÍTICO Y PARA MÁS DE DOS SEMANAS,924.0,340.0,404.0,340.0,340.0,340.0,,OBRARENGO,1199752-OBRARENGO
1188025.0,"PERFIL MONTANTE NORMAL 60 X 38 X 0,5 MM X 2,4 MTS 1 UN",SOBRE NIVEL CRÍTICO Y PARA MÁS DE DOS SEMANAS,886.0,375.0,400.0,323.01,323.0,323.0,,OBRARENGO,1188025-OBRARENGO
1193967.0,"PERFIL MONTANTE NORMAL 60 X 38 X 0,5 MM X 3,0 MTS 1 UN",SOBRE NIVEL CRÍTICO Y PARA MÁS DE DOS SEMANAS,775.0,306.0,306.0,306.04,306.0,306.0,,OBRARENGO,1193967-OBRARENGO
1193941.0,"PERFIL PORTANTE 40 R 40 X 18 X 10 X 0,5 MM X 3,00 MTS",SOBRE NIVEL CRÍTICOY SIN ENTREGA LOS ÚLTIMOS 90 DÍAS,2268.0,1071.0,,,,,,OBRARENGO,1193941-OBRARENGO
1198881.0,"PERFIL PORTANTE 40 R 40 X 18 X 10 X 0,5 MM X 6 MTS",BAJO NIVEL CRITICOY SIN ENTREGA LOS ÚLTIMOS 90 DÍAS,39.0,39.0,123.0,702.0,702.0,702.0,,OBRARENGO,1198881-OBRARENGO
1193983.0,"PERFIL U METALCON 62 X 25 X 0,85 MM X 3,0 MTS 62 CO85",BAJO NIVEL CRITICOY SIN ENTREGA LOS ÚLTIMOS 90 DÍAS,25.0,1.0,14.0,18.0,18.0,18.0,,OBRARENGO,1193983-OBRARENGO
1193991.0,"PERFIL U METALCON 62 X 25 X 0,85 MM X 6,0 MTS 62 CO85",SOBRE NIVEL CRÍTICO Y PARA MÁS DE DOS SEMANAS,348.93,135.0,135.0,153.05,153.0,153.0,,OBRARENGO,1193991-OBRARENGO
41020332.0,PILASTRA PINO RECTA 13 X 30 X 2400 1 UN,SOBRE NIVEL CRÍTICOY SIN ENTREGA LOS ÚLTIMOS 90 DÍAS,255.0,255.0,,,,,,OBRARENGO,41020332-OBRARENGO
1178839.0,"PINO 2"" X 10"" X 3,20 MT",BAJO NIVEL CRITICOY SIN ENTREGA LOS ÚLTIMOS 90 DÍAS,28.0,18.0,30.0,72.0,72.0,72.0,,OBRARENGO,1178839-OBRARENGO
1193713.0,"PINO 2"" X 2"" X 3,20 MT IMPREGNADO",SOBRE NIVEL CRÍTICO Y PARA MÁS DE DOS SEMANAS,629.0,809.0,809.0,1921.0,1920.0,1920.0,,OBRARENGO,1193713-OBRARENGO
41020265.0,PINTURA DE FIBROCEMENTO TERRA FIBROCEM 1 TIN,BAJO NIVEL CRITICO Y PARA MÁS DE DOS SEMANAS,20.00000019073486,14.0,21.81,13.6,10.0,10.0,18 MESES,OBRARENGO,41020265-OBRARENGO
41020267.0,PINTURA DE MADERA TERRA MADERVET 1 TIN,BAJO NIVEL CRITICO Y PARA MÁS DE DOS SEMANAS,6.4,4.0,6.4,3.4,3.0,3.0,24 MESES,OBRARENGO,41020267-OBRARENGO
41020321.0,PINTURA ESMALTE AL AGUA BACKDROP CP-70 1 TIN,BAJO NIVEL CRITICOY SIN ENTREGA LOS ÚLTIMOS 90 DÍAS,3.0,3.0,,,,,12 MESES,OBRARENGO,41020321-OBRARENGO
41020322.0,PINTURA ESMALTE AL AGUA FUNCTIONAL GRAY CP-70 1 TIN,BAJO NIVEL CRITICOY SIN ENTREGA LOS ÚLTIMOS 90 DÍAS,3.0,3.0,,,,,12 MESES,OBRARENGO,41020322-OBRARENGO
41020323.0,PINTURA ESMALTE AL AGUA PURE WHITE CP-70 1 TIN,,,0.0,0.0,4.25,5.0,0.0,12 MESES,OBRARENGO,41020323-OBRARENGO
41020324.0,PINTURA ESMALTE AL AGUA SIMPLE WHITE CP-70 1 TIN,BAJO NIVEL CRITICOY SIN ENTREGA LOS ÚLTIMOS 90 DÍAS,5.0,5.0,,,,,12 MESES,OBRARENGO,41020324-OBRARENGO
41020339.0,PINTURA HOJALATA TERRA ACRIZINC 1 GAL,BAJO NIVEL CRITICOY SIN ENTREGA LOS ÚLTIMOS 90 DÍAS,5.0,5.0,,,,,60 MESES,OBRARENGO,41020339-OBRARENGO
1194652.0,PINTURA HOJALATANEGRO ACRIZINC  1 GAL,BAJO NIVEL CRITICO Y PARA MÁS DE DOS SEMANAS,2.0,1.939999999999998,1.939999999999998,14.25,17.0,17.0,60 MESES,OBRARENGO,1194652-OBRARENGO
41020253.0,PINTURA IMPERMEABILIZANTE SIKAWALL-416 ALPACA 1 TIN,,,0.0,,,,,12 MESES,OBRARENGO,41020253-OBRARENGO
41020252.0,PINTURA IMPERMEABILIZANTE SIKAWALL-416 FUNCTIONAL GRAY 1 TIN,,,0.0,,,,,12 MESES,OBRARENGO,41020252-OBRARENGO
41020328.0,PINTURA LATEX ACRILICO BACKDROP CK-70 1 TIN,BAJO NIVEL CRITICOY SIN ENTREGA LOS ÚLTIMOS 90 DÍAS,12.0,12.0,,,,,12 MESES,OBRARENGO,41020328-OBRARENGO
41020327.0,PINTURA LATEX ACRILICO FUNCTIONAL GRAY CK-70 1 TIN,BAJO NIVEL CRITICOY SIN ENTREGA LOS ÚLTIMOS 90 DÍAS,5.0,5.0,,,,,12 MESES,OBRARENGO,41020327-OBRARENGO
41020325.0,PINTURA LATEX ACRILICO PURE WHITE CIELOLAT 1 TIN,BAJO NIVEL CRITICO Y PARA MÁS DE DOS SEMANAS,12.0,12.0,12.0,40.02,17.0,17.0,12 MESES,OBRARENGO,41020325-OBRARENGO
41020326.0,PINTURA LATEX ACRILICO SIMPLE WHITE CIELOLAT 1 TIN,BAJO NIVEL CRITICOY SIN ENTREGA LOS ÚLTIMOS 90 DÍAS,23.0,23.0,,,,,12 MESES,OBRARENGO,41020326-OBRARENGO
1188105.0,PLANCHA FIBROCEMENTO 4 MM VOLCAN 1 PLANCHA,SOBRE NIVEL CRÍTICO Y PARA MÁS DE DOS SEMANAS,309.25,165.75,233.5,157.25,157.25,157.25,,OBRARENGO,1188105-OBRARENGO
1259305.0,"PLANCHA OSB PROTEC 11,1 MM X 2,4 4 X 1,22 MTS LP 1 UN",SOBRE NIVEL CRÍTICO Y PARA MÁS DE DOS SEMANAS,461.5,488.0,488.0,825.5,825.5,809.0,,OBRARENGO,1259305-OBRARENGO
1192999.0,"PLANCHA OSB STD 9,5 MM X 2,44 X 1,22 MTS LP 1 UN",BAJO NIVEL CRITICOY SIN ENTREGA LOS ÚLTIMOS 90 DÍAS,0.0,13.0,13.0,19.0,19.0,19.0,,OBRARENGO,1192999-OBRARENGO
1182758.0,"PLANCHA YESO-CARTON RH 12,5 MM 1,20 X 2,40 VOLCAN 1 PLANCHA",BAJO NIVEL CRITICO Y PARA MÁS DE DOS SEMANAS,18.99999816894531,45.41999999999999,45.41999999999999,205.82,193.97,193.97,,OBRARENGO,1182758-OBRARENGO
1179698.0,"PLANCHA YESO-CARTON ST 10 MM 1,20 X 2,40 VOLCAN 1 PLANCHA",SOBRE NIVEL CRÍTICO Y PARA MÁS DE DOS SEMANAS,148.0,2.0,130.98,1105.01,1104.99,1104.99,,OBRARENGO,1179698-OBRARENGO
1278928.0,POLIESTIRENO EXP. 30 MM (20KG/ M3) 1 PLANCHA,SOBRE NIVEL CRÍTICO Y PARA MÁS DE DOS SEMANAS,510.0,28.0,28.0,270.0,270.0,270.0,,OBRARENGO,1278928-OBRARENGO
1278936.0,POLIESTIRENO EXP. 60 MM (20KG/ M3) 1 PLANCHA,SOBRE NIVEL CRÍTICO Y PARA MÁS DE DOS SEMANAS,138.0,114.0,168.0,102.0,102.0,102.0,,OBRARENGO,1278936-OBRARENGO
41020260.0,PORCELANATO GRES KLASSIC LIGHT GREY MATEE 60 X 60 1M2,BAJO NIVEL CRITICOY SIN ENTREGA LOS ÚLTIMOS 90 DÍAS,48.96,48.96,,,,,,OBRARENGO,41020260-OBRARENGO
41020249.0,PORCELANATO GRES YORK WALNUT 30 X 60 1 M2,SOBRE NIVEL CRÍTICO Y PARA MÁS DE DOS SEMANAS,660.76,660.7600000000002,660.7600000000002,1242.54,1108.8,1108.8,,OBRARENGO,41020249-OBRARENGO
1191945.0,PROMOTOR DE ADHERENCIA TECNO BOND  20 KG 1 TIN,BAJO NIVEL CRITICO Y PARA MÁS DE DOS SEMANAS,2.999999952316284,2.01,2.01,5.27,5.0,5.0,12 MESES,OBRARENGO,1191945-OBRARENGO
41020284.0,PROTECTOR DE MADERA GRIS CUARZO CERESTAIN 1 GAL,,,,,,,,24 MESES,OBRARENGO,41020284-OBRARENGO
1260955.0,"PUERTA HDF EXTERIOR PRESTIGE PROTEGIDA 0,80 X 2 MT 1 UN",BAJO NIVEL CRITICOY SIN ENTREGA LOS ÚLTIMOS 90 DÍAS,0.0,2.120000000000008,2.120000000000008,18.0,20.0,20.0,,OBRARENGO,1260955-OBRARENGO
1192112.0,"PUERTA HDF PRESTIGE 0,65 X 2 M T INTERIOR 1 UN",BAJO NIVEL CRITICOY SIN ENTREGA LOS ÚLTIMOS 90 DÍAS,0.0,7.105427357601002e-15,7.105427357601002e-15,19.0,19.0,19.0,,OBRARENGO,1192112-OBRARENGO
1192121.0,"PUERTA HDF PRESTIGE 0,70 X 2 M T INTERIOR 1 UN",BAJO NIVEL CRITICO Y PARA MENOS DE DOS SEMANAS,0.0,0.0,0.0,114.0,114.0,114.0,,OBRARENGO,1192121-OBRARENGO
1192139.0,"PUERTA HDF PRESTIGE 0,75 X 2 M T INTERIOR 1 UN",BAJO NIVEL CRITICOY SIN ENTREGA LOS ÚLTIMOS 90 DÍAS,0.0,0.0,0.0,19.0,19.0,19.0,,OBRARENGO,1192139-OBRARENGO
41020428.0,"PUERTA MDF HR EXTERIOR PREPINTADA 2V+5H C/PE DOBLE BASTIDOR 0,80 X 2,00 MT 1 UN",,,,,,,,,OBRARENGO,41020428-OBRARENGO
1275428.0,"PUERTA MDF HR PREP CAPRI III C/POLIEST Y DOBLE CELOSIA 0,70 X 2,00 MT 1 UN",BAJO NIVEL CRITICO Y PARA MÁS DE DOS SEMANAS,9.0,9.0,9.0,17.0,17.0,17.0,,OBRARENGO,1275428-OBRARENGO
1243995.0,"PUERTA MDF INTERIOR PREPINTADA 2V+5H 0,65 X 2,00 MT 1 UN",BAJO NIVEL CRITICO Y PARA MÁS DE DOS SEMANAS,9.0,9.0,9.0,17.0,17.0,17.0,,OBRARENGO,1243995-OBRARENGO
1244015.0,"PUERTA MDF INTERIOR PREPINTADA 2V+5H 0,70 X 2,00 MT 1 UN",BAJO NIVEL CRITICO Y PARA MÁS DE DOS SEMANAS,54.0,54.0,54.0,102.0,102.0,102.0,,OBRARENGO,1244015-OBRARENGO
1244023.0,"PUERTA MDF INTERIOR PREPINTADA 2V+5H 0,75 X 2,00 MT 1 UN",BAJO NIVEL CRITICO Y PARA MÁS DE DOS SEMANAS,9.0,9.0,9.0,17.0,17.0,17.0,,OBRARENGO,1244023-OBRARENGO
1280551.0,"PUERTA TOSCANA ESTILO RUSTICO 0,85 X 2,00 MT 1 UN",BAJO NIVEL CRITICOY SIN ENTREGA LOS ÚLTIMOS 90 DÍAS,2.0,7.0,7.0,19.0,20.0,20.0,,OBRARENGO,1280551-OBRARENGO
41020370.0,"PUERTA TOSCANA CON NUDOS 0,85 X 2,00 MT 1 UN",BAJO NIVEL CRITICO Y PARA MÁS DE DOS SEMANAS,9.0,9.0,9.0,17.0,17.0,17.0,,OBRARENGO,41020370-OBRARENGO
1187241.0,REGULADOR P/GAS 45KG RI 11100 1 UN,BAJO NIVEL CRITICOY SIN ENTREGA LOS ÚLTIMOS 90 DÍAS,19.0,6.0,12.0,18.0,18.0,6.0,,OBRARENGO,1187241-OBRARENGO
1177810.0,RODILLO CHIPORRO 18 CM 1 UN,BAJO NIVEL CRITICO Y PARA MÁS DE DOS SEMANAS,102.5,44.0,44.0,49.81,49.0,49.0,,OBRARENGO,1177810-OBRARENGO
1274783.0,"SIDING 0,19 X 6 MM X 3,66 VOLCAN MTS",SOBRE NIVEL CRÍTICO Y PARA MÁS DE DOS SEMANAS,2408.0,1942.2,2427.2,1886.8,1886.8,1886.8,,OBRARENGO,1274783-OBRARENGO
1183128.0,"SIFON BOTELLA 1 1/4"" SALIDA CURVA 1 UN",BAJO NIVEL CRITICOY SIN ENTREGA LOS ÚLTIMOS 90 DÍAS,51.0,8.0,8.0,19.0,19.0,19.0,,OBRARENGO,1183128-OBRARENGO
1181317.0,"SIFON EMBELLE 1 1/4"" SALIDA RECTA 1 UN",BAJO NIVEL CRITICO Y PARA MÁS DE DOS SEMANAS,94.0,51.0,59.01000000000001,38.0,53.0,38.0,,OBRARENGO,1181317-OBRARENGO
1177887.0,"SIFON LOA LAVAPLATOS S/CURVA 1 1/2"" 1 UN",BAJO NIVEL CRITICO Y PARA MÁS DE DOS SEMANAS,35.0,17.0,17.0,19.0,19.0,19.0,,OBRARENGO,1177887-OBRARENGO
1279584.0,"SIKABOND MONTAJE 3,8 KG BALDES",BAJO NIVEL CRITICO Y PARA MÁS DE DOS SEMANAS,28.00000152587891,15.18,15.18,75.7,24.0,24.0,12 MESES,OBRARENGO,1279584-OBRARENGO
1276771.0,SILICONA SANISIL TRANSPARENTE 1 UN,BAJO NIVEL CRITICOY SIN ENTREGA LOS ÚLTIMOS 90 DÍAS,10.0,10.0,10.99,9.0,8.0,8.0,24 MESES,OBRARENGO,1276771-OBRARENGO
1199517.0,SOBREPASO PP-R 20 MM 1 UN,SOBRE NIVEL CRÍTICO Y PARA MÁS DE DOS SEMANAS,275.0,9.749999999999986,9.749999999999986,39.0,39.0,34.0,,OBRARENGO,1199517-OBRARENGO
1199525.0,SOBREPASO PP-R 25 MM 1 UN,BAJO NIVEL CRITICO Y PARA MÁS DE DOS SEMANAS,99.0,29.74999999999999,29.74999999999999,51.0,51.0,51.0,,OBRARENGO,1199525-OBRARENGO
41020405.0,TABLON FLEXIBLE LVT TIPO WALNUT 3MM 1 M2,,,,,,,,,OBRARENGO,41020405-OBRARENGO
1187671.0,"TAPACAN SMARTSIDE TRIM 5 1/2"" LP 1 UN",BAJO NIVEL CRITICOY SIN ENTREGA LOS ÚLTIMOS 90 DÍAS,112.0,8.0,25.98999999999999,99.0,99.0,99.0,,OBRARENGO,1187671-OBRARENGO
1187751.0,"TAPACAN SMARTSIDE TRIM 7 1/4"" LP 1 UN",SOBRE NIVEL CRÍTICO Y PARA MÁS DE DOS SEMANAS,244.0,192.0,237.0,187.0,188.0,188.0,,OBRARENGO,1187751-OBRARENGO
1248032.0,"TAPON PP-R 1/2"" HE 1 UN",BAJO NIVEL CRITICOY SIN ENTREGA LOS ÚLTIMOS 90 DÍAS,132.0,34.0,34.0,39.0,39.0,34.0,,OBRARENGO,1248032-OBRARENGO
1248041.0,"TAPON PP-R 1/2"" HI 1 UN",BAJO NIVEL CRITICOY SIN ENTREGA LOS ÚLTIMOS 90 DÍAS,70.0,34.0,34.0,37.0,37.0,34.0,,OBRARENGO,1248041-OBRARENGO
12736330.0,TEE PEX 20 MM,BAJO NIVEL CRITICOY SIN ENTREGA LOS ÚLTIMOS 90 DÍAS,17.0,17.0,,,,,,OBRARENGO,12736330-OBRARENGO
1253333.0,TEE PP-R 20 MM 1 UN,BAJO NIVEL CRITICOY SIN ENTREGA LOS ÚLTIMOS 90 DÍAS,18.0,10.0,10.0,19.0,38.0,38.0,,OBRARENGO,1253333-OBRARENGO
1204515.0,TEE PP-R 25 MM 1 UN,BAJO NIVEL CRITICO Y PARA MÁS DE DOS SEMANAS,17.0,33.30000000000001,33.30000000000001,71.0,71.0,68.0,,OBRARENGO,1204515-OBRARENGO
1252971.0,TEE PP-R 32 MM 1 UN,BAJO NIVEL CRITICO Y PARA MÁS DE DOS SEMANAS,77.0,2.799999999999988,2.799999999999988,17.0,17.0,17.0,,OBRARENGO,1252971-OBRARENGO
12736410.0,TEE PRUEBA PEX 20 X 1/2 HI X20,BAJO NIVEL CRITICOY SIN ENTREGA LOS ÚLTIMOS 90 DÍAS,17.0,17.0,,,,,,OBRARENGO,12736410-OBRARENGO
1247110.0,TEE RED.20 X 25 X 20 PP-R 1 UN,BAJO NIVEL CRITICOY SIN ENTREGA LOS ÚLTIMOS 90 DÍAS,25.0,35.0,35.0,51.0,51.0,51.0,,OBRARENGO,1247110-OBRARENGO
1247128.0,TEE RED.25 X 20 X 20 PP-R 1 UN,SOBRE NIVEL CRÍTICO Y PARA MÁS DE DOS SEMANAS,208.0,34.10000000000001,34.10000000000001,71.0,71.0,68.0,,OBRARENGO,1247128-OBRARENGO
1190299.0,TEE RED.25 X 20 X 25 PP-R 1 UN,SOBRE NIVEL CRÍTICO Y PARA MÁS DE DOS SEMANAS,294.0,0.0,0.0,37.0,37.0,34.0,,OBRARENGO,1190299-OBRARENGO
1247144.0,TEE RED.25 X 25 X 20 PP-R 1 UN,BAJO NIVEL CRITICO Y PARA MÁS DE DOS SEMANAS,4.0,27.0,27.0,37.0,37.0,34.0,,OBRARENGO,1247144-OBRARENGO
1247161.0,TEE RED.32 X 25 X 25 PP-R 1 UN,BAJO NIVEL CRITICO Y PARA MÁS DE DOS SEMANAS,26.0,0.0,0.0,18.0,18.0,17.0,,OBRARENGO,1247161-OBRARENGO
1290151.0,TEJA ASFALTICA SUPREME BROWNWOOD CAFE M2,,,,,,,,,OBRARENGO,1290151-OBRARENGO
1291532.0,TEJA ASFALTICA SUPREME ONIX BLACK M2,SOBRE NIVEL CRÍTICO Y PARA MÁS DE DOS SEMANAS,1235.300146484375,864.9,864.9,1633.7,1633.7,1633.7,,OBRARENGO,1291532-OBRARENGO
1272374.0,TERMINAL PEX 20 X 1/2 HE,BAJO NIVEL CRITICO Y PARA MÁS DE DOS SEMANAS,19.0,0.0,0.0,17.0,17.0,17.0,,OBRARENGO,1272374-OBRARENGO
1208006.0,TERMINAL PP-R 20 X 1/2 HI 1 UN,SOBRE NIVEL CRÍTICO Y PARA MÁS DE DOS SEMANAS,548.0,85.0,85.0,90.0,90.0,85.0,,OBRARENGO,1208006-OBRARENGO
1252074.0,"TERMINAL PP-R 20 X 1/2"" HE 1 UN",BAJO NIVEL CRITICO Y PARA MÁS DE DOS SEMANAS,93.0,119.0,119.0,123.0,123.0,119.0,,OBRARENGO,1252074-OBRARENGO
1247179.0,"TERMINAL PP-R 32 X 3/4"" HE 1 UN",BAJO NIVEL CRITICOY SIN ENTREGA LOS ÚLTIMOS 90 DÍAS,42.0,17.0,17.0,18.0,18.0,17.0,,OBRARENGO,1247179-OBRARENGO
1254361.0,TERMOPLAC STRATO WEBER 1 SACO,BAJO NIVEL CRITICO Y PARA MÁS DE DOS SEMANAS,104.0,79.16999999999999,79.16999999999999,70.17,80.17,80.16999999999999,12 MESES,OBRARENGO,1254361-OBRARENGO
1180331.0,"TINA 1,20 X 0,70 MTS BLANCA ES MALTADA SENSI DACQUA 1 UN",BAJO NIVEL CRITICO Y PARA MÁS DE DOS SEMANAS,11.0,11.0,11.0,17.0,17.0,17.0,,OBRARENGO,1180331-OBRARENGO
1256817.0,"TINA 1,30 X 0,70 MTS BLANCA ESMALTADA SENSI DACQUA 1 UN",BAJO NIVEL CRITICOY SIN ENTREGA LOS ÚLTIMOS 90 DÍAS,0.0,12.0,12.0,18.0,18.0,18.0,,OBRARENGO,1256817-OBRARENGO
1204232.0,"TINA 1,60 X 0,70 MTS BLANCA ES MALTADA SENSI DACQUA 1 UN",BAJO NIVEL CRITICO Y PARA MÁS DE DOS SEMANAS,11.0,11.0,11.0,17.0,17.0,17.0,,OBRARENGO,1204232-OBRARENGO
41020406.0,TOPE DE PUERTA MEDIALUNA NEGRO 1 UN,BAJO NIVEL CRITICOY SIN ENTREGA LOS ÚLTIMOS 90 DÍAS,136.0,136.0,,,,,,OBRARENGO,41020406-OBRARENGO
12736090.0,TUBERIA PEX 20 MM 1 MT,SOBRE NIVEL CRÍTICOY SIN ENTREGA LOS ÚLTIMOS 90 DÍAS,200.0,200.0,,,,,,OBRARENGO,12736090-OBRARENGO
1205850.0,TUBERIA PP-R 20 MM PN-16 1 ML,SOBRE NIVEL CRÍTICO Y PARA MÁS DE DOS SEMANAS,1104.0,241.7500000000002,241.7500000000002,360.5,480.0,468.0,,OBRARENGO,1205850-OBRARENGO
1205868.0,TUBERIA PP-R 25 MM PN-16 1 ML,SOBRE NIVEL CRÍTICO Y PARA MÁS DE DOS SEMANAS,831.2000122070312,63.75000000000034,63.75000000000034,497.4,494.0,476.0,,OBRARENGO,1205868-OBRARENGO
1269909.0,ADHESIVO CERAMICO EN PASTA AC  25 KG 1 TIN,BAJO NIVEL CRITICO Y PARA MENOS DE DOS SEMANAS,1.0,22.0,22.0,20.53,21.05,21.05,9 MESES ,OBRASANCARLOS,1269909-OBRASANCARLOS
1177641.0,ADHESIVO CERAMICO POLVO ULTRA 25 KG 1 SACO,BAJO NIVEL CRITICO Y PARA MENOS DE DOS SEMANAS,0.0,22.0,22.0,163.31,248.01,248.01,6 MESES,OBRASANCARLOS,1177641-OBRASANCARLOS
1196455.0,ADHESIVO SILICONABLANCO SANISIL 280 ML 1 UN,BAJO NIVEL CRITICO Y PARA MÁS DE DOS SEMANAS,11.0,22.0,22.0,16.8,16.0,16.0,24 MESES,OBRASANCARLOS,1196455-OBRASANCARLOS
1177650.0,ADHESIVOBLANCO SIKACRYL+ PINTABLE 300 ML 1 UN,BAJO NIVEL CRITICO Y PARA MÁS DE DOS SEMANAS,35.0,22.0,22.0,93.0,146.0,146.0,24 MESES,OBRASANCARLOS,1177650-OBRASANCARLOS
1296237.0,AIRE ACONDICIONADO 12000 BTU 1 UN,BAJO NIVEL CRITICO Y PARA MÁS DE DOS SEMANAS,21.0,22.0,21.0,12.0,12.0,12.0,,OBRASANCARLOS,1296237-OBRASANCARLOS
1261106.0,ALFOMBRABEIGE SPEED 400 GRS 1 M2,SOBRE NIVEL CRÍTICO Y PARA MENOS DE DOS SEMANAS,114.23001953125,22.0,22.0,547.36,641.6,641.6,,OBRASANCARLOS,1261106-OBRASANCARLOS
1177895.0,ANTICORROSIVO NEGRO 1 GAL,SOBRE NIVEL CRÍTICO Y PARA MÁS DE DOS SEMANAS,13.0,22.0,22.0,14.4,14.0,14.0,12 MESES,OBRASANCARLOS,1177895-OBRASANCARLOS
1192147.0,"BISAGRA 3"" X 3"" CROMO SATIN 1 UN",BAJO NIVEL CRITICO Y PARA MENOS DE DOS SEMANAS,0.0,22.0,22.0,333.0,333.0,333.0,,OBRASANCARLOS,1192147-OBRASANCARLOS
1178193.0,"BROCHA 2"" 1 UN",BAJO NIVEL CRITICO Y PARA MENOS DE DOS SEMANAS,5.0,22.0,22.0,27.0,27.0,27.0,,OBRASANCARLOS,1178193-OBRASANCARLOS
1179508.0,"BROCHA 4"" 1 UN",SOBRE NIVEL CRÍTICO Y PARA MÁS DE DOS SEMANAS,25.0,20.0,20.0,27.61,26.77,26.77,,OBRASANCARLOS,1179508-OBRASANCARLOS
1274572.0,BURLETE BAJO PUERTA 1 UN,BAJO NIVEL CRITICO Y PARA MENOS DE DOS SEMANAS,0.0,22.0,22.0,42.0,42.0,42.0,,OBRASANCARLOS,1274572-OBRASANCARLOS
1274564.0,BURLETE MARCO PUERTA 1 MT,BAJO NIVEL CRITICO Y PARA MENOS DE DOS SEMANAS,0.0,22.0,22.0,210.0,191.0,191.0,,OBRASANCARLOS,1274564-OBRASANCARLOS
1191849.0,CALEFON TIRO NATURAL  G.L. 7 LTS C/FLEX 1 UN,BAJO NIVEL CRITICO Y PARA MENOS DE DOS SEMANAS,0.0,22.0,22.0,18.0,18.0,18.0,,OBRASANCARLOS,1191849-OBRASANCARLOS
1208153.0,CALEFON TIRO NATURAL G.L. 10 LTS C/FLEX 1 UN,BAJO NIVEL CRITICO Y PARA MENOS DE DOS SEMANAS,0.0,22.0,22.0,3.0,3.0,3.0,,OBRASANCARLOS,1208153-OBRASANCARLOS
1189722.0,CELOSIA 20 X 20 BLANCA 1 UN,SOBRE NIVEL CRÍTICO Y PARA MÁS DE DOS SEMANAS,34.0,22.0,22.0,45.0,46.0,46.0,,OBRASANCARLOS,1189722-OBRASANCARLOS
1178257.0,CELOSIA 30 X 30 BLANCA 1 UN,SOBRE NIVEL CRÍTICO Y PARA MÁS DE DOS SEMANAS,47.0,22.0,22.0,63.0,62.0,62.0,,OBRASANCARLOS,1178257-OBRASANCARLOS
1269790.0,CEMENTO AR SIDERURGICO BIO BIO 1 KG,SOBRE NIVEL CRÍTICO Y PARA MÁS DE DOS SEMANAS,349.9997265624997,22.0,22.0,9558.06,3343.11,3343.11,2 MESES,OBRASANCARLOS,1269790-OBRASANCARLOS
1295381.0,CERAMICA NEW BLANCA BRILL 20 X,SOBRE NIVEL CRÍTICO Y PARA MÁS DE DOS SEMANAS,66.69000427246094,22.0,22.0,134.72,193.45,193.45,,OBRASANCARLOS,1295381-OBRASANCARLOS
1286080.0,CERAMICABEIGE SOLANA 45 X 45 1 M2,BAJO NIVEL CRITICO Y PARA MENOS DE DOS SEMANAS,16.0300146484375,22.0,22.0,571.5,571.5,571.5,,OBRASANCARLOS,1286080-OBRASANCARLOS
41020263.0,CERCO VENTANA TECHO ONDULADO ALTATERRA 55 X 78 1 UN,BAJO NIVEL CRITICOY SIN ENTREGA LOS ÚLTIMOS 90 DÍAS,0.0,22.0,22.0,3.0,3.0,3.0,,OBRASANCARLOS,41020263-OBRASANCARLOS
1193027.0,CERRADURA CILIN INOX ACCESO LL AVE 1 UN,BAJO NIVEL CRITICO Y PARA MÁS DE DOS SEMANAS,5.0,22.0,22.0,21.0,21.0,21.0,,OBRASANCARLOS,1193027-OBRASANCARLOS
1193060.0,CERRADURA CILINDRICA INOX YALE BANO 134640  1 UN,BAJO NIVEL CRITICO Y PARA MENOS DE DOS SEMANAS,1.0,22.0,22.0,24.0,24.0,24.0,,OBRASANCARLOS,1193060-OBRASANCARLOS
1248251.0,CERRADURA CILINDRICA INOX YALE OFICINA-DORMITORIO 134630  1 UN,BAJO NIVEL CRITICO Y PARA MENOS DE DOS SEMANAS,2.0,22.0,22.0,21.0,42.0,42.0,,OBRASANCARLOS,1248251-OBRASANCARLOS
1193086.0,CERRADURA CILINDRICA INOX YALE S/PASO  1 UN,BAJO NIVEL CRITICO Y PARA MENOS DE DOS SEMANAS,1.0,22.0,22.0,24.0,24.0,24.0,,OBRASANCARLOS,1193086-OBRASANCARLOS
1252664.0,CERROJO INOX LLAVE-LLAVE 134670  1 UN,BAJO NIVEL CRITICO Y PARA MENOS DE DOS SEMANAS,0.0,22.0,22.0,42.0,42.0,42.0,,OBRASANCARLOS,1252664-OBRASANCARLOS
1193959.0,"CIELO PERFIL AT 20 X 25 X 4 X 0,42 MM X 3,0 MTS",SOBRE NIVEL CRÍTICO Y PARA MÁS DE DOS SEMANAS,247.0000244140625,22.0,22.0,126.06,126.0,126.0,,OBRASANCARLOS,1193959-OBRASANCARLOS
1183013.0,CINTA AUTOADHESIVA P/JUNTURA 45 MTS 1 ROLLO,BAJO NIVEL CRITICO Y PARA MENOS DE DOS SEMANAS,4.0,22.0,22.0,78.6,78.6,78.6,,OBRASANCARLOS,1183013-OBRASANCARLOS
1252390.0,"CODO PP-R DOBLE FIJACION TINA HI 20 X 1/2"" 1 UN",BAJO NIVEL CRITICOY SIN ENTREGA LOS ÚLTIMOS 90 DÍAS,0.0,21.0,21.0,20.0,20.0,20.0,,OBRASANCARLOS,1252390-OBRASANCARLOS
1272340.0,CODO PEX 20 X 1/2 HE,BAJO NIVEL CRITICO Y PARA MENOS DE DOS SEMANAS,2.0,22.0,22.0,21.0,21.0,21.0,,OBRASANCARLOS,1272340-OBRASANCARLOS
1272323.0,CODO PEX 20 X 20 MM,BAJO NIVEL CRITICO Y PARA MENOS DE DOS SEMANAS,0.0,22.0,22.0,84.0,84.0,84.0,,OBRASANCARLOS,1272323-OBRASANCARLOS
1247072.0,CODO PP-R 20 MM 1 UN,BAJO NIVEL CRITICO Y PARA MENOS DE DOS SEMANAS,0.0,22.0,22.0,159.0,159.0,159.0,,OBRASANCARLOS,1247072-OBRASANCARLOS
1196199.0,"CODO PP-R 20 X 1/2"" HE 1 UN",SOBRE NIVEL CRÍTICOY SIN ENTREGA LOS ÚLTIMOS 90 DÍAS,55.0,22.0,22.0,6.0,6.0,6.0,,OBRASANCARLOS,1196199-OBRASANCARLOS
1196076.0,"CODO PP-R 20 X 1/2"" HI 1 UN",BAJO NIVEL CRITICO Y PARA MENOS DE DOS SEMANAS,1.0,22.0,22.0,144.0,144.0,144.0,,OBRASANCARLOS,1196076-OBRASANCARLOS
1247081.0,CODO PP-R 25 MM 1 UN,SOBRE NIVEL CRÍTICO Y PARA MÁS DE DOS SEMANAS,45.0,22.0,22.0,261.0,261.0,261.0,,OBRASANCARLOS,1247081-OBRASANCARLOS
1205921.0,"CODO PP-R 25 X 1/2"" HE 1 UN",BAJO NIVEL CRITICOY SIN ENTREGA LOS ÚLTIMOS 90 DÍAS,0.0,22.0,22.0,42.0,42.0,42.0,,OBRASANCARLOS,1205921-OBRASANCARLOS
1190230.0,CODO PP-R 32 MM 1 UN,SOBRE NIVEL CRÍTICO Y PARA MÁS DE DOS SEMANAS,107.0,21.0,21.0,32.0,32.0,32.0,,OBRASANCARLOS,1190230-OBRASANCARLOS
1252541.0,COPLA PP-R 20 MM 1 UN,BAJO NIVEL CRITICO Y PARA MENOS DE DOS SEMANAS,0.0,22.0,22.0,42.0,42.0,42.0,,OBRASANCARLOS,1252541-OBRASANCARLOS
1252533.0,COPLA PP-R 25 MM 1 UN,BAJO NIVEL CRITICOY SIN ENTREGA LOS ÚLTIMOS 90 DÍAS,0.0,22.0,22.0,54.0,54.0,54.0,,OBRASANCARLOS,1252533-OBRASANCARLOS
1199592.0,COPLA PP-R 32 MM 1 UN,BAJO NIVEL CRITICO Y PARA MÁS DE DOS SEMANAS,22.0,22.0,22.0,9.0,9.0,9.0,,OBRASANCARLOS,1199592-OBRASANCARLOS
1256198.0,"DESAGUE LAVATORIO 1 1/4"" C/REB /REJ 1 UN",BAJO NIVEL CRITICOY SIN ENTREGA LOS ÚLTIMOS 90 DÍAS,0.0,20.0,20.0,15.0,15.0,15.0,,OBRASANCARLOS,1256198-OBRASANCARLOS
1177879.0,DESAGUE TINA/REBALSE/SIFON 1 UN,BAJO NIVEL CRITICO Y PARA MENOS DE DOS SEMANAS,0.0,22.0,22.0,24.0,24.0,24.0,,OBRASANCARLOS,1177879-OBRASANCARLOS
41020238.0,ESMALTE AL AGUA KEM PRO MARFIL 1 TINETA,,,,,,,,12 MESES,OBRASANCARLOS,41020238-OBRASANCARLOS
1187161.0,"ESQUINEROS METALICO 30 X 30 X 2,40 MTS 1 UN",BAJO NIVEL CRITICO Y PARA MÁS DE DOS SEMANAS,28.0,22.0,22.0,264.0,264.0,264.0,,OBRASANCARLOS,1187161-OBRASANCARLOS
1290581.0,ESTANQUE LUGANO 1 UN,BAJO NIVEL CRITICO Y PARA MENOS DE DOS SEMANAS,0.0,22.0,22.0,24.0,24.0,24.0,,OBRASANCARLOS,1290581-OBRASANCARLOS
1291188.0,EXTRACTOR RETON 100 BTH HIGRO 1 UN,BAJO NIVEL CRITICO Y PARA MENOS DE DOS SEMANAS,3.0,22.0,22.0,45.0,45.0,45.0,,OBRASANCARLOS,1291188-OBRASANCARLOS
1208621.0,FRAGUE CERAMICOALMOND  1 KG 1 UN,SOBRE NIVEL CRÍTICO Y PARA MÁS DE DOS SEMANAS,177.0,20.0,20.0,135.24,129.23,129.23,12 MESES,OBRASANCARLOS,1208621-OBRASANCARLOS
1179524.0,FRAGUE CERAMICOBLANCO  1 KG 1 UN,BAJO NIVEL CRITICO Y PARA MÁS DE DOS SEMANAS,20.0,22.0,22.0,51.32,46.44,46.44,12 MESES,OBRASANCARLOS,1179524-OBRASANCARLOS
1188877.0,GUARDAPOLVO CHAFLAN C/CANTERIA 13 X 65 MM X 3 ML 1 UN,SOBRE NIVEL CRÍTICO Y PARA MÁS DE DOS SEMANAS,89.99994140624995,22.0,22.0,477.36,477.0,477.0,,OBRASANCARLOS,1188877-OBRASANCARLOS
1182889.0,LANA DE VIDRIO 100 MM VOLCAN 1 M2,SOBRE NIVEL CRÍTICO Y PARA MÁS DE DOS SEMANAS,791.9999926757813,22.0,22.0,60.78,60.78,60.78,,OBRASANCARLOS,1182889-OBRASANCARLOS
1194492.0,LANA DE VIDRIO 140 MM VOLCAN 1 M2,SOBRE NIVEL CRÍTICO Y PARA MÁS DE DOS SEMANAS,1044.000034179687,22.0,22.0,1102.02,1098.0,1098.0,,OBRASANCARLOS,1194492-OBRASANCARLOS
1295453.0,LATEX CIELOLAT BLANCO 1T      ,BAJO NIVEL CRITICOY SIN ENTREGA LOS ÚLTIMOS 90 DÍAS,2.0,19.0,19.0,16.8,10.4,10.4,12 MESES,OBRASANCARLOS,1295453-OBRASANCARLOS
1295488.0,LATEX CIELOLAT MARFIL 1T      ,BAJO NIVEL CRITICOY SIN ENTREGA LOS ÚLTIMOS 90 DÍAS,4.0,18.0,18.0,28.5,28.4,28.4,12 MESES,OBRASANCARLOS,1295488-OBRASANCARLOS
41020236.0,LATEX KEM PRO BLANCO 1 TINETA,BAJO NIVEL CRITICO Y PARA MÁS DE DOS SEMANAS,8.999999237060546,22.0,22.0,27.0,20.0,20.0,12 MESES,OBRASANCARLOS,41020236-OBRASANCARLOS
41020233.0,LATEX KEM PRO MARFIL 1 TINETA,BAJO NIVEL CRITICO Y PARA MÁS DE DOS SEMANAS,9.0,22.0,22.0,37.8,15.0,15.0,12 MESES,OBRASANCARLOS,41020233-OBRASANCARLOS
1192260.0,LAVAMANOS VALENCIA  1 UN,BAJO NIVEL CRITICO Y PARA MENOS DE DOS SEMANAS,0.0,22.0,22.0,24.0,24.0,24.0,,OBRASANCARLOS,1192260-OBRASANCARLOS
1189191.0,LAVAPLATO ACERO INOX DERECHO 800 X 50 1 UN,BAJO NIVEL CRITICO Y PARA MENOS DE DOS SEMANAS,0.0,22.0,22.0,9.0,10.0,10.0,,OBRASANCARLOS,1189191-OBRASANCARLOS
1189175.0,LAVAPLATO ACERO INOX IZQUIERDO 800 X 50 1 UN,BAJO NIVEL CRITICO Y PARA MÁS DE DOS SEMANAS,6.0,22.0,22.0,10.5,11.0,11.0,,OBRASANCARLOS,1189175-OBRASANCARLOS
1203213.0,LLAVE PASO PP-R CAMPANA 20 MM CRM 1 UN,BAJO NIVEL CRITICO Y PARA MÁS DE DOS SEMANAS,33.0,22.0,22.0,42.0,42.0,42.0,,OBRASANCARLOS,1203213-OBRASANCARLOS
1190344.0,LLAVE PASO PP-R CAMPANA 25 MM CRM 1 UN,BAJO NIVEL CRITICO Y PARA MÁS DE DOS SEMANAS,34.0,22.0,22.0,69.0,69.0,69.0,,OBRASANCARLOS,1190344-OBRASANCARLOS
1251346.0,MALLA DE FIBRA DE VIDRIO 153 GRS/M2 1 X 50 WEBER MTS 1 UN,BAJO NIVEL CRITICOY SIN ENTREGA LOS ÚLTIMOS 90 DÍAS,0.3699998617172241,22.0,22.0,32.46,31.81,31.81,,OBRASANCARLOS,1251346-OBRASANCARLOS
1182862.0,MARCO PUERTA MADERA 30 X 90 1 UN,BAJO NIVEL CRITICO Y PARA MENOS DE DOS SEMANAS,0.0,22.0,22.0,69.0,69.0,69.0,,OBRASANCARLOS,1182862-OBRASANCARLOS
1271136.0,MARCO PUERTA MADERA 40 X 90 C/RANURA BURLETE 1 UN,BAJO NIVEL CRITICO Y PARA MENOS DE DOS SEMANAS,0.0,22.0,22.0,42.0,42.0,42.0,,OBRASANCARLOS,1271136-OBRASANCARLOS
1270432.0,MARMOLINA BEIGE CT-70R G.M. (25 KG) 1 TINETA,BAJO NIVEL CRITICO Y PARA MÁS DE DOS SEMANAS,2.0,21.0,21.0,3.33,4.0,4.0,24 MESES,OBRASANCARLOS,1270432-OBRASANCARLOS
1270483.0,MARMOLINA BLANCA CT-70R G.M. (25 KG) 1 TINETA,BAJO NIVEL CRITICO Y PARA MÁS DE DOS SEMANAS,13.0,21.0,21.0,11.94,10.0,10.0,24 MESES,OBRASANCARLOS,1270483-OBRASANCARLOS
1270459.0,MARMOLINA GRIS ARENA CT-70R G.M. (25 KG) 1 TINETA,BAJO NIVEL CRITICO Y PARA MENOS DE DOS SEMANAS,0.0,22.0,22.0,14.985,3.0,3.0,24 MESES,OBRASANCARLOS,1270459-OBRASANCARLOS
1270441.0,MARMOLINA MOSTAZA CT-70R G.M. (25 KG) 1 TINETA,BAJO NIVEL CRITICO Y PARA MENOS DE DOS SEMANAS,2.0,22.0,22.0,14.985,3.0,3.0,24 MESES,OBRASANCARLOS,1270441-OBRASANCARLOS
1192956.0,MASTERSEAL 550 30 KG 1 JUEGO,BAJO NIVEL CRITICOY SIN ENTREGA LOS ÚLTIMOS 90 DÍAS,2.0,22.0,22.0,21.0,20.0,20.0,24 MESES,OBRASANCARLOS,1192956-OBRASANCARLOS
1188885.0,MEDIAS CANAS 13X35 MM X 3 ML,BAJO NIVEL CRITICOY SIN ENTREGA LOS ÚLTIMOS 90 DÍAS,-3.0,20.0,20.0,109.0,109.0,109.0,,OBRASANCARLOS,1188885-OBRASANCARLOS
1182803.0,"MEDIDOR AGUA POTABLE 3/4"" 1 U N",BAJO NIVEL CRITICO Y PARA MENOS DE DOS SEMANAS,1.0,22.0,22.0,21.0,23.0,23.0,12 MESES,OBRASANCARLOS,1182803-OBRASANCARLOS
1288093.0,MOLDURA XPS 33X32 E6 1 ML,SOBRE NIVEL CRÍTICO Y PARA MENOS DE DOS SEMANAS,156.0,22.0,22.0,1554.0,1594.0,1594.0,,OBRASANCARLOS,1288093-OBRASANCARLOS
1264585.0,MONOMANDO LAVAPLATO ORNELLA  1 UN,BAJO NIVEL CRITICO Y PARA MENOS DE DOS SEMANAS,1.0,22.0,22.0,21.0,21.0,21.0,,OBRASANCARLOS,1264585-OBRASANCARLOS
1184121.0,MONOMANDO LAVATORIO ORNELLA  1 UN,BAJO NIVEL CRITICO Y PARA MÁS DE DOS SEMANAS,7.0,22.0,22.0,24.0,24.0,24.0,,OBRASANCARLOS,1184121-OBRASANCARLOS
1184139.0,MONOMANDO TINA-DUCHA ORNELLA  1 UN,BAJO NIVEL CRITICO Y PARA MÁS DE DOS SEMANAS,7.0,22.0,22.0,24.0,24.0,24.0,,OBRASANCARLOS,1184139-OBRASANCARLOS
1274812.0,MORTERO BASE COAT 20 KG 1 SACO,BAJO NIVEL CRITICO Y PARA MENOS DE DOS SEMANAS,-7.32421875682121e-06,22.0,22.0,369.85,338.0,327.0,12 MESES,OBRASANCARLOS,1274812-OBRASANCARLOS
41020232.0,MORTERO PRESEC 196 25 KG,BAJO NIVEL CRITICO Y PARA MENOS DE DOS SEMANAS,0.0,22.0,22.0,63.62,52.64,42.64,6 MESES,OBRASANCARLOS,41020232-OBRASANCARLOS
1182483.0,"MUEBLE LAVAPLATO 0,8 MTS 1 UN",BAJO NIVEL CRITICO Y PARA MENOS DE DOS SEMANAS,0.0,22.0,22.0,21.0,21.0,21.0,,OBRASANCARLOS,1182483-OBRASANCARLOS
41020239.0,OLEO OPACO KEM PRO BLANCO 1 GL,BAJO NIVEL CRITICO Y PARA MÁS DE DOS SEMANAS,6.999999809265137,22.0,22.0,18.9,5.0,5.0,12 MESES,OBRASANCARLOS,41020239-OBRASANCARLOS
1183136.0,PAPEL FIELTRO 10/40 1 ROLLO,BAJO NIVEL CRITICO Y PARA MÁS DE DOS SEMANAS,13.00000015258789,22.0,22.0,80.32,80.10999999999999,80.11,,OBRASANCARLOS,1183136-OBRASANCARLOS
41020237.0,"PASTA MURO KEM PRO 24,1 KG 1 TINETA",BAJO NIVEL CRITICO Y PARA MÁS DE DOS SEMANAS,5.0,22.0,22.0,54.0,6.0,6.0,12 MESES,OBRASANCARLOS,41020237-OBRASANCARLOS
1191662.0,PEDESTAL UNIVERSAL 1 UN,BAJO NIVEL CRITICO Y PARA MENOS DE DOS SEMANAS,0.0,22.0,22.0,24.0,24.0,24.0,,OBRASANCARLOS,1191662-OBRASANCARLOS
1201470.0,PEGAMENTO ALFOMBRA PATEL 18 LTS,BAJO NIVEL CRITICO Y PARA MENOS DE DOS SEMANAS,1.0,22.0,22.0,5.96,6.3,6.3,12 MESES,OBRASANCARLOS,1201470-OBRASANCARLOS
1193975.0,"PERFIL C METALCON 60 X 38 X 8 X 0,85 MM X 2,4 MTS 60 CA085",BAJO NIVEL CRITICOY SIN ENTREGA LOS ÚLTIMOS 90 DÍAS,9.0,22.0,22.0,13.5,13.5,13.5,,OBRASANCARLOS,1193975-OBRASANCARLOS
1188033.0,"PERFIL CANAL NORMAL 61 X 20 X 0,5 MM X 3 MTS 1 UN",BAJO NIVEL CRITICO Y PARA MÁS DE DOS SEMANAS,31.0,22.0,22.0,285.0,285.0,285.0,,OBRASANCARLOS,1188033-OBRASANCARLOS
1188025.0,"PERFIL MONTANTE NORMAL 60 X 38 X 0,5 MM X 2,4 MTS 1 UN",BAJO NIVEL CRITICO Y PARA MENOS DE DOS SEMANAS,0.0,22.0,22.0,969.0,969.0,969.0,,OBRASANCARLOS,1188025-OBRASANCARLOS
1198881.0,"PERFIL PORTANTE 40 R 40 X 18 X 10 X 0,5 MM X 6 MTS",BAJO NIVEL CRITICO Y PARA MENOS DE DOS SEMANAS,3.0,22.0,22.0,549.0,549.0,549.0,,OBRASANCARLOS,1198881-OBRASANCARLOS
1193983.0,"PERFIL U METALCON 62 X 25 X 0,85 MM X 3,0 MTS 62 CO85",BAJO NIVEL CRITICOY SIN ENTREGA LOS ÚLTIMOS 90 DÍAS,2.0,22.0,22.0,3.0,3.0,3.0,,OBRASANCARLOS,1193983-OBRASANCARLOS
1273393.0,PILASTRA PINO 13X45 MM X 3ML,BAJO NIVEL CRITICO Y PARA MÁS DE DOS SEMANAS,29.5,22.0,22.0,124.5,96.0,96.0,,OBRASANCARLOS,1273393-OBRASANCARLOS
,,,,,,,,,,OBRASANCARLOS,
1178839.0,"PINO 2"" X 10"" X 3,20 MT",BAJO NIVEL CRITICO Y PARA MENOS DE DOS SEMANAS,0.0,22.0,22.0,12.0,12.0,12.0,,OBRASANCARLOS,1178839-OBRASANCARLOS
1193713.0,"PINO 2"" X 2"" X 3,20 MT IMPREGNADO",BAJO NIVEL CRITICO Y PARA MÁS DE DOS SEMANAS,57.0,22.0,22.0,1903.5,1903.0,1903.0,,OBRASANCARLOS,1193713-OBRASANCARLOS
41020165.0,PINTURA ESMALTE AL AGUA MARFIL CP-70 1 TIN,BAJO NIVEL CRITICO Y PARA MÁS DE DOS SEMANAS,10.45,22.0,22.0,11.7,11.06,11.06,12 MESES,OBRASANCARLOS,41020165-OBRASANCARLOS
1194652.0,PINTURA HOJALATANEGRO ACRIZINC  1 GAL,BAJO NIVEL CRITICOY SIN ENTREGA LOS ÚLTIMOS 90 DÍAS,14.0,11.0,11.0,15.78,15.78,15.78,60 MESES,OBRASANCARLOS,1194652-OBRASANCARLOS
1274821.0,PINTURA IMPERMEABILIZANTE MASTERWALL BEIGE (IC)  1 TIN,BAJO NIVEL CRITICO Y PARA MÁS DE DOS SEMANAS,2.0,22.0,22.0,7.7,8.0,8.0,12 MESES,OBRASANCARLOS,1274821-OBRASANCARLOS
1274839.0,PINTURA IMPERMEABILIZANTE MASTERWALL GRIS ARENA (SR)  1 TIN,BAJO NIVEL CRITICO Y PARA MÁS DE DOS SEMANAS,2.0,22.0,22.0,6.600000000000001,6.0,6.0,12 MESES,OBRASANCARLOS,1274839-OBRASANCARLOS
1274847.0,PINTURA IMPERMEABILIZANTE MASTERWALL MOSTAZA (GS)  1 TIN,BAJO NIVEL CRITICO Y PARA MÁS DE DOS SEMANAS,4.0,22.0,22.0,7.7,9.0,9.0,12 MESES,OBRASANCARLOS,1274847-OBRASANCARLOS
1180074.0,PINTURA OLEO OPACOBLANCO CP-70  1 GAL,BAJO NIVEL CRITICOY SIN ENTREGA LOS ÚLTIMOS 90 DÍAS,0.0,19.0,18.0,15.45,15.4,15.4,12 MESES,OBRASANCARLOS,1180074-OBRASANCARLOS
1188105.0,PLANCHA FIBROCEMENTO 4 MM VOLCAN 1 PLANCHA,BAJO NIVEL CRITICO Y PARA MENOS DE DOS SEMANAS,0.0,22.0,22.0,283.5,287.5,287.5,,OBRASANCARLOS,1188105-OBRASANCARLOS
1192999.0,"PLANCHA OSB STD 9,5 MM X 2,44 X 1,22 MTS LP 1 UN",BAJO NIVEL CRITICO Y PARA MÁS DE DOS SEMANAS,59.0,22.0,22.0,84.0,84.0,84.0,,OBRASANCARLOS,1192999-OBRASANCARLOS
1179698.0,"PLANCHA YESO-CARTON ST 10 MM 1,20 X 2,40 VOLCAN 1 PLANCHA",BAJO NIVEL CRITICO Y PARA MENOS DE DOS SEMANAS,0.0,22.0,22.0,846.02,847.0,847.0,,OBRASANCARLOS,1179698-OBRASANCARLOS
1278928.0,POLIESTIRENO EXP. 30 MM (20KG/ M3) 1 PLANCHA,BAJO NIVEL CRITICOY SIN ENTREGA LOS ÚLTIMOS 90 DÍAS,28.0,22.0,22.0,315.0,315.0,315.0,,OBRASANCARLOS,1278928-OBRASANCARLOS
1278944.0,POLIESTIRENO EXP. 70 MM (20KG/ M3) 1 PLANCHA,BAJO NIVEL CRITICOY SIN ENTREGA LOS ÚLTIMOS 90 DÍAS,9.0,22.0,22.0,36.0,36.0,36.0,,OBRASANCARLOS,1278944-OBRASANCARLOS
1278952.0,POLIESTIRENO EXP. 80 MM (20KG/ M3) 1 PLANCHA,CERCA DE NIVEL CRITICOY SIN ENTREGA LOS ÚLTIMOS 90 DÍAS,111.0,22.0,22.0,2888.02,2552.0,2552.0,,OBRASANCARLOS,1278952-OBRASANCARLOS
1191945.0,PROMOTOR DE ADHERENCIA TECNO BOND  20 KG 1 TIN,BAJO NIVEL CRITICO Y PARA MENOS DE DOS SEMANAS,0.0,22.0,22.0,0.77,1.16,1.16,12 MESES,OBRASANCARLOS,1191945-OBRASANCARLOS
1260955.0,"PUERTA HDF EXTERIOR PRESTIGE PROTEGIDA 0,80 X 2 MT 1 UN",BAJO NIVEL CRITICO Y PARA MENOS DE DOS SEMANAS,0.0,22.0,22.0,21.0,21.0,21.0,,OBRASANCARLOS,1260955-OBRASANCARLOS
1192112.0,"PUERTA HDF PRESTIGE 0,65 X 2 M T INTERIOR 1 UN",BAJO NIVEL CRITICO Y PARA MENOS DE DOS SEMANAS,0.0,22.0,22.0,3.0,3.0,3.0,,OBRASANCARLOS,1192112-OBRASANCARLOS
1192121.0,"PUERTA HDF PRESTIGE 0,70 X 2 M T INTERIOR 1 UN",BAJO NIVEL CRITICO Y PARA MENOS DE DOS SEMANAS,0.0,22.0,22.0,66.0,66.0,66.0,,OBRASANCARLOS,1192121-OBRASANCARLOS
1188471.0,"PUERTA TERCIADO 0,75 X 2,00 MT CON PE C/C  1 UN",BAJO NIVEL CRITICO Y PARA MENOS DE DOS SEMANAS,0.0,22.0,22.0,21.0,21.0,21.0,,OBRASANCARLOS,1188471-OBRASANCARLOS
1187241.0,REGULADOR P/GAS 45KG RI 11100 1 UN,BAJO NIVEL CRITICO Y PARA MÁS DE DOS SEMANAS,44.0,22.0,22.0,21.0,21.0,21.0,,OBRASANCARLOS,1187241-OBRASANCARLOS
1177810.0,RODILLO CHIPORRO 18 CM 1 UN,BAJO NIVEL CRITICO Y PARA MENOS DE DOS SEMANAS,6.0,22.0,22.0,45.9,45.90000000000001,45.90000000000001,,OBRASANCARLOS,1177810-OBRASANCARLOS
1274783.0,"SIDING 0,19 X 6 MM X 3,66 VOLCAN MTS",SOBRE NIVEL CRÍTICO Y PARA MÁS DE DOS SEMANAS,286.0,22.0,22.0,756.0,733.0,733.0,,OBRASANCARLOS,1274783-OBRASANCARLOS
1183128.0,"SIFON BOTELLA 1 1/4"" SALIDA CURVA 1 UN",BAJO NIVEL CRITICO Y PARA MENOS DE DOS SEMANAS,0.0,22.0,22.0,21.0,21.0,21.0,,OBRASANCARLOS,1183128-OBRASANCARLOS
1181317.0,"SIFON EMBELLE 1 1/4"" SALIDA RECTA 1 UN",BAJO NIVEL CRITICO Y PARA MÁS DE DOS SEMANAS,11.0,22.0,22.0,3.0,3.0,3.0,,OBRASANCARLOS,1181317-OBRASANCARLOS
1177887.0,"SIFON LOA LAVAPLATOS S/CURVA 1 1/2"" 1 UN",BAJO NIVEL CRITICO Y PARA MENOS DE DOS SEMANAS,0.0,22.0,22.0,21.0,21.0,21.0,,OBRASANCARLOS,1177887-OBRASANCARLOS
1279584.0,"SIKABOND MONTAJE 3,8 KG BALDES",BAJO NIVEL CRITICO Y PARA MÁS DE DOS SEMANAS,6.0,22.0,22.0,31.5,28.0,28.0,12 MESES,OBRASANCARLOS,1279584-OBRASANCARLOS
1199517.0,SOBREPASO PP-R 20 MM 1 UN,BAJO NIVEL CRITICO Y PARA MÁS DE DOS SEMANAS,9.0,22.0,22.0,72.0,72.0,72.0,,OBRASANCARLOS,1199517-OBRASANCARLOS
1187671.0,"TAPACAN SMARTSIDE TRIM 5 1/2"" LP 1 UN",BAJO NIVEL CRITICO Y PARA MENOS DE DOS SEMANAS,0.5,22.0,22.0,88.5,88.5,88.5,,OBRASANCARLOS,1187671-OBRASANCARLOS
1187751.0,"TAPACAN SMARTSIDE TRIM 7 1/4"" LP 1 UN",BAJO NIVEL CRITICO Y PARA MÁS DE DOS SEMANAS,5.0,22.0,22.0,94.5,94.5,94.5,,OBRASANCARLOS,1187751-OBRASANCARLOS
1248032.0,"TAPON PP-R 1/2"" HE 1 UN",BAJO NIVEL CRITICO Y PARA MENOS DE DOS SEMANAS,0.0,22.0,22.0,129.0,129.0,129.0,,OBRASANCARLOS,1248032-OBRASANCARLOS
1248041.0,"TAPON PP-R 1/2"" HI 1 UN",SOBRE NIVEL CRÍTICO Y PARA MÁS DE DOS SEMANAS,284.0,22.0,22.0,30.93,30.0,30.0,,OBRASANCARLOS,1248041-OBRASANCARLOS
12736330.0,TEE PEX 20 MM,BAJO NIVEL CRITICOY SIN ENTREGA LOS ÚLTIMOS 90 DÍAS,10.0,22.0,,,,,,OBRASANCARLOS,12736330-OBRASANCARLOS
1253333.0,TEE PP-R 20 MM 1 UN,BAJO NIVEL CRITICO Y PARA MÁS DE DOS SEMANAS,11.0,22.0,22.0,42.0,42.0,42.0,,OBRASANCARLOS,1253333-OBRASANCARLOS
1204515.0,TEE PP-R 25 MM 1 UN,BAJO NIVEL CRITICOY SIN ENTREGA LOS ÚLTIMOS 90 DÍAS,3.0,22.0,22.0,27.0,27.0,27.0,,OBRASANCARLOS,1204515-OBRASANCARLOS
12736410.0,TEE PRUEBA PEX 20 X 1/2 HI X20,BAJO NIVEL CRITICOY SIN ENTREGA LOS ÚLTIMOS 90 DÍAS,5.0,22.0,,,,,,OBRASANCARLOS,12736410-OBRASANCARLOS
1247110.0,TEE RED.20 X 25 X 20 PP-R 1 UN,BAJO NIVEL CRITICO Y PARA MÁS DE DOS SEMANAS,8.0,22.0,22.0,3.0,3.0,3.0,,OBRASANCARLOS,1247110-OBRASANCARLOS
1247128.0,TEE RED.25 X 20 X 20 PP-R 1 UN,BAJO NIVEL CRITICO Y PARA MENOS DE DOS SEMANAS,0.0,22.0,22.0,42.0,42.0,42.0,,OBRASANCARLOS,1247128-OBRASANCARLOS
1190299.0,TEE RED.25 X 20 X 25 PP-R 1 UN,BAJO NIVEL CRITICOY SIN ENTREGA LOS ÚLTIMOS 90 DÍAS,0.0,22.0,22.0,60.0,60.0,60.0,,OBRASANCARLOS,1190299-OBRASANCARLOS
1247144.0,TEE RED.25 X 25 X 20 PP-R 1 UN,BAJO NIVEL CRITICO Y PARA MÁS DE DOS SEMANAS,48.0,22.0,22.0,45.0,45.0,45.0,,OBRASANCARLOS,1247144-OBRASANCARLOS
1247161.0,TEE RED.32 X 25 X 25 PP-R 1 UN,BAJO NIVEL CRITICOY SIN ENTREGA LOS ÚLTIMOS 90 DÍAS,1.0,21.0,21.0,8.0,8.0,8.0,,OBRASANCARLOS,1247161-OBRASANCARLOS
1272374.0,TERMINAL PEX 20 X 1/2 HE,BAJO NIVEL CRITICO Y PARA MENOS DE DOS SEMANAS,0.0,22.0,22.0,42.0,42.0,42.0,,OBRASANCARLOS,1272374-OBRASANCARLOS
1208006.0,TERMINAL PP-R 20 X 1/2 HI 1 UN,BAJO NIVEL CRITICO Y PARA MENOS DE DOS SEMANAS,0.0,22.0,22.0,36.0,36.0,36.0,,OBRASANCARLOS,1208006-OBRASANCARLOS
1252074.0,"TERMINAL PP-R 20 X 1/2"" HE 1 UN",SOBRE NIVEL CRÍTICOY SIN ENTREGA LOS ÚLTIMOS 90 DÍAS,219.0,22.0,22.0,42.0,42.0,42.0,,OBRASANCARLOS,1252074-OBRASANCARLOS
1255857.0,"TERMINAL PP-R 25 X 1/2"" HE 1 UN",BAJO NIVEL CRITICO Y PARA MÁS DE DOS SEMANAS,92.0,22.0,22.0,6.0,6.0,6.0,,OBRASANCARLOS,1255857-OBRASANCARLOS
1244285.0,"TERMINAL PP-R 25 X 3/4"" HE 1 UN",BAJO NIVEL CRITICO Y PARA MÁS DE DOS SEMANAS,49.0,22.0,22.0,18.0,18.0,18.0,,OBRASANCARLOS,1244285-OBRASANCARLOS
1247179.0,"TERMINAL PP-R 32 X 3/4"" HE 1 UN",BAJO NIVEL CRITICO Y PARA MÁS DE DOS SEMANAS,1.6,22.0,22.0,3.0,3.0,3.0,,OBRASANCARLOS,1247179-OBRASANCARLOS
1180331.0,"TINA 1,20 X 0,70 MTS BLANCA ES MALTADA SENSI DACQUA 1 UN",BAJO NIVEL CRITICO Y PARA MÁS DE DOS SEMANAS,2.0,22.0,22.0,3.0,3.0,3.0,,OBRASANCARLOS,1180331-OBRASANCARLOS
1256817.0,"TINA 1,30 X 0,70 MTS BLANCA ESMALTADA SENSI DACQUA 1 UN",BAJO NIVEL CRITICO Y PARA MENOS DE DOS SEMANAS,1.0,22.0,22.0,21.0,18.0,16.0,,OBRASANCARLOS,1256817-OBRASANCARLOS
12736090.0,TUBERIA PEX 20 MM 1 MT,BAJO NIVEL CRITICOY SIN ENTREGA LOS ÚLTIMOS 90 DÍAS,0.0,22.0,,,,,,OBRASANCARLOS,12736090-OBRASANCARLOS
,,,,,,,,,,OBRASANCARLOS,
,,,,,,,,,,OBRASANCARLOS,
1205850.0,TUBERIA PP-R 20 MM PN-16 1 ML,BAJO NIVEL CRITICOY SIN ENTREGA LOS ÚLTIMOS 90 DÍAS,0.0,22.0,22.0,180.0,180.0,180.0,,OBRASANCARLOS,1205850-OBRASANCARLOS
1269909.0,ADHESIVO CERAMICO EN PASTA AC  25 KG 1 TIN,SOBRE NIVEL CRÍTICO Y PARA MÁS DE DOS SEMANAS,30.00000167846679,5.0,4.0,33.13,38.38,38.38,9 MESES ,OBRASANMIGUEL,1269909-OBRASANMIGUEL
1177641.0,ADHESIVO CERAMICO POLVO ULTRA 25 KG 1 SACO,SOBRE NIVEL CRÍTICO Y PARA MÁS DE DOS SEMANAS,96.0,6.0,5.0,197.76,242.76,197.76,6 MESES,OBRASANMIGUEL,1177641-OBRASANMIGUEL
1196455.0,ADHESIVO SILICONABLANCO SANISIL 280 ML 1 UN,BAJO NIVEL CRITICO Y PARA MENOS DE DOS SEMANAS,1.0,3.0,3.0,22.4,21.45,21.45,24 MESES,OBRASANMIGUEL,1196455-OBRASANMIGUEL
1177650.0,ADHESIVOBLANCO SIKACRYL+ PINTABLE 300 ML 1 UN,BAJO NIVEL CRITICO Y PARA MENOS DE DOS SEMANAS,8.0,2.0,1.0,94.6,94.6,94.6,24 MESES,OBRASANMIGUEL,1177650-OBRASANMIGUEL
1296237.0,AIRE ACONDICIONADO 12000 BTU 1 UN,BAJO NIVEL CRITICOY SIN ENTREGA LOS ÚLTIMOS 90 DÍAS,2.0,5.0,,,,,,OBRASANMIGUEL,1296237-OBRASANMIGUEL
1257570.0,ALFOMBRABEIGE STONE 600 GRS 1 M2,SOBRE NIVEL CRÍTICO Y PARA MÁS DE DOS SEMANAS,639.599951171875,5.0,4.0,1107.05,1107.05,1107.05,,OBRASANMIGUEL,1257570-OBRASANMIGUEL
1192147.0,"BISAGRA 3"" X 3"" CROMO SATIN 1 UN",SOBRE NIVEL CRÍTICO Y PARA MÁS DE DOS SEMANAS,307.0,5.0,4.0,441.0,441.0,441.0,,OBRASANMIGUEL,1192147-OBRASANMIGUEL
1178193.0,"BROCHA 2"" 1 UN",SOBRE NIVEL CRÍTICO Y PARA MÁS DE DOS SEMANAS,62.0,3.0,3.0,56.01,55.82,55.82,,OBRASANMIGUEL,1178193-OBRASANMIGUEL
1179508.0,"BROCHA 4"" 1 UN",SOBRE NIVEL CRÍTICO Y PARA MÁS DE DOS SEMANAS,68.0,5.0,5.0,100.36,98.67999999999999,98.68,,OBRASANMIGUEL,1179508-OBRASANMIGUEL
1274572.0,BURLETE BAJO PUERTA 1 UN,BAJO NIVEL CRITICO Y PARA MENOS DE DOS SEMANAS,0.0,4.0,4.0,42.0,42.0,42.0,,OBRASANMIGUEL,1274572-OBRASANMIGUEL
1274564.0,BURLETE MARCO PUERTA 1 MT,SOBRE NIVEL CRÍTICO Y PARA MÁS DE DOS SEMANAS,774.0,4.0,4.0,210.0,122.0,122.0,,OBRASANMIGUEL,1274564-OBRASANMIGUEL
41020191.0,CALEFON TIRO FORZADO G.L. 10 LTS C/KIT C/FLEX 1 UN,BAJO NIVEL CRITICO Y PARA MENOS DE DOS SEMANAS,0.0,4.0,4.0,21.0,21.0,21.0,,OBRASANMIGUEL,41020191-OBRASANMIGUEL
41020230.0,CAMPANA BAJO MUEBLE 1 UN,,,,,,,,,OBRASANMIGUEL,41020230-OBRASANMIGUEL
1189722.0,CELOSIA 20 X 20 BLANCA 1 UN,SOBRE NIVEL CRÍTICO Y PARA MÁS DE DOS SEMANAS,180.0,7.0,2.0,36.0,36.0,36.0,,OBRASANMIGUEL,1189722-OBRASANMIGUEL
1178257.0,CELOSIA 30 X 30 BLANCA 1 UN,SOBRE NIVEL CRÍTICO Y PARA MÁS DE DOS SEMANAS,98.0,6.0,6.0,32.0,20.0,20.0,,OBRASANMIGUEL,1178257-OBRASANMIGUEL
1269802.0,CEMENTO AR PUZOLANICO BIO BIO 1 KG,BAJO NIVEL CRITICO Y PARA MENOS DE DOS SEMANAS,-750.00048828125,8.0,8.0,5172.2,5172.2,5172.2,2 MESES,OBRASANMIGUEL,1269802-OBRASANMIGUEL
1295381.0,CERAMICA NEW BLANCA BRILL 20 X,SOBRE NIVEL CRÍTICO Y PARA MÁS DE DOS SEMANAS,204.4,5.0,4.0,217.41,220.41,220.41,,OBRASANMIGUEL,1295381-OBRASANMIGUEL
1286080.0,CERAMICABEIGE SOLANA 45 X 45 1 M2,SOBRE NIVEL CRÍTICO Y PARA MÁS DE DOS SEMANAS,1154.159985351562,6.0,5.0,700.53,700.53,700.53,,OBRASANMIGUEL,1286080-OBRASANMIGUEL
41020262.0,CERCO VENTANA TECHO LISO ALTATERRA 55 X 78 1 UN,BAJO NIVEL CRITICOY SIN ENTREGA LOS ÚLTIMOS 90 DÍAS,14.0,7.0,4.0,21.0,21.0,21.0,,OBRASANMIGUEL,41020262-OBRASANMIGUEL
1251688.0,CERRADURA ACC LLAVE ANDESLOCK CILINDRICA INOX AA43-AI 1 UN,BAJO NIVEL CRITICO Y PARA MENOS DE DOS SEMANAS,0.0,4.0,4.0,21.0,21.0,21.0,,OBRASANMIGUEL,1251688-OBRASANMIGUEL
1251696.0,CERRADURA BAÑO ANDESLOCK CILINDRICA INOX AA44-AI 1 UN,BAJO NIVEL CRITICO Y PARA MENOS DE DOS SEMANAS,0.0,4.0,4.0,42.0,42.0,42.0,,OBRASANMIGUEL,1251696-OBRASANMIGUEL
1251725.0,CERRADURA DORMITORIO - OFICINA ANDESLOCK CILINDRICA INOX AA40-AI 1 UN,BAJO NIVEL CRITICO Y PARA MENOS DE DOS SEMANAS,7.0,4.0,4.0,21.0,42.0,42.0,,OBRASANMIGUEL,1251725-OBRASANMIGUEL
1184083.0,CERRADURA REJA 2985 CI-30 POLI 1 UN,,,,,,,,,OBRASANMIGUEL,1184083-OBRASANMIGUEL
1251709.0,CERRADURA SIMPLE PASO ANDESLOCK CILINDRICA INOX AA46-AI 1 UN,BAJO NIVEL CRITICO Y PARA MENOS DE DOS SEMANAS,6.0,4.0,4.0,42.0,42.0,42.0,,OBRASANMIGUEL,1251709-OBRASANMIGUEL
1193131.0,CERROJO INOX LLAVE ANDESLOCK AX70-AI 1 UN,BAJO NIVEL CRITICO Y PARA MENOS DE DOS SEMANAS,0.0,4.0,4.0,42.0,42.0,42.0,,OBRASANMIGUEL,1193131-OBRASANMIGUEL
1193959.0,"CIELO PERFIL AT 20 X 25 X 4 X 0,42 MM X 3,0 MTS",SOBRE NIVEL CRÍTICO Y PARA MÁS DE DOS SEMANAS,836.0,6.0,6.0,252.43,252.59,252.59,,OBRASANMIGUEL,1193959-OBRASANMIGUEL
1183013.0,CINTA AUTOADHESIVA P/JUNTURA 45 MTS 1 ROLLO,SOBRE NIVEL CRÍTICO Y PARA MÁS DE DOS SEMANAS,161.9967041015625,8.0,4.0,143.85,143.85,143.85,,OBRASANMIGUEL,1183013-OBRASANMIGUEL
1252390.0,"CODO PP-R DOBLE FIJACION TINA HI 20 X 1/2"" 1 UN",BAJO NIVEL CRITICOY SIN ENTREGA LOS ÚLTIMOS 90 DÍAS,0.0,,,,,,,OBRASANMIGUEL,1252390-OBRASANMIGUEL
1272340.0,CODO PEX 20 X 1/2 HE,BAJO NIVEL CRITICO Y PARA MÁS DE DOS SEMANAS,17.0,5.0,5.0,32.0,30.0,30.0,,OBRASANMIGUEL,1272340-OBRASANMIGUEL
1272323.0,CODO PEX 20 X 20 MM,SOBRE NIVEL CRÍTICO Y PARA MÁS DE DOS SEMANAS,66.0,5.0,4.0,84.0,84.0,84.0,,OBRASANMIGUEL,1272323-OBRASANMIGUEL
1247072.0,CODO PP-R 20 MM 1 UN,SOBRE NIVEL CRÍTICO Y PARA MENOS DE DOS SEMANAS,39.0,9.0,9.0,210.0,210.04,0.0,,OBRASANMIGUEL,1247072-OBRASANMIGUEL
1196199.0,"CODO PP-R 20 X 1/2"" HE 1 UN",BAJO NIVEL CRITICO Y PARA MÁS DE DOS SEMANAS,7.0,9.0,9.0,30.0,30.0,0.0,,OBRASANMIGUEL,1196199-OBRASANMIGUEL
1196076.0,"CODO PP-R 20 X 1/2"" HI 1 UN",SOBRE NIVEL CRÍTICO Y PARA MÁS DE DOS SEMANAS,64.0,9.0,9.0,45.0,45.0,0.0,,OBRASANMIGUEL,1196076-OBRASANMIGUEL
1247081.0,CODO PP-R 25 MM 1 UN,SOBRE NIVEL CRÍTICO Y PARA MÁS DE DOS SEMANAS,410.0,9.0,9.0,225.0,225.0,0.0,,OBRASANMIGUEL,1247081-OBRASANMIGUEL
1205921.0,"CODO PP-R 25 X 1/2"" HE 1 UN",SOBRE NIVEL CRÍTICO Y PARA MÁS DE DOS SEMANAS,99.0,9.0,9.0,30.0,30.0,0.0,,OBRASANMIGUEL,1205921-OBRASANMIGUEL
1190230.0,CODO PP-R 32 MM 1 UN,SOBRE NIVEL CRÍTICO Y PARA MÁS DE DOS SEMANAS,279.0,9.0,9.0,60.0,60.0,0.0,,OBRASANMIGUEL,1190230-OBRASANMIGUEL
1205841.0,CODO RED PP-R 32 X 25 MM   1 U N,BAJO NIVEL CRITICOY SIN ENTREGA LOS ÚLTIMOS 90 DÍAS,0.0,2.0,2.0,12.0,12.0,12.0,,OBRASANMIGUEL,1205841-OBRASANMIGUEL
1199592.0,COPLA PP-R 32 MM 1 UN,SOBRE NIVEL CRÍTICO Y PARA MÁS DE DOS SEMANAS,102.0,9.0,9.0,45.0,45.0,0.0,,OBRASANMIGUEL,1199592-OBRASANMIGUEL
1190272.0,COPLA REDUC. PP-R 32 X 25 1 UN,BAJO NIVEL CRITICO Y PARA MENOS DE DOS SEMANAS,0.0,8.0,8.0,11.0,11.0,11.0,,OBRASANMIGUEL,1190272-OBRASANMIGUEL
1256198.0,"DESAGUE LAVATORIO 1 1/4"" C/REB /REJ 1 UN",BAJO NIVEL CRITICO Y PARA MENOS DE DOS SEMANAS,0.0,4.0,3.0,32.0,32.0,32.0,,OBRASANMIGUEL,1256198-OBRASANMIGUEL
1177879.0,DESAGUE TINA/REBALSE/SIFON 1 UN,BAJO NIVEL CRITICOY SIN ENTREGA LOS ÚLTIMOS 90 DÍAS,0.0,4.0,4.0,42.0,42.0,42.0,,OBRASANMIGUEL,1177879-OBRASANMIGUEL
41020320.0,ENCIMERA GAS LICUADO 1 UN,,,,,,,,,OBRASANMIGUEL,41020320-OBRASANMIGUEL
41020238.0,ESMALTE AL AGUA KEM PRO MARFIL 1 TINETA,,,,,,,,12 MESES,OBRASANMIGUEL,41020238-OBRASANMIGUEL
1187161.0,"ESQUINEROS METALICO 30 X 30 X 2,40 MTS 1 UN",SOBRE NIVEL CRÍTICO Y PARA MÁS DE DOS SEMANAS,538.0,6.0,6.0,298.4,298.4,298.4,,OBRASANMIGUEL,1187161-OBRASANMIGUEL
1290581.0,ESTANQUE LUGANO 1 UN,BAJO NIVEL CRITICO Y PARA MÁS DE DOS SEMANAS,6.0,4.0,3.0,16.0,16.0,16.0,,OBRASANMIGUEL,1290581-OBRASANMIGUEL
1291188.0,EXTRACTOR RETON 100 BTH HIGRO 1 UN,SOBRE NIVEL CRÍTICO Y PARA MÁS DE DOS SEMANAS,66.0,3.0,2.0,36.0,38.0,38.0,,OBRASANMIGUEL,1291188-OBRASANMIGUEL
1208621.0,FRAGUE CERAMICOALMOND  1 KG 1 UN,SOBRE NIVEL CRÍTICOY SIN ENTREGA LOS ÚLTIMOS 90 DÍAS,375.0040283203125,3.0,3.0,198.71,191.78,191.78,12 MESES,OBRASANMIGUEL,1208621-OBRASANMIGUEL
1179524.0,FRAGUE CERAMICOBLANCO  1 KG 1 UN,SOBRE NIVEL CRÍTICO Y PARA MÁS DE DOS SEMANAS,59.99600219726562,5.0,4.0,82.82,88.57,88.57,12 MESES,OBRASANMIGUEL,1179524-OBRASANMIGUEL
1188877.0,GUARDAPOLVO CHAFLAN C/CANTERIA 13 X 65 MM X 3 ML 1 UN,SOBRE NIVEL CRÍTICO Y PARA MÁS DE DOS SEMANAS,1045.0,4.0,3.0,512.0,512.0,512.0,,OBRASANMIGUEL,1188877-OBRASANMIGUEL
1274302.0,HORNO ELECTRICO,BAJO NIVEL CRITICOY SIN ENTREGA LOS ÚLTIMOS 90 DÍAS,2.0,5.0,,,,,,OBRASANMIGUEL,1274302-OBRASANMIGUEL
1182889.0,LANA DE VIDRIO 100 MM VOLCAN 1 M2,SOBRE NIVEL CRÍTICO Y PARA MENOS DE DOS SEMANAS,107.9998779296875,7.0,6.0,714.24,714.24,714.24,,OBRASANMIGUEL,1182889-OBRASANMIGUEL
1181421.0,LANA DE VIDRIO 50 MM VOLCAN 1 M2,SOBRE NIVEL CRÍTICO Y PARA MÁS DE DOS SEMANAS,1987.200012207031,1.0,1.0,202.6,190.06,190.06,,OBRASANMIGUEL,1181421-OBRASANMIGUEL
41020236.0,LATEX KEM PRO BLANCO 1 TINETA,BAJO NIVEL CRITICO Y PARA MÁS DE DOS SEMANAS,10.0,4.0,4.0,48.3,47.48,47.48,12 MESES,OBRASANMIGUEL,41020236-OBRASANMIGUEL
41020233.0,LATEX KEM PRO MARFIL 1 TINETA,BAJO NIVEL CRITICO Y PARA MENOS DE DOS SEMANAS,2.0,3.0,3.0,48.0,47.8,47.8,12 MESES,OBRASANMIGUEL,41020233-OBRASANMIGUEL
1192260.0,LAVAMANOS VALENCIA  1 UN,BAJO NIVEL CRITICO Y PARA MÁS DE DOS SEMANAS,6.0,4.0,3.0,16.0,16.0,16.0,,OBRASANMIGUEL,1192260-OBRASANMIGUEL
1189191.0,LAVAPLATO ACERO INOX DERECHO 800 X 50 1 UN,BAJO NIVEL CRITICO Y PARA MÁS DE DOS SEMANAS,8.0,2.0,1.0,6.5,5.0,5.0,,OBRASANMIGUEL,1189191-OBRASANMIGUEL
1189175.0,LAVAPLATO ACERO INOX IZQUIERDO 800 X 50 1 UN,BAJO NIVEL CRITICO Y PARA MÁS DE DOS SEMANAS,3.0,2.0,1.0,6.5,10.0,10.0,,OBRASANMIGUEL,1189175-OBRASANMIGUEL
1203213.0,LLAVE PASO PP-R CAMPANA 20 MM CRM 1 UN,SOBRE NIVEL CRÍTICO Y PARA MÁS DE DOS SEMANAS,78.0,9.0,9.0,30.0,30.0,0.0,,OBRASANMIGUEL,1203213-OBRASANMIGUEL
1190344.0,LLAVE PASO PP-R CAMPANA 25 MM CRM 1 UN,SOBRE NIVEL CRÍTICO Y PARA MÁS DE DOS SEMANAS,190.0,9.0,9.0,105.0,105.0,0.0,,OBRASANMIGUEL,1190344-OBRASANMIGUEL
1251346.0,MALLA DE FIBRA DE VIDRIO 153 GRS/M2 1 X 50 WEBER MTS 1 UN,BAJO NIVEL CRITICO Y PARA MÁS DE DOS SEMANAS,2.004999895114452,7.0,5.0,0.98,0.98,0.98,,OBRASANMIGUEL,1251346-OBRASANMIGUEL
1182862.0,MARCO PUERTA MADERA 30 X 90 1 UN,SOBRE NIVEL CRÍTICO Y PARA MÁS DE DOS SEMANAS,99.0,5.0,4.0,105.0,105.0,105.0,,OBRASANMIGUEL,1182862-OBRASANMIGUEL
1271136.0,MARCO PUERTA MADERA 40 X 90 C/RANURA BURLETE 1 UN,BAJO NIVEL CRITICO Y PARA MÁS DE DOS SEMANAS,11.0,5.0,5.0,32.0,32.0,11.0,,OBRASANMIGUEL,1271136-OBRASANMIGUEL
1270432.0,MARMOLINA BEIGE CT-70R G.M. (25 KG) 1 TINETA,BAJO NIVEL CRITICO Y PARA MÁS DE DOS SEMANAS,12.0,4.0,4.0,31.3425,5.0,5.0,24 MESES,OBRASANMIGUEL,1270432-OBRASANMIGUEL
1270483.0,MARMOLINA BLANCA CT-70R G.M. (25 KG) 1 TINETA,BAJO NIVEL CRITICO Y PARA MÁS DE DOS SEMANAS,32.0,4.0,4.0,31.3425,30.12,30.12,24 MESES,OBRASANMIGUEL,1270483-OBRASANMIGUEL
1270459.0,MARMOLINA GRIS ARENA CT-70R G.M. (25 KG) 1 TINETA,BAJO NIVEL CRITICO Y PARA MÁS DE DOS SEMANAS,12.0,4.0,4.0,31.3425,5.0,5.0,24 MESES,OBRASANMIGUEL,1270459-OBRASANMIGUEL
1270441.0,MARMOLINA MOSTAZA CT-70R G.M. (25 KG) 1 TINETA,BAJO NIVEL CRITICO Y PARA MÁS DE DOS SEMANAS,11.0,4.0,4.0,31.3425,5.0,5.0,24 MESES,OBRASANMIGUEL,1270441-OBRASANMIGUEL
1192956.0,MASTERSEAL 550 30 KG 1 JUEGO,BAJO NIVEL CRITICO Y PARA MÁS DE DOS SEMANAS,19.0,8.0,8.0,11.92,11.01,11.01,24 MESES,OBRASANMIGUEL,1192956-OBRASANMIGUEL
1179348.0,"MEDIDOR AGUA POTABLE 1""  1 UN ",BAJO NIVEL CRITICOY SIN ENTREGA LOS ÚLTIMOS 90 DÍAS,1.0,5.0,,,,,12 MESES,OBRASANMIGUEL,1179348-OBRASANMIGUEL
1182803.0,"MEDIDOR AGUA POTABLE 3/4"" 1 U N",BAJO NIVEL CRITICO Y PARA MENOS DE DOS SEMANAS,0.0,4.0,4.0,21.0,21.0,21.0,12 MESES,OBRASANMIGUEL,1182803-OBRASANMIGUEL
1288093.0,MOLDURA XPS 33X32 E6 1 ML,SOBRE NIVEL CRÍTICO Y PARA MÁS DE DOS SEMANAS,2078.0,4.0,3.0,1760.0,1760.0,1760.0,,OBRASANMIGUEL,1288093-OBRASANMIGUEL
1289512.0,MONOMANDO LAVAPLATOS AREZZO,BAJO NIVEL CRITICO Y PARA MENOS DE DOS SEMANAS,0.0,2.0,1.0,13.0,13.0,13.0,,OBRASANMIGUEL,1289512-OBRASANMIGUEL
1289483.0,MONOMANDO LAVATORIO AREZZO  1 UN,BAJO NIVEL CRITICO Y PARA MENOS DE DOS SEMANAS,2.0,2.0,1.0,29.0,29.0,29.0,,OBRASANMIGUEL,1289483-OBRASANMIGUEL
1289491.0,MONOMANDO TINA-DUCHA AREZZO  1 UN,BAJO NIVEL CRITICO Y PARA MENOS DE DOS SEMANAS,3.0,2.0,1.0,26.0,26.0,26.0,,OBRASANMIGUEL,1289491-OBRASANMIGUEL
1274812.0,MORTERO BASE COAT 20 KG 1 SACO,BAJO NIVEL CRITICOY SIN ENTREGA LOS ÚLTIMOS 90 DÍAS,0.0,9.0,8.0,8.01,8.01,0.0,12 MESES,OBRASANMIGUEL,1274812-OBRASANMIGUEL
41020232.0,MORTERO PRESEC 196 25 KG,BAJO NIVEL CRITICO Y PARA MÁS DE DOS SEMANAS,32.0,5.0,4.0,127.82,127.82,127.82,6 MESES,OBRASANMIGUEL,41020232-OBRASANMIGUEL
41020239.0,OLEO OPACO KEM PRO BLANCO 1 GL,BAJO NIVEL CRITICO Y PARA MÁS DE DOS SEMANAS,14.0,2.0,2.0,20.4,20.05,20.05,12 MESES,OBRASANMIGUEL,41020239-OBRASANMIGUEL
1183136.0,PAPEL FIELTRO 10/40 1 ROLLO,CERCA DE NIVEL CRITICO Y PARA MÁS DE DOS SEMANAS,88.00379943847656,8.0,7.0,55.87,55.87,55.87,,OBRASANMIGUEL,1183136-OBRASANMIGUEL
41020237.0,"PASTA MURO KEM PRO 24,1 KG 1 TINETA",BAJO NIVEL CRITICO Y PARA MÁS DE DOS SEMANAS,19.0,5.0,5.0,34.02,11.12,11.12,12 MESES,OBRASANMIGUEL,41020237-OBRASANMIGUEL
1191662.0,PEDESTAL UNIVERSAL 1 UN,BAJO NIVEL CRITICO Y PARA MÁS DE DOS SEMANAS,2.0,4.0,3.0,16.0,16.0,16.0,,OBRASANMIGUEL,1191662-OBRASANMIGUEL
1201470.0,PEGAMENTO ALFOMBRA PATEL 18 LTS,BAJO NIVEL CRITICO Y PARA MÁS DE DOS SEMANAS,6.0,2.0,2.0,9.86,9.81,9.81,12 MESES,OBRASANMIGUEL,1201470-OBRASANMIGUEL
1193975.0,"PERFIL C METALCON 60 X 38 X 8 X 0,85 MM X 2,4 MTS 60 CA085",SOBRE NIVEL CRÍTICO Y PARA MÁS DE DOS SEMANAS,127.0,6.0,6.0,464.0,464.0,464.0,,OBRASANMIGUEL,1193975-OBRASANMIGUEL
1194020.0,"PERFIL C METALCON 60 X 38 X 8 X 0,85 MM X 6,0 MTS 60CA085",BAJO NIVEL CRITICOY SIN ENTREGA LOS ÚLTIMOS 90 DÍAS,27.0,6.0,6.0,32.0,32.0,32.0,,OBRASANMIGUEL,1194020-OBRASANMIGUEL
1188033.0,"PERFIL CANAL NORMAL 61 X 20 X 0,5 MM X 3 MTS 1 UN",CERCA DE NIVEL CRITICO Y PARA MÁS DE DOS SEMANAS,97.0,6.0,6.0,224.0,224.0,224.0,,OBRASANMIGUEL,1188033-OBRASANMIGUEL
1188025.0,"PERFIL MONTANTE NORMAL 60 X 38 X 0,5 MM X 2,4 MTS 1 UN",BAJO NIVEL CRITICO Y PARA MENOS DE DOS SEMANAS,0.0,6.0,6.0,528.0,528.0,528.0,,OBRASANMIGUEL,1188025-OBRASANMIGUEL
1198881.0,"PERFIL PORTANTE 40 R 40 X 18 X 10 X 0,5 MM X 6 MTS",SOBRE NIVEL CRÍTICO Y PARA MÁS DE DOS SEMANAS,275.0,6.0,6.0,431.14,431.0,431.0,,OBRASANMIGUEL,1198881-OBRASANMIGUEL
1193983.0,"PERFIL U METALCON 62 X 25 X 0,85 MM X 3,0 MTS 62 CO85",BAJO NIVEL CRITICO Y PARA MENOS DE DOS SEMANAS,9.0,6.0,6.0,128.0,128.0,128.0,,OBRASANMIGUEL,1193983-OBRASANMIGUEL
1273393.0,PILASTRA PINO 13X45 MM X 3ML,SOBRE NIVEL CRÍTICO Y PARA MÁS DE DOS SEMANAS,137.0,4.0,3.0,96.0,96.0,96.0,,OBRASANMIGUEL,1273393-OBRASANMIGUEL
1178839.0,"PINO 2"" X 10"" X 3,20 MT",SOBRE NIVEL CRÍTICO Y PARA MÁS DE DOS SEMANAS,105.0,7.0,4.0,84.0,84.0,84.0,,OBRASANMIGUEL,1178839-OBRASANMIGUEL
1193713.0,"PINO 2"" X 2"" X 3,20 MT IMPREGNADO",SOBRE NIVEL CRÍTICO Y PARA MÁS DE DOS SEMANAS,2720.0,8.0,7.0,1260.0,1260.0,1260.0,,OBRASANMIGUEL,1193713-OBRASANMIGUEL
1191216.0,PINTURA DE FIBROCEMENTOCAOBA FIBROCEM  1 TIN,BAJO NIVEL CRITICO Y PARA MÁS DE DOS SEMANAS,3.002000093460083,6.0,6.0,5.135,1.78,1.78,18 MESES,OBRASANMIGUEL,1191216-OBRASANMIGUEL
1191321.0,PINTURA DE FIBROCEMENTOCASTANO FIBROCEM  1 TIN,BAJO NIVEL CRITICO Y PARA MENOS DE DOS SEMANAS,0.0,6.0,6.0,5.135,1.0,1.0,18 MESES,OBRASANMIGUEL,1191321-OBRASANMIGUEL
1283090.0,PINTURA DE MADERACAOBA MADERVET  1 TIN,BAJO NIVEL CRITICOY SIN ENTREGA LOS ÚLTIMOS 90 DÍAS,1.0,5.0,5.0,1.29,0.68,0.6799999999999999,24 MESES,OBRASANMIGUEL,1283090-OBRASANMIGUEL
1283102.0,PINTURA DE MADERACASTANO MADERVET  1 TIN,BAJO NIVEL CRITICOY SIN ENTREGA LOS ÚLTIMOS 90 DÍAS,2.0,5.0,5.0,1.29,1.0,1.0,24 MESES,OBRASANMIGUEL,1283102-OBRASANMIGUEL
41020165.0,PINTURA ESMALTE AL AGUA MARFIL CP-70 1 TIN,BAJO NIVEL CRITICO Y PARA MÁS DE DOS SEMANAS,11.0,5.0,3.0,6.32,6.319999999999999,6.32,12 MESES,OBRASANMIGUEL,41020165-OBRASANMIGUEL
1191451.0,PINTURA HOJALATACAOBA ACRIZINC  1 GAL,BAJO NIVEL CRITICOY SIN ENTREGA LOS ÚLTIMOS 90 DÍAS,16.0,6.0,5.0,5.625,11.25,11.25,60 MESES,OBRASANMIGUEL,1191451-OBRASANMIGUEL
1191460.0,PINTURA HOJALATACASTANO ACRIZINC  1 GAL,BAJO NIVEL CRITICOY SIN ENTREGA LOS ÚLTIMOS 90 DÍAS,0.0,9.0,6.0,3.25,1.75,1.75,60 MESES,OBRASANMIGUEL,1191460-OBRASANMIGUEL
1194652.0,PINTURA HOJALATANEGRO ACRIZINC  1 GAL,BAJO NIVEL CRITICOY SIN ENTREGA LOS ÚLTIMOS 90 DÍAS,36.0,4.0,,,,,60 MESES,OBRASANMIGUEL,1194652-OBRASANMIGUEL
1274821.0,PINTURA IMPERMEABILIZANTE MASTERWALL BEIGE (IC)  1 TIN,BAJO NIVEL CRITICO Y PARA MÁS DE DOS SEMANAS,6.0,4.0,4.0,7.7,12.0,12.0,12 MESES,OBRASANMIGUEL,1274821-OBRASANMIGUEL
1274839.0,PINTURA IMPERMEABILIZANTE MASTERWALL GRIS ARENA (SR)  1 TIN,BAJO NIVEL CRITICO Y PARA MÁS DE DOS SEMANAS,8.0,5.0,4.0,7.7,7.75,7.75,12 MESES,OBRASANMIGUEL,1274839-OBRASANMIGUEL
1274847.0,PINTURA IMPERMEABILIZANTE MASTERWALL MOSTAZA (GS)  1 TIN,BAJO NIVEL CRITICO Y PARA MÁS DE DOS SEMANAS,9.0,5.0,4.0,7.7,3.35,3.35,12 MESES,OBRASANMIGUEL,1274847-OBRASANMIGUEL
1180074.0,PINTURA OLEO OPACOBLANCO CP-70  1 GAL,BAJO NIVEL CRITICOY SIN ENTREGA LOS ÚLTIMOS 90 DÍAS,4.0,1.0,1.0,21.95,21.0,21.0,12 MESES,OBRASANMIGUEL,1180074-OBRASANMIGUEL
1188105.0,PLANCHA FIBROCEMENTO 4 MM VOLCAN 1 PLANCHA,SOBRE NIVEL CRÍTICO Y PARA MÁS DE DOS SEMANAS,182.0,7.0,7.0,224.0,198.66,198.66,,OBRASANMIGUEL,1188105-OBRASANMIGUEL
1259305.0,"PLANCHA OSB PROTEC 11,1 MM X 2,4 4 X 1,22 MTS LP 1 UN",SOBRE NIVEL CRÍTICO Y PARA MÁS DE DOS SEMANAS,321.9967041015625,8.0,7.0,490.0,490.0,490.0,,OBRASANMIGUEL,1259305-OBRASANMIGUEL
1192999.0,"PLANCHA OSB STD 9,5 MM X 2,44 X 1,22 MTS LP 1 UN",BAJO NIVEL CRITICOY SIN ENTREGA LOS ÚLTIMOS 90 DÍAS,5.0,4.0,4.0,21.0,17.0,17.0,,OBRASANMIGUEL,1192999-OBRASANMIGUEL
1179698.0,"PLANCHA YESO-CARTON ST 10 MM 1,20 X 2,40 VOLCAN 1 PLANCHA",SOBRE NIVEL CRÍTICO Y PARA MÁS DE DOS SEMANAS,1129.0,8.0,6.0,928.0,928.0,928.0,,OBRASANMIGUEL,1179698-OBRASANMIGUEL
1278928.0,POLIESTIRENO EXP. 30 MM (20KG/ M3) 1 PLANCHA,BAJO NIVEL CRITICO Y PARA MENOS DE DOS SEMANAS,26.0,8.0,8.0,137.5,140.0,140.0,,OBRASANMIGUEL,1278928-OBRASANMIGUEL
1278936.0,POLIESTIRENO EXP. 60 MM (20KG/ M3) 1 PLANCHA,SOBRE NIVEL CRÍTICO Y PARA MÁS DE DOS SEMANAS,198.0,8.0,8.0,42.6,42.44,42.44,,OBRASANMIGUEL,1278936-OBRASANMIGUEL
1191945.0,PROMOTOR DE ADHERENCIA TECNO BOND  20 KG 1 TIN,BAJO NIVEL CRITICO Y PARA MÁS DE DOS SEMANAS,3.0,7.0,6.0,4.46,4.46,4.46,12 MESES,OBRASANMIGUEL,1191945-OBRASANMIGUEL
1260955.0,"PUERTA HDF EXTERIOR PRESTIGE PROTEGIDA 0,80 X 2 MT 1 UN",BAJO NIVEL CRITICO Y PARA MENOS DE DOS SEMANAS,3.0,4.0,4.0,21.0,21.0,21.0,,OBRASANMIGUEL,1260955-OBRASANMIGUEL
1271902.0,"PUERTA HDF EXTERIOR PRESTIGE PROTEGIDA 0,85 X 2 MT 1 UN",BAJO NIVEL CRITICOY SIN ENTREGA LOS ÚLTIMOS 90 DÍAS,0.0,1.0,1.0,3.0,3.0,3.0,,OBRASANMIGUEL,1271902-OBRASANMIGUEL
1192112.0,"PUERTA HDF PRESTIGE 0,65 X 2 M T INTERIOR 1 UN",BAJO NIVEL CRITICO Y PARA MENOS DE DOS SEMANAS,3.0,4.0,4.0,21.0,21.0,21.0,,OBRASANMIGUEL,1192112-OBRASANMIGUEL
1192121.0,"PUERTA HDF PRESTIGE 0,70 X 2 M T INTERIOR 1 UN",BAJO NIVEL CRITICO Y PARA MENOS DE DOS SEMANAS,9.0,4.0,4.0,84.0,84.0,84.0,,OBRASANMIGUEL,1192121-OBRASANMIGUEL
1190969.0,"PUERTA TERCIADO 0,70 X 2,00 CO N PE C/C 1 UN",BAJO NIVEL CRITICOY SIN ENTREGA LOS ÚLTIMOS 90 DÍAS,0.0,1.0,1.0,3.0,3.0,3.0,,OBRASANMIGUEL,1190969-OBRASANMIGUEL
1188471.0,"PUERTA TERCIADO 0,75 X 2,00 MT CON PE C/C  1 UN",BAJO NIVEL CRITICO Y PARA MENOS DE DOS SEMANAS,0.0,4.0,4.0,21.0,21.0,21.0,,OBRASANMIGUEL,1188471-OBRASANMIGUEL
1187241.0,REGULADOR P/GAS 45KG RI 11100 1 UN,BAJO NIVEL CRITICO Y PARA MÁS DE DOS SEMANAS,16.0,3.0,2.0,12.0,12.0,12.0,,OBRASANMIGUEL,1187241-OBRASANMIGUEL
1177810.0,RODILLO CHIPORRO 18 CM 1 UN,BAJO NIVEL CRITICO Y PARA MENOS DE DOS SEMANAS,-7.152557373046875e-07,5.0,5.0,26.18,26.18,26.18,,OBRASANMIGUEL,1177810-OBRASANMIGUEL
1274783.0,"SIDING 0,19 X 6 MM X 3,66 VOLCAN MTS",BAJO NIVEL CRITICO Y PARA MENOS DE DOS SEMANAS,0.0,7.0,7.0,770.0,647.15,647.15,,OBRASANMIGUEL,1274783-OBRASANMIGUEL
1183128.0,"SIFON BOTELLA 1 1/4"" SALIDA CURVA 1 UN",BAJO NIVEL CRITICO Y PARA MÁS DE DOS SEMANAS,23.0,4.0,3.0,16.0,16.0,16.0,,OBRASANMIGUEL,1183128-OBRASANMIGUEL
1181317.0,"SIFON EMBELLE 1 1/4"" SALIDA RECTA 1 UN",BAJO NIVEL CRITICOY SIN ENTREGA LOS ÚLTIMOS 90 DÍAS,1.0,5.0,,,,,,OBRASANMIGUEL,1181317-OBRASANMIGUEL
1177887.0,"SIFON LOA LAVAPLATOS S/CURVA 1 1/2"" 1 UN",BAJO NIVEL CRITICO Y PARA MÁS DE DOS SEMANAS,45.0,4.0,1.0,13.0,13.0,13.0,,OBRASANMIGUEL,1177887-OBRASANMIGUEL
1279584.0,"SIKABOND MONTAJE 3,8 KG BALDES",BAJO NIVEL CRITICO Y PARA MÁS DE DOS SEMANAS,40.0,3.0,3.0,48.0,47.87,47.87,12 MESES,OBRASANMIGUEL,1279584-OBRASANMIGUEL
1199517.0,SOBREPASO PP-R 20 MM 1 UN,BAJO NIVEL CRITICO Y PARA MENOS DE DOS SEMANAS,0.0,9.0,9.0,45.0,45.0,0.0,,OBRASANMIGUEL,1199517-OBRASANMIGUEL
1199525.0,SOBREPASO PP-R 25 MM 1 UN,BAJO NIVEL CRITICO Y PARA MÁS DE DOS SEMANAS,112.0,9.0,9.0,30.0,30.0,0.0,,OBRASANMIGUEL,1199525-OBRASANMIGUEL
1187671.0,"TAPACAN SMARTSIDE TRIM 5 1/2"" LP 1 UN",BAJO NIVEL CRITICO Y PARA MÁS DE DOS SEMANAS,54.0,7.0,7.0,77.0,77.5,77.5,,OBRASANMIGUEL,1187671-OBRASANMIGUEL
1187751.0,"TAPACAN SMARTSIDE TRIM 7 1/4"" LP 1 UN",CERCA DE NIVEL CRITICO Y PARA MÁS DE DOS SEMANAS,134.0,8.0,7.0,63.0,63.0,63.0,,OBRASANMIGUEL,1187751-OBRASANMIGUEL
1248032.0,"TAPON PP-R 1/2"" HE 1 UN",SOBRE NIVEL CRÍTICOY SIN ENTREGA LOS ÚLTIMOS 90 DÍAS,602.0,9.0,9.0,105.0,105.0,0.0,,OBRASANMIGUEL,1248032-OBRASANMIGUEL
1248041.0,"TAPON PP-R 1/2"" HI 1 UN",SOBRE NIVEL CRÍTICOY SIN ENTREGA LOS ÚLTIMOS 90 DÍAS,175.0000006103515,9.0,9.0,35.0,35.0,0.0,,OBRASANMIGUEL,1248041-OBRASANMIGUEL
12736330.0,TEE PEX 20 MM,BAJO NIVEL CRITICO Y PARA MENOS DE DOS SEMANAS,0.0,5.0,4.0,21.0,21.0,21.0,,OBRASANMIGUEL,12736330-OBRASANMIGUEL
1253333.0,TEE PP-R 20 MM 1 UN,BAJO NIVEL CRITICOY SIN ENTREGA LOS ÚLTIMOS 90 DÍAS,0.0,9.0,9.0,30.0,30.0,0.0,,OBRASANMIGUEL,1253333-OBRASANMIGUEL
1204515.0,TEE PP-R 25 MM 1 UN,BAJO NIVEL CRITICO Y PARA MÁS DE DOS SEMANAS,82.0,9.0,9.0,45.0,45.0,0.0,,OBRASANMIGUEL,1204515-OBRASANMIGUEL
12736410.0,TEE PRUEBA PEX 20 X 1/2 HI X20,BAJO NIVEL CRITICO Y PARA MÁS DE DOS SEMANAS,11.0,5.0,4.0,21.0,21.0,21.0,,OBRASANMIGUEL,12736410-OBRASANMIGUEL
1247110.0,TEE RED.20 X 25 X 20 PP-R 1 UN,CERCA DE NIVEL CRITICO Y PARA MÁS DE DOS SEMANAS,147.0,9.0,9.0,15.0,15.0,0.0,,OBRASANMIGUEL,1247110-OBRASANMIGUEL
1247128.0,TEE RED.25 X 20 X 20 PP-R 1 UN,BAJO NIVEL CRITICO Y PARA MÁS DE DOS SEMANAS,42.0,9.0,9.0,45.0,45.0,0.0,,OBRASANMIGUEL,1247128-OBRASANMIGUEL
1190299.0,TEE RED.25 X 20 X 25 PP-R 1 UN,SOBRE NIVEL CRÍTICO Y PARA MÁS DE DOS SEMANAS,190.0,9.0,9.0,45.0,45.0,0.0,,OBRASANMIGUEL,1190299-OBRASANMIGUEL
1247144.0,TEE RED.25 X 25 X 20 PP-R 1 UN,BAJO NIVEL CRITICO Y PARA MÁS DE DOS SEMANAS,94.0,9.0,9.0,45.0,45.0,0.0,,OBRASANMIGUEL,1247144-OBRASANMIGUEL
1291532.0,TEJA ASFALTICA SUPREME ONIX BLACK M2,SOBRE NIVEL CRÍTICO Y PARA MÁS DE DOS SEMANAS,926.89998046875,8.0,7.0,1575.56,1601.1,1601.1,,OBRASANMIGUEL,1291532-OBRASANMIGUEL
1272374.0,TERMINAL PEX 20 X 1/2 HE,BAJO NIVEL CRITICO Y PARA MENOS DE DOS SEMANAS,0.0,4.0,4.0,42.0,41.0,41.0,,OBRASANMIGUEL,1272374-OBRASANMIGUEL
1208006.0,TERMINAL PP-R 20 X 1/2 HI 1 UN,SOBRE NIVEL CRÍTICO Y PARA MÁS DE DOS SEMANAS,282.0,9.0,9.0,105.0,105.0,0.0,,OBRASANMIGUEL,1208006-OBRASANMIGUEL
1252074.0,"TERMINAL PP-R 20 X 1/2"" HE 1 UN",SOBRE NIVEL CRÍTICO Y PARA MÁS DE DOS SEMANAS,216.0,9.0,9.0,30.0,30.0,0.0,,OBRASANMIGUEL,1252074-OBRASANMIGUEL
1247179.0,"TERMINAL PP-R 32 X 3/4"" HE 1 UN",BAJO NIVEL CRITICO Y PARA MÁS DE DOS SEMANAS,33.0,9.0,9.0,15.0,15.0,0.0,,OBRASANMIGUEL,1247179-OBRASANMIGUEL
1254361.0,TERMOPLAC STRATO WEBER 1 SACO,BAJO NIVEL CRITICO Y PARA MÁS DE DOS SEMANAS,4.0,8.0,7.0,42.0,42.0,0.0,12 MESES,OBRASANMIGUEL,1254361-OBRASANMIGUEL
1180331.0,"TINA 1,20 X 0,70 MTS BLANCA ES MALTADA SENSI DACQUA 1 UN",BAJO NIVEL CRITICO Y PARA MÁS DE DOS SEMANAS,7.0,4.0,4.0,21.0,21.0,21.0,,OBRASANMIGUEL,1180331-OBRASANMIGUEL
1256817.0,"TINA 1,30 X 0,70 MTS BLANCA ESMALTADA SENSI DACQUA 1 UN",BAJO NIVEL CRITICOY SIN ENTREGA LOS ÚLTIMOS 90 DÍAS,11.0,4.0,4.0,21.0,23.0,23.0,,OBRASANMIGUEL,1256817-OBRASANMIGUEL
12736090.0,TUBERIA PEX 20 MM 1 MT,BAJO NIVEL CRITICO Y PARA MENOS DE DOS SEMANAS,5.0,5.0,4.0,147.0,147.0,147.0,,OBRASANMIGUEL,12736090-OBRASANMIGUEL
1205850.0,TUBERIA PP-R 20 MM PN-16 1 ML,BAJO NIVEL CRITICO Y PARA MENOS DE DOS SEMANAS,-7.62939453125e-06,9.0,9.0,210.0,212.0,0.0,,OBRASANMIGUEL,1205850-OBRASANMIGUEL
1205868.0,TUBERIA PP-R 25 MM PN-16 1 ML,SOBRE NIVEL CRÍTICO Y PARA MÁS DE DOS SEMANAS,545.5000305175781,9.0,9.0,315.0,315.8,0.0,,OBRASANMIGUEL,1205868-OBRASANMIGUEL
,,,,,,,,,,OBRASANMIGUEL,
,,,,,,,,,,OBRASANMIGUEL,
,,,,,,,,,,OBRASANMIGUEL,
,,,,,,,,,,OBRASANMIGUEL,
1205876.0,TUBERIA PP-R 32 MM PN-16 1 ML,SOBRE NIVEL CRÍTICO Y PARA MÁS DE DOS SEMANAS,334.0,9.0,9.0,180.0,180.0,0.0,,OBRASANMIGUEL,1205876-OBRASANMIGUEL
12800240.0,"VALVULA EXCESO FLUJO 3/4""1UN ",,,,,,,,,OBRASANMIGUEL,12800240-OBRASANMIGUEL
1269909.0,ADHESIVO CERAMICO EN PASTA AC  25 KG 1 TIN,BAJO NIVEL CRITICO Y PARA MENOS DE DOS SEMANAS,0.0,15.0,15.0,25.04,25.0,0.0,9 MESES ,OBRATALCA,1269909-OBRATALCA
1177641.0,ADHESIVO CERAMICO POLVO ULTRA 25 KG 1 SACO,SOBRE NIVEL CRÍTICO Y PARA MÁS DE DOS SEMANAS,97.99999618530273,16.0,16.0,217.69,250.0,250.0,6 MESES,OBRATALCA,1177641-OBRATALCA
1196455.0,ADHESIVO SILICONABLANCO SANISIL 280 ML 1 UN,BAJO NIVEL CRITICO Y PARA MÁS DE DOS SEMANAS,11.19999999046326,13.0,13.0,12.6,13.0,13.0,24 MESES,OBRATALCA,1196455-OBRATALCA
1177650.0,ADHESIVOBLANCO SIKACRYL+ PINTABLE 300 ML 1 UN,BAJO NIVEL CRITICO Y PARA MÁS DE DOS SEMANAS,48.0,13.0,13.0,70.0,118.0,118.0,24 MESES,OBRATALCA,1177650-OBRATALCA
1296237.0,AIRE ACONDICIONADO 12000 BTU 1 UN,,,,,,,,,OBRATALCA,1296237-OBRATALCA
1261106.0,ALFOMBRABEIGE SPEED 400 GRS 1 M2,SOBRE NIVEL CRÍTICO Y PARA MÁS DE DOS SEMANAS,557.0999755859375,14.0,13.0,417.96,424.1,424.1,,OBRATALCA,1261106-OBRATALCA
1257570.0,ALFOMBRABEIGE STONE 600 GRS 1 M2,BAJO NIVEL CRITICO Y PARA MENOS DE DOS SEMANAS,7.32421875682121e-06,11.0,11.0,738.03,746.2,746.2,,OBRATALCA,1257570-OBRATALCA
1177895.0,ANTICORROSIVO NEGRO 1 GAL,SOBRE NIVEL CRÍTICO Y PARA MÁS DE DOS SEMANAS,22.0,15.0,15.0,16.0,15.5,15.5,12 MESES,OBRATALCA,1177895-OBRATALCA
1192147.0,"BISAGRA 3"" X 3"" CROMO SATIN 1 UN",BAJO NIVEL CRITICO Y PARA MENOS DE DOS SEMANAS,3.0,14.0,14.0,288.0,288.0,288.0,,OBRATALCA,1192147-OBRATALCA
1178193.0,"BROCHA 2"" 1 UN",SOBRE NIVEL CRÍTICO Y PARA MÁS DE DOS SEMANAS,27.00000022888184,14.0,13.0,20.0,26.0,26.0,,OBRATALCA,1178193-OBRATALCA
1179508.0,"BROCHA 4"" 1 UN",SOBRE NIVEL CRÍTICO Y PARA MÁS DE DOS SEMANAS,65.5,14.0,14.0,38.26,38.0,38.0,,OBRATALCA,1179508-OBRATALCA
1274572.0,BURLETE BAJO PUERTA 1 UN,SOBRE NIVEL CRÍTICO Y PARA MÁS DE DOS SEMANAS,50.0,14.0,14.0,36.0,36.0,36.0,,OBRATALCA,1274572-OBRATALCA
1274564.0,BURLETE MARCO PUERTA 1 MT,SOBRE NIVEL CRÍTICO Y PARA MÁS DE DOS SEMANAS,349.9999969482422,14.0,13.0,160.0,160.0,160.0,,OBRATALCA,1274564-OBRATALCA
1191849.0,CALEFON TIRO NATURAL  G.L. 7 LTS C/FLEX 1 UN,SOBRE NIVEL CRÍTICO Y PARA MÁS DE DOS SEMANAS,15.0,14.0,13.0,14.0,14.0,14.0,,OBRATALCA,1191849-OBRATALCA
1208153.0,CALEFON TIRO NATURAL G.L. 10 LTS C/FLEX 1 UN,BAJO NIVEL CRITICO Y PARA MÁS DE DOS SEMANAS,3.0,14.0,13.0,2.0,2.0,2.0,,OBRATALCA,1208153-OBRATALCA
1189722.0,CELOSIA 20 X 20 BLANCA 1 UN,SOBRE NIVEL CRÍTICO Y PARA MÁS DE DOS SEMANAS,74.0000015258789,15.0,13.0,34.0,34.0,34.0,,OBRATALCA,1189722-OBRATALCA
1178257.0,CELOSIA 30 X 30 BLANCA 1 UN,SOBRE NIVEL CRÍTICO Y PARA MÁS DE DOS SEMANAS,134.0,16.0,16.0,46.0,24.0,24.0,,OBRATALCA,1178257-OBRATALCA
1269802.0,CEMENTO AR PUZOLANICO BIO BIO 1 KG,SOBRE NIVEL CRÍTICO Y PARA MÁS DE DOS SEMANAS,8890.739804687499,16.0,16.0,1710.63,1564.15,1564.15,2 MESES,OBRATALCA,1269802-OBRATALCA
1295381.0,CERAMICA NEW BLANCA BRILL 20 X,SOBRE NIVEL CRÍTICO Y PARA MÁS DE DOS SEMANAS,42.7500030517578,15.0,15.0,154.4,154.5,0.0,,OBRATALCA,1295381-OBRATALCA
1286080.0,CERAMICABEIGE SOLANA 45 X 45 1 M2,SOBRE NIVEL CRÍTICO Y PARA MÁS DE DOS SEMANAS,484.7500241088867,16.0,16.0,761.94,760.2800000000001,760.28,,OBRATALCA,1286080-OBRATALCA
41020262.0,CERCO VENTANA TECHO LISO ALTATERRA 55 X 78 1 UN,BAJO NIVEL CRITICO Y PARA MÁS DE DOS SEMANAS,13.0,16.0,16.0,23.0,23.0,23.0,,OBRATALCA,41020262-OBRATALCA
41020263.0,CERCO VENTANA TECHO ONDULADO ALTATERRA 55 X 78 1 UN,BAJO NIVEL CRITICO Y PARA MÁS DE DOS SEMANAS,9.0,17.0,15.0,4.0,4.0,4.0,,OBRATALCA,41020263-OBRATALCA
1251688.0,CERRADURA ACC LLAVE ANDESLOCK CILINDRICA INOX AA43-AI 1 UN,BAJO NIVEL CRITICOY SIN ENTREGA LOS ÚLTIMOS 90 DÍAS,0.0,11.0,11.0,14.0,14.0,14.0,,OBRATALCA,1251688-OBRATALCA
1251696.0,CERRADURA BAÑO ANDESLOCK CILINDRICA INOX AA44-AI 1 UN,BAJO NIVEL CRITICOY SIN ENTREGA LOS ÚLTIMOS 90 DÍAS,0.0,11.0,11.0,28.0,28.0,28.0,,OBRATALCA,1251696-OBRATALCA
1193027.0,CERRADURA CILIN INOX ACCESO LL AVE 1 UN,BAJO NIVEL CRITICO Y PARA MÁS DE DOS SEMANAS,4.0,14.0,14.0,18.0,18.0,18.0,,OBRATALCA,1193027-OBRATALCA
1193060.0,CERRADURA CILINDRICA INOX YALE BANO 134640  1 UN,BAJO NIVEL CRITICO Y PARA MENOS DE DOS SEMANAS,1.0,14.0,14.0,21.0,21.0,21.0,,OBRATALCA,1193060-OBRATALCA
1248251.0,CERRADURA CILINDRICA INOX YALE OFICINA-DORMITORIO 134630  1 UN,BAJO NIVEL CRITICO Y PARA MENOS DE DOS SEMANAS,1.0,14.0,14.0,36.0,36.0,36.0,,OBRATALCA,1248251-OBRATALCA
1193086.0,CERRADURA CILINDRICA INOX YALE S/PASO  1 UN,BAJO NIVEL CRITICO Y PARA MENOS DE DOS SEMANAS,0.0,14.0,14.0,21.0,21.0,21.0,,OBRATALCA,1193086-OBRATALCA
1251725.0,CERRADURA DORMITORIO - OFICINA ANDESLOCK CILINDRICA INOX AA40-AI 1 UN,BAJO NIVEL CRITICOY SIN ENTREGA LOS ÚLTIMOS 90 DÍAS,7.629394538355427e-07,11.0,11.0,14.0,28.0,28.0,,OBRATALCA,1251725-OBRATALCA
1251709.0,CERRADURA SIMPLE PASO ANDESLOCK CILINDRICA INOX AA46-AI 1 UN,BAJO NIVEL CRITICOY SIN ENTREGA LOS ÚLTIMOS 90 DÍAS,0.0,11.0,11.0,28.0,28.0,28.0,,OBRATALCA,1251709-OBRATALCA
1193131.0,CERROJO INOX LLAVE ANDESLOCK AX70-AI 1 UN,BAJO NIVEL CRITICOY SIN ENTREGA LOS ÚLTIMOS 90 DÍAS,0.0,11.0,11.0,28.0,28.0,28.0,,OBRATALCA,1193131-OBRATALCA
1252664.0,CERROJO INOX LLAVE-LLAVE 134670  1 UN,BAJO NIVEL CRITICO Y PARA MENOS DE DOS SEMANAS,0.0,14.0,14.0,36.0,36.0,36.0,,OBRATALCA,1252664-OBRATALCA
1193959.0,"CIELO PERFIL AT 20 X 25 X 4 X 0,42 MM X 3,0 MTS",SOBRE NIVEL CRÍTICOY SIN ENTREGA LOS ÚLTIMOS 90 DÍAS,457.0,12.0,12.0,70.0,32.0,2.0,,OBRATALCA,1193959-OBRATALCA
1183013.0,CINTA AUTOADHESIVA P/JUNTURA 45 MTS 1 ROLLO,BAJO NIVEL CRITICO Y PARA MENOS DE DOS SEMANAS,4.999998931884768,14.0,14.0,91.05,100.0,100.0,,OBRATALCA,1183013-OBRATALCA
1252390.0,"CODO PP-R DOBLE FIJACION TINA HI 20 X 1/2"" 1 UN",BAJO NIVEL CRITICOY SIN ENTREGA LOS ÚLTIMOS 90 DÍAS,11.0,17.0,,,,,,OBRATALCA,1252390-OBRATALCA
1272340.0,CODO PEX 20 X 1/2 HE,BAJO NIVEL CRITICO Y PARA MÁS DE DOS SEMANAS,25.0,15.0,14.0,18.0,18.0,18.0,,OBRATALCA,1272340-OBRATALCA
1272323.0,CODO PEX 20 X 20 MM,BAJO NIVEL CRITICO Y PARA MÁS DE DOS SEMANAS,21.0,14.0,14.0,72.0,71.0,71.0,,OBRATALCA,1272323-OBRATALCA
1247072.0,CODO PP-R 20 MM 1 UN,SOBRE NIVEL CRÍTICO Y PARA MÁS DE DOS SEMANAS,254.0,15.0,15.0,256.0,254.0,254.0,,OBRATALCA,1247072-OBRATALCA
1196199.0,"CODO PP-R 20 X 1/2"" HE 1 UN",SOBRE NIVEL CRÍTICO Y PARA MÁS DE DOS SEMANAS,138.0,17.0,15.0,8.0,8.0,8.0,,OBRATALCA,1196199-OBRATALCA
1196076.0,"CODO PP-R 20 X 1/2"" HI 1 UN",SOBRE NIVEL CRÍTICO Y PARA MÁS DE DOS SEMANAS,58.0,17.0,17.0,39.0,39.0,39.0,,OBRATALCA,1196076-OBRATALCA
1247081.0,CODO PP-R 25 MM 1 UN,SOBRE NIVEL CRÍTICO Y PARA MÁS DE DOS SEMANAS,307.0,13.0,13.0,224.0,82.0,82.0,,OBRATALCA,1247081-OBRATALCA
1205921.0,"CODO PP-R 25 X 1/2"" HE 1 UN",SOBRE NIVEL CRÍTICO Y PARA MÁS DE DOS SEMANAS,55.99999572753906,17.0,14.0,36.0,36.0,36.0,,OBRATALCA,1205921-OBRATALCA
1190230.0,CODO PP-R 32 MM 1 UN,SOBRE NIVEL CRÍTICOY SIN ENTREGA LOS ÚLTIMOS 90 DÍAS,915.0,8.0,8.0,36.0,14.0,14.0,,OBRATALCA,1190230-OBRATALCA
1205841.0,CODO RED PP-R 32 X 25 MM   1 U N,BAJO NIVEL CRITICOY SIN ENTREGA LOS ÚLTIMOS 90 DÍAS,0.0,5.0,5.0,12.0,12.0,12.0,,OBRATALCA,1205841-OBRATALCA
1252533.0,COPLA PP-R 25 MM 1 UN,SOBRE NIVEL CRÍTICO Y PARA MÁS DE DOS SEMANAS,56.0,17.0,13.0,42.0,42.0,42.0,,OBRATALCA,1252533-OBRATALCA
1199592.0,COPLA PP-R 32 MM 1 UN,SOBRE NIVEL CRÍTICOY SIN ENTREGA LOS ÚLTIMOS 90 DÍAS,244.0,17.0,11.0,42.0,42.0,42.0,,OBRATALCA,1199592-OBRATALCA
1190272.0,COPLA REDUC. PP-R 32 X 25 1 UN,BAJO NIVEL CRITICOY SIN ENTREGA LOS ÚLTIMOS 90 DÍAS,0.0,15.0,15.0,4.0,4.0,4.0,,OBRATALCA,1190272-OBRATALCA
1256198.0,"DESAGUE LAVATORIO 1 1/4"" C/REB /REJ 1 UN",BAJO NIVEL CRITICO Y PARA MÁS DE DOS SEMANAS,36.0,15.0,14.0,21.0,21.0,21.0,,OBRATALCA,1256198-OBRATALCA
1177879.0,DESAGUE TINA/REBALSE/SIFON 1 UN,BAJO NIVEL CRITICO Y PARA MÁS DE DOS SEMANAS,37.0,15.0,14.0,21.0,21.0,21.0,,OBRATALCA,1177879-OBRATALCA
41020238.0,ESMALTE AL AGUA KEM PRO MARFIL 1 TINETA,BAJO NIVEL CRITICOY SIN ENTREGA LOS ÚLTIMOS 90 DÍAS,-0.005000004768371591,,,,,,12 MESES,OBRATALCA,41020238-OBRATALCA
1187161.0,"ESQUINEROS METALICO 30 X 30 X 2,40 MTS 1 UN",SOBRE NIVEL CRÍTICO Y PARA MÁS DE DOS SEMANAS,263.9999853515625,15.0,15.0,308.0,300.0,300.0,,OBRATALCA,1187161-OBRATALCA
1290581.0,ESTANQUE LUGANO 1 UN,BAJO NIVEL CRITICO Y PARA MÁS DE DOS SEMANAS,8.0,14.0,14.0,21.0,21.0,21.0,,OBRATALCA,1290581-OBRATALCA
1291188.0,EXTRACTOR RETON 100 BTH HIGRO 1 UN,BAJO NIVEL CRITICO Y PARA MÁS DE DOS SEMANAS,40.0,14.0,13.0,34.0,34.0,34.0,,OBRATALCA,1291188-OBRATALCA
1208621.0,FRAGUE CERAMICOALMOND  1 KG 1 UN,SOBRE NIVEL CRÍTICO Y PARA MÁS DE DOS SEMANAS,234.0,16.0,16.0,16.28,10.01,10.01000000000001,12 MESES,OBRATALCA,1208621-OBRATALCA
1179524.0,FRAGUE CERAMICOBLANCO  1 KG 1 UN,BAJO NIVEL CRITICO Y PARA MENOS DE DOS SEMANAS,-4.57763668748612e-07,15.0,14.0,44.12,44.12,40.0,12 MESES,OBRATALCA,1179524-OBRATALCA
1188877.0,GUARDAPOLVO CHAFLAN C/CANTERIA 13 X 65 MM X 3 ML 1 UN,SOBRE NIVEL CRÍTICO Y PARA MÁS DE DOS SEMANAS,1474.770107421875,14.0,14.0,413.8,414.0,414.0,,OBRATALCA,1188877-OBRATALCA
1182889.0,LANA DE VIDRIO 100 MM VOLCAN 1 M2,SOBRE NIVEL CRÍTICO Y PARA MÁS DE DOS SEMANAS,962.2499780273438,13.0,13.0,830.46,229.54,229.54,,OBRATALCA,1182889-OBRATALCA
1181421.0,LANA DE VIDRIO 50 MM VOLCAN 1 M2,SOBRE NIVEL CRÍTICO Y PARA MÁS DE DOS SEMANAS,1067.680068359375,16.0,15.0,81.04,81.03999999999999,81.03999999999999,,OBRATALCA,1181421-OBRATALCA
1295453.0,LATEX CIELOLAT BLANCO 1T      ,BAJO NIVEL CRITICO Y PARA MENOS DE DOS SEMANAS,3.149999999999999,14.0,14.0,29.7,14.0,14.0,12 MESES,OBRATALCA,1295453-OBRATALCA
41020236.0,LATEX KEM PRO BLANCO 1 TINETA,BAJO NIVEL CRITICO Y PARA MÁS DE DOS SEMANAS,3.899999771118164,14.0,14.0,22.5,4.0,4.0,12 MESES,OBRATALCA,41020236-OBRATALCA
41020233.0,LATEX KEM PRO MARFIL 1 TINETA,BAJO NIVEL CRITICOY SIN ENTREGA LOS ÚLTIMOS 90 DÍAS,4.999999389648437,14.0,11.0,42.0,42.0,42.0,12 MESES,OBRATALCA,41020233-OBRATALCA
1192260.0,LAVAMANOS VALENCIA  1 UN,BAJO NIVEL CRITICO Y PARA MENOS DE DOS SEMANAS,5.0,14.0,14.0,18.0,18.0,18.0,,OBRATALCA,1192260-OBRATALCA
1189191.0,LAVAPLATO ACERO INOX DERECHO 800 X 50 1 UN,BAJO NIVEL CRITICO Y PARA MÁS DE DOS SEMANAS,11.0000000333786,14.0,13.0,7.0,6.0,6.0,,OBRATALCA,1189191-OBRATALCA
1189175.0,LAVAPLATO ACERO INOX IZQUIERDO 800 X 50 1 UN,BAJO NIVEL CRITICO Y PARA MÁS DE DOS SEMANAS,43.0,14.0,13.0,8.0,10.0,10.0,,OBRATALCA,1189175-OBRATALCA
1203213.0,LLAVE PASO PP-R CAMPANA 20 MM CRM 1 UN,SOBRE NIVEL CRÍTICO Y PARA MÁS DE DOS SEMANAS,112.0,17.0,17.0,32.0,32.0,32.0,,OBRATALCA,1203213-OBRATALCA
1190344.0,LLAVE PASO PP-R CAMPANA 25 MM CRM 1 UN,SOBRE NIVEL CRÍTICO Y PARA MÁS DE DOS SEMANAS,225.0,17.0,17.0,62.0,62.0,62.0,,OBRATALCA,1190344-OBRATALCA
1251346.0,MALLA DE FIBRA DE VIDRIO 153 GRS/M2 1 X 50 WEBER MTS 1 UN,BAJO NIVEL CRITICO Y PARA MÁS DE DOS SEMANAS,4.969998931884767,17.0,14.0,0.38,0.38,0.38,,OBRATALCA,1251346-OBRATALCA
1182862.0,MARCO PUERTA MADERA 30 X 90 1 UN,SOBRE NIVEL CRÍTICO Y PARA MÁS DE DOS SEMANAS,280.0,16.0,14.0,60.0,60.0,60.0,,OBRATALCA,1182862-OBRATALCA
1271136.0,MARCO PUERTA MADERA 40 X 90 C/RANURA BURLETE 1 UN,BAJO NIVEL CRITICO Y PARA MÁS DE DOS SEMANAS,57.0,16.0,14.0,36.0,36.0,36.0,,OBRATALCA,1271136-OBRATALCA
1270432.0,MARMOLINA BEIGE CT-70R G.M. (25 KG) 1 TINETA,BAJO NIVEL CRITICOY SIN ENTREGA LOS ÚLTIMOS 90 DÍAS,19.0,12.0,12.0,13.405,28.0,28.0,24 MESES,OBRATALCA,1270432-OBRATALCA
1270483.0,MARMOLINA BLANCA CT-70R G.M. (25 KG) 1 TINETA,BAJO NIVEL CRITICO Y PARA MÁS DE DOS SEMANAS,32.0,13.0,13.0,16.39,12.58,12.38,24 MESES,OBRATALCA,1270483-OBRATALCA
1270459.0,MARMOLINA GRIS ARENA CT-70R G.M. (25 KG) 1 TINETA,BAJO NIVEL CRITICOY SIN ENTREGA LOS ÚLTIMOS 90 DÍAS,19.0,13.0,13.0,13.405,13.0,13.0,24 MESES,OBRATALCA,1270459-OBRATALCA
1270441.0,MARMOLINA MOSTAZA CT-70R G.M. (25 KG) 1 TINETA,BAJO NIVEL CRITICOY SIN ENTREGA LOS ÚLTIMOS 90 DÍAS,26.0,13.0,13.0,13.405,13.0,13.0,24 MESES,OBRATALCA,1270441-OBRATALCA
1192956.0,MASTERSEAL 550 30 KG 1 JUEGO,BAJO NIVEL CRITICO Y PARA MÁS DE DOS SEMANAS,17.0,16.0,16.0,23.0,23.0,10.0,24 MESES,OBRATALCA,1192956-OBRATALCA
1188885.0,MEDIAS CANAS 13X35 MM X 3 ML,SOBRE NIVEL CRÍTICO Y PARA MÁS DE DOS SEMANAS,213.4,16.0,13.0,112.0,112.0,112.0,,OBRATALCA,1188885-OBRATALCA
1182803.0,"MEDIDOR AGUA POTABLE 3/4"" 1 U N",BAJO NIVEL CRITICO Y PARA MÁS DE DOS SEMANAS,13.0,14.0,14.0,18.0,18.0,18.0,12 MESES,OBRATALCA,1182803-OBRATALCA
1288093.0,MOLDURA XPS 33X32 E6 1 ML,SOBRE NIVEL CRÍTICO Y PARA MÁS DE DOS SEMANAS,524.0,14.0,14.0,1350.0,1320.0,1320.0,,OBRATALCA,1288093-OBRATALCA
1264585.0,MONOMANDO LAVAPLATO ORNELLA  1 UN,BAJO NIVEL CRITICO Y PARA MÁS DE DOS SEMANAS,19.0,14.0,13.0,16.0,16.0,16.0,,OBRATALCA,1264585-OBRATALCA
,,,,,,,,,,OBRATALCA,
1289483.0,MONOMANDO LAVATORIO AREZZO  1 UN,BAJO NIVEL CRITICO Y PARA MENOS DE DOS SEMANAS,0.0,12.0,11.0,28.0,31.0,31.0,,OBRATALCA,1289483-OBRATALCA
1184121.0,MONOMANDO LAVATORIO ORNELLA  1 UN,BAJO NIVEL CRITICO Y PARA MÁS DE DOS SEMANAS,22.0,14.0,13.0,18.0,18.0,18.0,,OBRATALCA,1184121-OBRATALCA
1289491.0,MONOMANDO TINA-DUCHA AREZZO  1 UN,BAJO NIVEL CRITICOY SIN ENTREGA LOS ÚLTIMOS 90 DÍAS,0.0,11.0,11.0,28.0,28.0,28.0,,OBRATALCA,1289491-OBRATALCA
1184139.0,MONOMANDO TINA-DUCHA ORNELLA  1 UN,BAJO NIVEL CRITICO Y PARA MÁS DE DOS SEMANAS,22.0,14.0,13.0,18.0,18.0,18.0,,OBRATALCA,1184139-OBRATALCA
1274812.0,MORTERO BASE COAT 20 KG 1 SACO,BAJO NIVEL CRITICO Y PARA MÁS DE DOS SEMANAS,31.99990081787109,16.0,16.0,39.56,39.74,39.74,12 MESES,OBRATALCA,1274812-OBRATALCA
41020232.0,MORTERO PRESEC 196 25 KG,SOBRE NIVEL CRÍTICOY SIN ENTREGA LOS ÚLTIMOS 90 DÍAS,210.0,14.0,,,,,6 MESES,OBRATALCA,41020232-OBRATALCA
1182483.0,"MUEBLE LAVAPLATO 0,8 MTS 1 UN",BAJO NIVEL CRITICO Y PARA MENOS DE DOS SEMANAS,0.0,14.0,14.0,18.0,18.0,0.0,,OBRATALCA,1182483-OBRATALCA
41020239.0,OLEO OPACO KEM PRO BLANCO 1 GL,BAJO NIVEL CRITICO Y PARA MÁS DE DOS SEMANAS,20.0,14.0,13.0,18.1,17.75,17.75,12 MESES,OBRATALCA,41020239-OBRATALCA
1183136.0,PAPEL FIELTRO 10/40 1 ROLLO,SOBRE NIVEL CRÍTICO Y PARA MÁS DE DOS SEMANAS,183.2956039428711,16.0,16.0,91.79,56.54,56.54000000000001,,OBRATALCA,1183136-OBRATALCA
41020237.0,"PASTA MURO KEM PRO 24,1 KG 1 TINETA",BAJO NIVEL CRITICOY SIN ENTREGA LOS ÚLTIMOS 90 DÍAS,25.0,13.0,13.0,29.4,25.0,25.0,12 MESES,OBRATALCA,41020237-OBRATALCA
1191662.0,PEDESTAL UNIVERSAL 1 UN,BAJO NIVEL CRITICO Y PARA MÁS DE DOS SEMANAS,9.0,14.0,14.0,21.0,21.0,21.0,,OBRATALCA,1191662-OBRATALCA
1201470.0,PEGAMENTO ALFOMBRA PATEL 18 LTS,BAJO NIVEL CRITICO Y PARA MÁS DE DOS SEMANAS,14.00000061035155,14.0,13.0,4.24,4.300000000000001,4.3,12 MESES,OBRATALCA,1201470-OBRATALCA
1193975.0,"PERFIL C METALCON 60 X 38 X 8 X 0,85 MM X 2,4 MTS 60 CA085",SOBRE NIVEL CRÍTICO Y PARA MÁS DE DOS SEMANAS,170.0,16.0,15.0,18.0,18.0,18.0,,OBRATALCA,1193975-OBRATALCA
1188033.0,"PERFIL CANAL NORMAL 61 X 20 X 0,5 MM X 3 MTS 1 UN",SOBRE NIVEL CRÍTICO Y PARA MÁS DE DOS SEMANAS,822.0,14.0,14.0,249.0,249.0,249.0,,OBRATALCA,1188033-OBRATALCA
1188025.0,"PERFIL MONTANTE NORMAL 60 X 38 X 0,5 MM X 2,4 MTS 1 UN",SOBRE NIVEL CRÍTICO Y PARA MÁS DE DOS SEMANAS,1057.999982910156,15.0,15.0,1114.0,1100.0,1100.0,,OBRATALCA,1188025-OBRATALCA
1198881.0,"PERFIL PORTANTE 40 R 40 X 18 X 10 X 0,5 MM X 6 MTS",SOBRE NIVEL CRÍTICO Y PARA MÁS DE DOS SEMANAS,353.0,15.0,15.0,636.0,636.0,636.0,,OBRATALCA,1198881-OBRATALCA
1193983.0,"PERFIL U METALCON 62 X 25 X 0,85 MM X 3,0 MTS 62 CO85",BAJO NIVEL CRITICO Y PARA MÁS DE DOS SEMANAS,30.0,16.0,15.0,4.0,4.0,4.0,,OBRATALCA,1193983-OBRATALCA
1273393.0,PILASTRA PINO 13X45 MM X 3ML,BAJO NIVEL CRITICO Y PARA MÁS DE DOS SEMANAS,85.8,16.0,13.0,57.5,58.0,58.0,,OBRATALCA,1273393-OBRATALCA
1178839.0,"PINO 2"" X 10"" X 3,20 MT",BAJO NIVEL CRITICOY SIN ENTREGA LOS ÚLTIMOS 90 DÍAS,1.0,11.0,11.0,56.0,56.0,56.0,,OBRATALCA,1178839-OBRATALCA
1193713.0,"PINO 2"" X 2"" X 3,20 MT IMPREGNADO",SOBRE NIVEL CRÍTICO Y PARA MÁS DE DOS SEMANAS,2025.0,16.0,16.0,2311.5,2311.5,2311.5,,OBRATALCA,1193713-OBRATALCA
1191216.0,PINTURA DE FIBROCEMENTOCAOBA FIBROCEM  1 TIN,BAJO NIVEL CRITICO Y PARA MÁS DE DOS SEMANAS,5.000000076293945,16.0,16.0,4.025,6.0,4.0,18 MESES,OBRATALCA,1191216-OBRATALCA
1191321.0,PINTURA DE FIBROCEMENTOCASTANO FIBROCEM  1 TIN,BAJO NIVEL CRITICO Y PARA MÁS DE DOS SEMANAS,5.0,16.0,16.0,4.025,6.0,4.0,18 MESES,OBRATALCA,1191321-OBRATALCA
1283090.0,PINTURA DE MADERACAOBA MADERVET  1 TIN,BAJO NIVEL CRITICO Y PARA MÁS DE DOS SEMANAS,1.0,16.0,16.0,2.015,2.0,2.0,24 MESES,OBRATALCA,1283090-OBRATALCA
1283102.0,PINTURA DE MADERACASTANO MADERVET  1 TIN,BAJO NIVEL CRITICO Y PARA MÁS DE DOS SEMANAS,1.0,16.0,16.0,2.015,2.0,2.0,24 MESES,OBRATALCA,1283102-OBRATALCA
41020165.0,PINTURA ESMALTE AL AGUA MARFIL CP-70 1 TIN,BAJO NIVEL CRITICO Y PARA MENOS DE DOS SEMANAS,1.6,14.0,14.0,9.75,5.0,5.0,12 MESES,OBRATALCA,41020165-OBRATALCA
1191451.0,PINTURA HOJALATACAOBA ACRIZINC  1 GAL,BAJO NIVEL CRITICOY SIN ENTREGA LOS ÚLTIMOS 90 DÍAS,11.0,6.0,,,,,60 MESES,OBRATALCA,1191451-OBRATALCA
1191460.0,PINTURA HOJALATACASTANO ACRIZINC  1 GAL,BAJO NIVEL CRITICOY SIN ENTREGA LOS ÚLTIMOS 90 DÍAS,9.0,3.0,,,,,60 MESES,OBRATALCA,1191460-OBRATALCA
1194652.0,PINTURA HOJALATANEGRO ACRIZINC  1 GAL,BAJO NIVEL CRITICOY SIN ENTREGA LOS ÚLTIMOS 90 DÍAS,6.0,,,,,,60 MESES,OBRATALCA,1194652-OBRATALCA
1274821.0,PINTURA IMPERMEABILIZANTE MASTERWALL BEIGE (IC)  1 TIN,BAJO NIVEL CRITICO Y PARA MÁS DE DOS SEMANAS,6.0,14.0,13.0,5.866666666666667,5.600000000000001,5.6,12 MESES,OBRATALCA,1274821-OBRATALCA
1274839.0,PINTURA IMPERMEABILIZANTE MASTERWALL GRIS ARENA (SR)  1 TIN,BAJO NIVEL CRITICO Y PARA MÁS DE DOS SEMANAS,9.0,14.0,13.0,5.866666666666667,6.0,6.0,12 MESES,OBRATALCA,1274839-OBRATALCA
1274847.0,PINTURA IMPERMEABILIZANTE MASTERWALL MOSTAZA (GS)  1 TIN,BAJO NIVEL CRITICO Y PARA MÁS DE DOS SEMANAS,7.999999988079071,14.0,13.0,5.133333333333334,6.0,6.0,12 MESES,OBRATALCA,1274847-OBRATALCA
1180074.0,PINTURA OLEO OPACOBLANCO CP-70  1 GAL,BAJO NIVEL CRITICO Y PARA MENOS DE DOS SEMANAS,-3.814697269177714e-08,12.0,10.0,19.95,15.0,15.0,12 MESES,OBRATALCA,1180074-OBRATALCA
1183945.0,PINTURA OLEO OPACOMARFIL CP-70  1 GAL,BAJO NIVEL CRITICOY SIN ENTREGA LOS ÚLTIMOS 90 DÍAS,21.0,10.0,,,,,12 MESES,OBRATALCA,1183945-OBRATALCA
1188105.0,PLANCHA FIBROCEMENTO 4 MM VOLCAN 1 PLANCHA,SOBRE NIVEL CRÍTICO Y PARA MÁS DE DOS SEMANAS,431.4999923706055,16.0,16.0,373.75,374.0,374.0,,OBRATALCA,1188105-OBRATALCA
1259305.0,"PLANCHA OSB PROTEC 11,1 MM X 2,4 4 X 1,22 MTS LP 1 UN",SOBRE NIVEL CRÍTICO Y PARA MÁS DE DOS SEMANAS,462.0,16.0,16.0,805.0,792.0,792.0,,OBRATALCA,1259305-OBRATALCA
1192999.0,"PLANCHA OSB STD 9,5 MM X 2,44 X 1,22 MTS LP 1 UN",BAJO NIVEL CRITICO Y PARA MÁS DE DOS SEMANAS,50.0,16.0,16.0,23.0,23.0,23.0,,OBRATALCA,1192999-OBRATALCA
1179698.0,"PLANCHA YESO-CARTON ST 10 MM 1,20 X 2,40 VOLCAN 1 PLANCHA",SOBRE NIVEL CRÍTICO Y PARA MÁS DE DOS SEMANAS,958.0000024414062,16.0,15.0,1000.03,1000.03,1000.03,,OBRATALCA,1179698-OBRATALCA
1278928.0,POLIESTIRENO EXP. 30 MM (20KG/ M3) 1 PLANCHA,SOBRE NIVEL CRÍTICO Y PARA MÁS DE DOS SEMANAS,345.0,16.0,16.0,345.0,300.0,300.0,,OBRATALCA,1278928-OBRATALCA
1278936.0,POLIESTIRENO EXP. 60 MM (20KG/ M3) 1 PLANCHA,SOBRE NIVEL CRÍTICO Y PARA MÁS DE DOS SEMANAS,450.0,16.0,14.0,36.0,36.0,36.0,,OBRATALCA,1278936-OBRATALCA
1191945.0,PROMOTOR DE ADHERENCIA TECNO BOND  20 KG 1 TIN,BAJO NIVEL CRITICO Y PARA MÁS DE DOS SEMANAS,3.010000114440918,15.0,14.0,0.53,0.53,0.53,12 MESES,OBRATALCA,1191945-OBRATALCA
1260955.0,"PUERTA HDF EXTERIOR PRESTIGE PROTEGIDA 0,80 X 2 MT 1 UN",BAJO NIVEL CRITICO Y PARA MÁS DE DOS SEMANAS,27.0,16.0,15.0,24.0,24.0,0.0,,OBRATALCA,1260955-OBRATALCA
1192112.0,"PUERTA HDF PRESTIGE 0,65 X 2 M T INTERIOR 1 UN",BAJO NIVEL CRITICO Y PARA MÁS DE DOS SEMANAS,23.0,16.0,15.0,4.0,4.0,0.0,,OBRATALCA,1192112-OBRATALCA
1192121.0,"PUERTA HDF PRESTIGE 0,70 X 2 M T INTERIOR 1 UN",BAJO NIVEL CRITICO Y PARA MÁS DE DOS SEMANAS,92.0,16.0,15.0,76.0,76.0,0.0,,OBRATALCA,1192121-OBRATALCA
1188471.0,"PUERTA TERCIADO 0,75 X 2,00 MT CON PE C/C  1 UN",BAJO NIVEL CRITICO Y PARA MÁS DE DOS SEMANAS,25.0,16.0,15.0,24.0,24.0,0.0,,OBRATALCA,1188471-OBRATALCA
1187241.0,REGULADOR P/GAS 45KG RI 11100 1 UN,BAJO NIVEL CRITICO Y PARA MENOS DE DOS SEMANAS,0.0,14.0,14.0,18.0,18.0,18.0,,OBRATALCA,1187241-OBRATALCA
1177810.0,RODILLO CHIPORRO 18 CM 1 UN,BAJO NIVEL CRITICO Y PARA MÁS DE DOS SEMANAS,50.75,14.0,14.0,37.5,38.0,38.0,,OBRATALCA,1177810-OBRATALCA
1274783.0,"SIDING 0,19 X 6 MM X 3,66 VOLCAN MTS",SOBRE NIVEL CRÍTICO Y PARA MÁS DE DOS SEMANAS,1360.0,16.0,16.0,1265.0,1200.0,1200.0,,OBRATALCA,1274783-OBRATALCA
1183128.0,"SIFON BOTELLA 1 1/4"" SALIDA CURVA 1 UN",BAJO NIVEL CRITICOY SIN ENTREGA LOS ÚLTIMOS 90 DÍAS,36.0,16.0,11.0,28.0,28.0,28.0,,OBRATALCA,1183128-OBRATALCA
1177887.0,"SIFON LOA LAVAPLATOS S/CURVA 1 1/2"" 1 UN",BAJO NIVEL CRITICO Y PARA MÁS DE DOS SEMANAS,42.0,15.0,13.0,16.0,16.0,16.0,,OBRATALCA,1177887-OBRATALCA
1279584.0,"SIKABOND MONTAJE 3,8 KG BALDES",BAJO NIVEL CRITICO Y PARA MÁS DE DOS SEMANAS,38.0,14.0,14.0,47.4,47.57,47.57,12 MESES,OBRATALCA,1279584-OBRATALCA
1199517.0,SOBREPASO PP-R 20 MM 1 UN,SOBRE NIVEL CRÍTICO Y PARA MÁS DE DOS SEMANAS,564.0,17.0,17.0,18.0,12.0,12.0,,OBRATALCA,1199517-OBRATALCA
1199525.0,SOBREPASO PP-R 25 MM 1 UN,CERCA DE NIVEL CRITICO Y PARA MÁS DE DOS SEMANAS,154.0,17.0,17.0,9.0,9.0,9.0,,OBRATALCA,1199525-OBRATALCA
1187671.0,"TAPACAN SMARTSIDE TRIM 5 1/2"" LP 1 UN",SOBRE NIVEL CRÍTICO Y PARA MÁS DE DOS SEMANAS,388.0,16.0,16.0,126.5,126.0,126.0,,OBRATALCA,1187671-OBRATALCA
1187751.0,"TAPACAN SMARTSIDE TRIM 7 1/4"" LP 1 UN",SOBRE NIVEL CRÍTICO Y PARA MÁS DE DOS SEMANAS,273.0,16.0,16.0,103.5,104.0,104.0,,OBRATALCA,1187751-OBRATALCA
1248032.0,"TAPON PP-R 1/2"" HE 1 UN",SOBRE NIVEL CRÍTICO Y PARA MÁS DE DOS SEMANAS,389.0,17.0,14.0,111.0,111.0,111.0,,OBRATALCA,1248032-OBRATALCA
1248041.0,"TAPON PP-R 1/2"" HI 1 UN",SOBRE NIVEL CRÍTICO Y PARA MÁS DE DOS SEMANAS,353.0,17.0,14.0,27.0,27.0,27.0,,OBRATALCA,1248041-OBRATALCA
12736330.0,TEE PEX 20 MM,BAJO NIVEL CRITICOY SIN ENTREGA LOS ÚLTIMOS 90 DÍAS,3.0,14.0,,,,,,OBRATALCA,12736330-OBRATALCA
1253333.0,TEE PP-R 20 MM 1 UN,BAJO NIVEL CRITICO Y PARA MÁS DE DOS SEMANAS,49.0,17.0,17.0,32.0,32.0,32.0,,OBRATALCA,1253333-OBRATALCA
1204515.0,TEE PP-R 25 MM 1 UN,BAJO NIVEL CRITICO Y PARA MÁS DE DOS SEMANAS,66.0,17.0,17.0,30.0,30.0,30.0,,OBRATALCA,1204515-OBRATALCA
12736410.0,TEE PRUEBA PEX 20 X 1/2 HI X20,BAJO NIVEL CRITICO Y PARA MENOS DE DOS SEMANAS,3.0,15.0,14.0,18.0,18.0,18.0,,OBRATALCA,12736410-OBRATALCA
1247110.0,TEE RED.20 X 25 X 20 PP-R 1 UN,BAJO NIVEL CRITICOY SIN ENTREGA LOS ÚLTIMOS 90 DÍAS,72.0,17.0,6.0,26.0,26.0,26.0,,OBRATALCA,1247110-OBRATALCA
1247128.0,TEE RED.25 X 20 X 20 PP-R 1 UN,CERCA DE NIVEL CRITICO Y PARA MÁS DE DOS SEMANAS,149.0,17.0,17.0,14.0,9.0,9.0,,OBRATALCA,1247128-OBRATALCA
1190299.0,TEE RED.25 X 20 X 25 PP-R 1 UN,BAJO NIVEL CRITICO Y PARA MÁS DE DOS SEMANAS,129.0,17.0,17.0,48.0,48.0,48.0,,OBRATALCA,1190299-OBRATALCA
1247144.0,TEE RED.25 X 25 X 20 PP-R 1 UN,BAJO NIVEL CRITICO Y PARA MÁS DE DOS SEMANAS,99.0,17.0,17.0,39.0,39.0,39.0,,OBRATALCA,1247144-OBRATALCA
1291532.0,TEJA ASFALTICA SUPREME ONIX BLACK M2,SOBRE NIVEL CRÍTICO Y PARA MÁS DE DOS SEMANAS,5128.469975585937,16.0,16.0,2418.91,1947.04,1947.04,,OBRATALCA,1291532-OBRATALCA
1272374.0,TERMINAL PEX 20 X 1/2 HE,BAJO NIVEL CRITICO Y PARA MÁS DE DOS SEMANAS,13.92,15.0,14.0,36.0,36.0,36.0,,OBRATALCA,1272374-OBRATALCA
1208006.0,TERMINAL PP-R 20 X 1/2 HI 1 UN,SOBRE NIVEL CRÍTICO Y PARA MÁS DE DOS SEMANAS,224.0,17.0,15.0,168.0,168.0,168.0,,OBRATALCA,1208006-OBRATALCA
1252074.0,"TERMINAL PP-R 20 X 1/2"" HE 1 UN",BAJO NIVEL CRITICO Y PARA MÁS DE DOS SEMANAS,77.0,17.0,14.0,36.0,36.0,36.0,,OBRATALCA,1252074-OBRATALCA
1244285.0,"TERMINAL PP-R 25 X 3/4"" HE 1 UN",BAJO NIVEL CRITICO Y PARA MÁS DE DOS SEMANAS,43.0,17.0,13.0,14.0,14.0,14.0,,OBRATALCA,1244285-OBRATALCA
1247179.0,"TERMINAL PP-R 32 X 3/4"" HE 1 UN",BAJO NIVEL CRITICOY SIN ENTREGA LOS ÚLTIMOS 90 DÍAS,82.0,17.0,17.0,7.0,7.0,0.0,,OBRATALCA,1247179-OBRATALCA
1254361.0,TERMOPLAC STRATO WEBER 1 SACO,BAJO NIVEL CRITICO Y PARA MÁS DE DOS SEMANAS,27.0,15.0,14.0,54.0,54.0,54.0,12 MESES,OBRATALCA,1254361-OBRATALCA
1180331.0,"TINA 1,20 X 0,70 MTS BLANCA ES MALTADA SENSI DACQUA 1 UN",BAJO NIVEL CRITICO Y PARA MÁS DE DOS SEMANAS,1.0,14.0,14.0,3.0,3.0,3.0,,OBRATALCA,1180331-OBRATALCA
1256817.0,"TINA 1,30 X 0,70 MTS BLANCA ESMALTADA SENSI DACQUA 1 UN",BAJO NIVEL CRITICO Y PARA MENOS DE DOS SEMANAS,0.0,14.0,14.0,18.0,18.0,18.0,,OBRATALCA,1256817-OBRATALCA
12736090.0,TUBERIA PEX 20 MM 1 MT,BAJO NIVEL CRITICO Y PARA MÁS DE DOS SEMANAS,62.0,14.0,14.0,105.0,51.0,51.0,,OBRATALCA,12736090-OBRATALCA
1205850.0,TUBERIA PP-R 20 MM PN-16 1 ML,SOBRE NIVEL CRÍTICO Y PARA MÁS DE DOS SEMANAS,930.0,17.0,17.0,156.0,156.0,156.0,,OBRATALCA,1205850-OBRATALCA
1205868.0,TUBERIA PP-R 25 MM PN-16 1 ML,SOBRE NIVEL CRÍTICO Y PARA MÁS DE DOS SEMANAS,796.0,17.0,17.0,306.0,308.0,308.0,,OBRATALCA,1205868-OBRATALCA
1205876.0,TUBERIA PP-R 32 MM PN-16 1 ML,SOBRE NIVEL CRÍTICO Y PARA MÁS DE DOS SEMANAS,287.0,17.0,16.0,230.0,232.0,232.0,,OBRATALCA,1205876-OBRATALCA
12800240.0,"VALVULA EXCESO FLUJO 3/4""1UN ",BAJO NIVEL CRITICO Y PARA MÁS DE DOS SEMANAS,21.0,14.0,14.0,18.0,18.0,18.0,,OBRATALCA,12800240-OBRATALCA
41020261.0,VENTANA TECHO ALTATERRA 55 X 78 CM 1 UN,BAJO NIVEL CRITICO Y PARA MÁS DE DOS SEMANAS,23.0,17.0,16.0,23.0,23.0,23.0,,OBRATALCA,41020261-OBRATALCA
1275065.0,"VENTILACION PASIVA 4"" 1 UN",BAJO NIVEL CRITICO Y PARA MÁS DE DOS SEMANAS,140.0,15.0,13.0,52.0,52.0,52.0,,OBRATALCA,1275065-OBRATALCA
1277466.0,VOLCAFIX ADHESIVO VOLCAPOL 25 KG,BAJO NIVEL CRITICO Y PARA MÁS DE DOS SEMANAS,84.0,12.0,12.0,82.6,37.82,37.81999999999999,6 MESES,OBRATALCA,1277466-OBRATALCA
1274206.0,"VOLCAPOL RH 52,5 MM 1,20 X 2,40 VOLCAN 1 PLANCHA",CERCA DE NIVEL CRITICO Y PARA MÁS DE DOS SEMANAS,188.9998779296875,16.0,16.0,115.0,110.0,110.0,,OBRATALCA,1274206-OBRATALCA
1267250.0,"VOLCAPOL ST 50 MM 1,20 X 2,40 VOLCAN 1 PLANCHA",BAJO NIVEL CRITICO Y PARA MÁS DE DOS SEMANAS,33.0,15.0,15.0,396.0,353.0,113.0,,OBRATALCA,1267250-OBRATALCA
1290599.0,WC LUGANO DESC. MURO 1 UN,BAJO NIVEL CRITICO Y PARA MENOS DE DOS SEMANAS,0.0,14.0,14.0,3.0,3.0,3.0,,OBRATALCA,1290599-OBRATALCA
1290601.0,WC LUGANO DESC. PISO 1 UN,BAJO NIVEL CRITICO Y PARA MÁS DE DOS SEMANAS,8.0,14.0,14.0,18.0,18.0,18.0,,OBRATALCA,1290601-OBRATALCA
1268615.0,YESO EXPRESS VOLCAN 25 KG,BAJO NIVEL CRITICO Y PARA MÁS DE DOS SEMANAS,22.00000152587891,14.0,14.0,81.75,45.79,20.29,6 MESES,OBRATALCA,1268615-OBRATALCA
1269909.0,ADHESIVO CERAMICO EN PASTA AC  25 KG 1 TIN,SOBRE NIVEL CRÍTICO Y PARA MENOS DE DOS SEMANAS,1.999999618530273,11.0,11.0,21.51,21.51,0.5900000000000039,9 MESES ,OBRAVILLAGALILEALINARES,1269909-OBRAVILLAGALILEALINARES
1177641.0,ADHESIVO CERAMICO POLVO ULTRA 25 KG 1 SACO,SOBRE NIVEL CRÍTICO Y PARA MÁS DE DOS SEMANAS,60.0,10.0,10.0,198.95,208.95,208.95,6 MESES,OBRAVILLAGALILEALINARES,1177641-OBRAVILLAGALILEALINARES
1196455.0,ADHESIVO SILICONABLANCO SANISIL 280 ML 1 UN,BAJO NIVEL CRITICO Y PARA MÁS DE DOS SEMANAS,15.0,9.0,9.0,23.8,14.8,14.8,24 MESES,OBRAVILLAGALILEALINARES,1196455-OBRAVILLAGALILEALINARES
1177650.0,ADHESIVOBLANCO SIKACRYL+ PINTABLE 300 ML 1 UN,SOBRE NIVEL CRÍTICO Y PARA MÁS DE DOS SEMANAS,103.0,10.0,10.0,142.0,131.0,131.0,24 MESES,OBRAVILLAGALILEALINARES,1177650-OBRAVILLAGALILEALINARES
1296237.0,AIRE ACONDICIONADO 12000 BTU 1 UN,,,,,,,,,OBRAVILLAGALILEALINARES,1296237-OBRAVILLAGALILEALINARES
1261106.0,ALFOMBRABEIGE SPEED 400 GRS 1 M2,SOBRE NIVEL CRÍTICO Y PARA MÁS DE DOS SEMANAS,1327.330018310547,11.0,9.0,854.2,879.36,879.36,,OBRAVILLAGALILEALINARES,1261106-OBRAVILLAGALILEALINARES
1177895.0,ANTICORROSIVO NEGRO 1 GAL,BAJO NIVEL CRITICO Y PARA MÁS DE DOS SEMANAS,4.0,12.0,12.0,4.0,4.0,4.0,12 MESES,OBRAVILLAGALILEALINARES,1177895-OBRAVILLAGALILEALINARES
1192147.0,"BISAGRA 3"" X 3"" CROMO SATIN 1 UN",SOBRE NIVEL CRÍTICO Y PARA MÁS DE DOS SEMANAS,354.0,10.0,10.0,438.0,438.0,438.0,,OBRAVILLAGALILEALINARES,1192147-OBRAVILLAGALILEALINARES
1178193.0,"BROCHA 2"" 1 UN",SOBRE NIVEL CRÍTICO Y PARA MÁS DE DOS SEMANAS,38.0,11.0,11.0,24.0,6.0,6.0,,OBRAVILLAGALILEALINARES,1178193-OBRAVILLAGALILEALINARES
1179508.0,"BROCHA 4"" 1 UN",SOBRE NIVEL CRÍTICO Y PARA MÁS DE DOS SEMANAS,76.0,12.0,12.0,15.32,15.32,15.32,,OBRAVILLAGALILEALINARES,1179508-OBRAVILLAGALILEALINARES
1274572.0,BURLETE BAJO PUERTA 1 UN,SOBRE NIVEL CRÍTICO Y PARA MÁS DE DOS SEMANAS,65.0,11.0,10.0,44.0,44.0,44.0,,OBRAVILLAGALILEALINARES,1274572-OBRAVILLAGALILEALINARES
1274564.0,BURLETE MARCO PUERTA 1 MT,SOBRE NIVEL CRÍTICO Y PARA MÁS DE DOS SEMANAS,311.0,11.0,10.0,220.0,220.0,220.0,,OBRAVILLAGALILEALINARES,1274564-OBRAVILLAGALILEALINARES
1191849.0,CALEFON TIRO NATURAL  G.L. 7 LTS C/FLEX 1 UN,BAJO NIVEL CRITICO Y PARA MÁS DE DOS SEMANAS,4.0,10.0,9.0,10.0,10.0,10.0,,OBRAVILLAGALILEALINARES,1191849-OBRAVILLAGALILEALINARES
1208153.0,CALEFON TIRO NATURAL G.L. 10 LTS C/FLEX 1 UN,SOBRE NIVEL CRÍTICO Y PARA MÁS DE DOS SEMANAS,15.0,10.0,9.0,12.0,12.0,12.0,,OBRAVILLAGALILEALINARES,1208153-OBRAVILLAGALILEALINARES
1189722.0,CELOSIA 20 X 20 BLANCA 1 UN,SOBRE NIVEL CRÍTICO Y PARA MÁS DE DOS SEMANAS,82.0,11.0,10.0,62.0,62.0,62.0,,OBRAVILLAGALILEALINARES,1189722-OBRAVILLAGALILEALINARES
1269802.0,CEMENTO AR PUZOLANICO BIO BIO 1 KG,SOBRE NIVEL CRÍTICO Y PARA MENOS DE DOS SEMANAS,350.0007812499971,12.0,12.0,11111.94,8776.36,8524.36,2 MESES,OBRAVILLAGALILEALINARES,1269802-OBRAVILLAGALILEALINARES
1295381.0,CERAMICA NEW BLANCA BRILL 20 X,SOBRE NIVEL CRÍTICO Y PARA MÁS DE DOS SEMANAS,223.6799999809265,11.0,10.0,208.95,208.95,208.95,,OBRAVILLAGALILEALINARES,1295381-OBRAVILLAGALILEALINARES
1286080.0,CERAMICABEIGE SOLANA 45 X 45 1 M2,SOBRE NIVEL CRÍTICO Y PARA MÁS DE DOS SEMANAS,737.1200073242187,12.0,10.0,696.3,696.3,696.3,,OBRAVILLAGALILEALINARES,1286080-OBRAVILLAGALILEALINARES
41020263.0,CERCO VENTANA TECHO ONDULADO ALTATERRA 55 X 78 1 UN,CERCA DE NIVEL CRITICO Y PARA MÁS DE DOS SEMANAS,17.0,12.0,11.0,12.0,12.0,12.0,,OBRAVILLAGALILEALINARES,41020263-OBRAVILLAGALILEALINARES
1193027.0,CERRADURA CILIN INOX ACCESO LL AVE 1 UN,CERCA DE NIVEL CRITICO Y PARA MÁS DE DOS SEMANAS,19.0,10.0,10.0,22.0,22.0,22.0,,OBRAVILLAGALILEALINARES,1193027-OBRAVILLAGALILEALINARES
1193060.0,CERRADURA CILINDRICA INOX YALE BANO 134640  1 UN,SOBRE NIVEL CRÍTICO Y PARA MÁS DE DOS SEMANAS,37.0,10.0,10.0,40.0,40.0,40.0,,OBRAVILLAGALILEALINARES,1193060-OBRAVILLAGALILEALINARES
1248251.0,CERRADURA CILINDRICA INOX YALE OFICINA-DORMITORIO 134630  1 UN,SOBRE NIVEL CRÍTICO Y PARA MÁS DE DOS SEMANAS,46.0,10.0,10.0,22.0,44.0,44.0,,OBRAVILLAGALILEALINARES,1248251-OBRAVILLAGALILEALINARES
1193086.0,CERRADURA CILINDRICA INOX YALE S/PASO  1 UN,SOBRE NIVEL CRÍTICO Y PARA MÁS DE DOS SEMANAS,37.0,10.0,10.0,40.0,40.0,40.0,,OBRAVILLAGALILEALINARES,1193086-OBRAVILLAGALILEALINARES
1252664.0,CERROJO INOX LLAVE-LLAVE 134670  1 UN,SOBRE NIVEL CRÍTICO Y PARA MÁS DE DOS SEMANAS,42.0,10.0,10.0,44.0,44.0,44.0,,OBRAVILLAGALILEALINARES,1252664-OBRAVILLAGALILEALINARES
1193959.0,"CIELO PERFIL AT 20 X 25 X 4 X 0,42 MM X 3,0 MTS",SOBRE NIVEL CRÍTICO Y PARA MÁS DE DOS SEMANAS,59.0,12.0,12.0,229.0,229.0,0.0,,OBRAVILLAGALILEALINARES,1193959-OBRAVILLAGALILEALINARES
1183013.0,CINTA AUTOADHESIVA P/JUNTURA 45 MTS 1 ROLLO,SOBRE NIVEL CRÍTICO Y PARA MÁS DE DOS SEMANAS,101.0,10.0,10.0,142.1,142.0,142.0,,OBRAVILLAGALILEALINARES,1183013-OBRAVILLAGALILEALINARES
1252390.0,"CODO PP-R DOBLE FIJACION TINA HI 20 X 1/2"" 1 UN",CERCA DE NIVEL CRITICOY SIN ENTREGA LOS ÚLTIMOS 90 DÍAS,26.0,13.0,,,,,,OBRAVILLAGALILEALINARES,1252390-OBRAVILLAGALILEALINARES
1272340.0,CODO PEX 20 X 1/2 HE,BAJO NIVEL CRITICO Y PARA MÁS DE DOS SEMANAS,16.0,11.0,10.0,22.0,23.0,23.0,,OBRAVILLAGALILEALINARES,1272340-OBRAVILLAGALILEALINARES
1272323.0,CODO PEX 20 X 20 MM,SOBRE NIVEL CRÍTICO Y PARA MÁS DE DOS SEMANAS,64.0,11.0,10.0,88.0,92.0,92.0,,OBRAVILLAGALILEALINARES,1272323-OBRAVILLAGALILEALINARES
1247072.0,CODO PP-R 20 MM 1 UN,SOBRE NIVEL CRÍTICO Y PARA MÁS DE DOS SEMANAS,202.0,13.0,13.0,308.0,308.0,308.0,,OBRAVILLAGALILEALINARES,1247072-OBRAVILLAGALILEALINARES
1196199.0,"CODO PP-R 20 X 1/2"" HE 1 UN",SOBRE NIVEL CRÍTICO Y PARA MÁS DE DOS SEMANAS,63.0,13.0,11.0,24.0,30.0,30.0,,OBRAVILLAGALILEALINARES,1196199-OBRAVILLAGALILEALINARES
1196076.0,"CODO PP-R 20 X 1/2"" HI 1 UN",SOBRE NIVEL CRÍTICO Y PARA MÁS DE DOS SEMANAS,40.0,13.0,13.0,50.0,50.0,50.0,,OBRAVILLAGALILEALINARES,1196076-OBRAVILLAGALILEALINARES
1247081.0,CODO PP-R 25 MM 1 UN,SOBRE NIVEL CRÍTICO Y PARA MÁS DE DOS SEMANAS,184.0,13.0,13.0,274.0,274.0,274.0,,OBRAVILLAGALILEALINARES,1247081-OBRAVILLAGALILEALINARES
1205921.0,"CODO PP-R 25 X 1/2"" HE 1 UN",SOBRE NIVEL CRÍTICO Y PARA MÁS DE DOS SEMANAS,90.0,13.0,11.0,30.0,42.0,42.0,,OBRAVILLAGALILEALINARES,1205921-OBRAVILLAGALILEALINARES
1190230.0,CODO PP-R 32 MM 1 UN,SOBRE NIVEL CRÍTICO Y PARA MÁS DE DOS SEMANAS,301.0,13.0,12.0,68.0,68.0,68.0,,OBRAVILLAGALILEALINARES,1190230-OBRAVILLAGALILEALINARES
1205841.0,CODO RED PP-R 32 X 25 MM   1 U N,BAJO NIVEL CRITICO Y PARA MENOS DE DOS SEMANAS,0.0,13.0,13.0,14.0,14.0,0.0,,OBRAVILLAGALILEALINARES,1205841-OBRAVILLAGALILEALINARES
1252533.0,COPLA PP-R 25 MM 1 UN,SOBRE NIVEL CRÍTICO Y PARA MÁS DE DOS SEMANAS,45.0,13.0,11.0,9.0,9.0,9.0,,OBRAVILLAGALILEALINARES,1252533-OBRAVILLAGALILEALINARES
1199592.0,COPLA PP-R 32 MM 1 UN,SOBRE NIVEL CRÍTICO Y PARA MÁS DE DOS SEMANAS,132.0,13.0,12.0,51.0,51.0,51.0,,OBRAVILLAGALILEALINARES,1199592-OBRAVILLAGALILEALINARES
1190272.0,COPLA REDUC. PP-R 32 X 25 1 UN,SOBRE NIVEL CRÍTICOY SIN ENTREGA LOS ÚLTIMOS 90 DÍAS,61.0,10.0,10.0,18.0,25.5,25.5,,OBRAVILLAGALILEALINARES,1190272-OBRAVILLAGALILEALINARES
1256198.0,"DESAGUE LAVATORIO 1 1/4"" C/REB /REJ 1 UN",SOBRE NIVEL CRÍTICO Y PARA MÁS DE DOS SEMANAS,67.0,11.0,9.0,34.0,34.0,34.0,,OBRAVILLAGALILEALINARES,1256198-OBRAVILLAGALILEALINARES
1177879.0,DESAGUE TINA/REBALSE/SIFON 1 UN,BAJO NIVEL CRITICO Y PARA MÁS DE DOS SEMANAS,34.0,11.0,10.0,40.0,40.0,40.0,,OBRAVILLAGALILEALINARES,1177879-OBRAVILLAGALILEALINARES
41020238.0,ESMALTE AL AGUA KEM PRO MARFIL 1 TINETA,,,,,,,,12 MESES,OBRAVILLAGALILEALINARES,41020238-OBRAVILLAGALILEALINARES
1187161.0,"ESQUINEROS METALICO 30 X 30 X 2,40 MTS 1 UN",SOBRE NIVEL CRÍTICO Y PARA MÁS DE DOS SEMANAS,255.0,12.0,12.0,429.0,429.0,0.0,,OBRAVILLAGALILEALINARES,1187161-OBRAVILLAGALILEALINARES
1290581.0,ESTANQUE LUGANO 1 UN,BAJO NIVEL CRITICO Y PARA MÁS DE DOS SEMANAS,18.0,10.0,9.0,34.0,34.0,34.0,,OBRAVILLAGALILEALINARES,1290581-OBRAVILLAGALILEALINARES
1291188.0,EXTRACTOR RETON 100 BTH HIGRO 1 UN,SOBRE NIVEL CRÍTICO Y PARA MÁS DE DOS SEMANAS,104.0,11.0,9.0,56.0,56.0,56.0,,OBRAVILLAGALILEALINARES,1291188-OBRAVILLAGALILEALINARES
1208621.0,FRAGUE CERAMICOALMOND  1 KG 1 UN,SOBRE NIVEL CRÍTICO Y PARA MÁS DE DOS SEMANAS,172.0,9.0,9.0,247.48,239.91,239.91,12 MESES,OBRAVILLAGALILEALINARES,1208621-OBRAVILLAGALILEALINARES
1179524.0,FRAGUE CERAMICOBLANCO  1 KG 1 UN,SOBRE NIVEL CRÍTICO Y PARA MÁS DE DOS SEMANAS,58.0,11.0,10.0,79.61,81.61,81.61,12 MESES,OBRAVILLAGALILEALINARES,1179524-OBRAVILLAGALILEALINARES
1188877.0,GUARDAPOLVO CHAFLAN C/CANTERIA 13 X 65 MM X 3 ML 1 UN,SOBRE NIVEL CRÍTICO Y PARA MÁS DE DOS SEMANAS,1073.72,10.0,10.0,660.75,660.13,660.13,,OBRAVILLAGALILEALINARES,1188877-OBRAVILLAGALILEALINARES
1182889.0,LANA DE VIDRIO 100 MM VOLCAN 1 M2,SOBRE NIVEL CRÍTICO Y PARA MÁS DE DOS SEMANAS,1116.0,11.0,10.0,1631.56,1631.56,1631.56,,OBRAVILLAGALILEALINARES,1182889-OBRAVILLAGALILEALINARES
1181421.0,LANA DE VIDRIO 50 MM VOLCAN 1 M2,SOBRE NIVEL CRÍTICO Y PARA MÁS DE DOS SEMANAS,907.2000122070312,10.0,10.0,364.68,345.78,345.78,,OBRAVILLAGALILEALINARES,1181421-OBRAVILLAGALILEALINARES
1295453.0,LATEX CIELOLAT BLANCO 1T      ,BAJO NIVEL CRITICOY SIN ENTREGA LOS ÚLTIMOS 90 DÍAS,0.0,10.0,10.0,33.3,2.8,2.8,12 MESES,OBRAVILLAGALILEALINARES,1295453-OBRAVILLAGALILEALINARES
1295488.0,LATEX CIELOLAT MARFIL 1T      ,BAJO NIVEL CRITICO Y PARA MENOS DE DOS SEMANAS,0.0,8.0,8.0,35.35,34.8,34.8,12 MESES,OBRAVILLAGALILEALINARES,1295488-OBRAVILLAGALILEALINARES
41020236.0,LATEX KEM PRO BLANCO 1 TINETA,BAJO NIVEL CRITICO Y PARA MÁS DE DOS SEMANAS,10.5,11.0,11.0,16.8,3.5,3.5,12 MESES,OBRAVILLAGALILEALINARES,41020236-OBRAVILLAGALILEALINARES
41020233.0,LATEX KEM PRO MARFIL 1 TINETA,BAJO NIVEL CRITICO Y PARA MÁS DE DOS SEMANAS,31.0,10.0,9.0,57.0,51.3,51.0,12 MESES,OBRAVILLAGALILEALINARES,41020233-OBRAVILLAGALILEALINARES
1192260.0,LAVAMANOS VALENCIA  1 UN,BAJO NIVEL CRITICO Y PARA MÁS DE DOS SEMANAS,40.0,10.0,9.0,34.0,34.0,34.0,,OBRAVILLAGALILEALINARES,1192260-OBRAVILLAGALILEALINARES
1189191.0,LAVAPLATO ACERO INOX DERECHO 800 X 50 1 UN,BAJO NIVEL CRITICO Y PARA MÁS DE DOS SEMANAS,10.0,10.0,9.0,6.0,12.0,12.0,,OBRAVILLAGALILEALINARES,1189191-OBRAVILLAGALILEALINARES
1189175.0,LAVAPLATO ACERO INOX IZQUIERDO 800 X 50 1 UN,BAJO NIVEL CRITICO Y PARA MÁS DE DOS SEMANAS,6.0,10.0,10.0,11.0,7.0,0.0,,OBRAVILLAGALILEALINARES,1189175-OBRAVILLAGALILEALINARES
1203213.0,LLAVE PASO PP-R CAMPANA 20 MM CRM 1 UN,BAJO NIVEL CRITICO Y PARA MÁS DE DOS SEMANAS,54.0,12.0,12.0,44.0,44.0,44.0,,OBRAVILLAGALILEALINARES,1203213-OBRAVILLAGALILEALINARES
1190344.0,LLAVE PASO PP-R CAMPANA 25 MM CRM 1 UN,BAJO NIVEL CRITICO Y PARA MENOS DE DOS SEMANAS,0.0,12.0,12.0,100.0,100.0,100.0,,OBRAVILLAGALILEALINARES,1190344-OBRAVILLAGALILEALINARES
1251346.0,MALLA DE FIBRA DE VIDRIO 153 GRS/M2 1 X 50 WEBER MTS 1 UN,BAJO NIVEL CRITICOY SIN ENTREGA LOS ÚLTIMOS 90 DÍAS,5.999999971389771,12.0,9.0,1.5,1.5,1.5,,OBRAVILLAGALILEALINARES,1251346-OBRAVILLAGALILEALINARES
1182862.0,MARCO PUERTA MADERA 30 X 90 1 UN,SOBRE NIVEL CRÍTICO Y PARA MÁS DE DOS SEMANAS,81.00000143051147,10.0,10.0,102.0,102.0,102.0,,OBRAVILLAGALILEALINARES,1182862-OBRAVILLAGALILEALINARES
1271136.0,MARCO PUERTA MADERA 40 X 90 C/RANURA BURLETE 1 UN,BAJO NIVEL CRITICO Y PARA MÁS DE DOS SEMANAS,36.0,10.0,10.0,44.0,44.0,44.0,,OBRAVILLAGALILEALINARES,1271136-OBRAVILLAGALILEALINARES
1270432.0,MARMOLINA BEIGE CT-70R G.M. (25 KG) 1 TINETA,BAJO NIVEL CRITICO Y PARA MÁS DE DOS SEMANAS,18.0,10.0,9.0,8.325,16.0,16.0,24 MESES,OBRAVILLAGALILEALINARES,1270432-OBRAVILLAGALILEALINARES
1270483.0,MARMOLINA BLANCA CT-70R G.M. (25 KG) 1 TINETA,BAJO NIVEL CRITICO Y PARA MÁS DE DOS SEMANAS,29.0,9.0,9.0,26.235,53.19,53.19,24 MESES,OBRAVILLAGALILEALINARES,1270483-OBRAVILLAGALILEALINARES
1270459.0,MARMOLINA GRIS ARENA CT-70R G.M. (25 KG) 1 TINETA,BAJO NIVEL CRITICO Y PARA MÁS DE DOS SEMANAS,6.0,9.0,9.0,17.91,17.0,17.0,24 MESES,OBRAVILLAGALILEALINARES,1270459-OBRAVILLAGALILEALINARES
1270441.0,MARMOLINA MOSTAZA CT-70R G.M. (25 KG) 1 TINETA,BAJO NIVEL CRITICO Y PARA MÁS DE DOS SEMANAS,11.0,9.0,9.0,26.235,18.0,18.0,24 MESES,OBRAVILLAGALILEALINARES,1270441-OBRAVILLAGALILEALINARES
1192956.0,MASTERSEAL 550 30 KG 1 JUEGO,BAJO NIVEL CRITICO Y PARA MÁS DE DOS SEMANAS,11.0,12.0,12.0,22.0,20.0,20.0,24 MESES,OBRAVILLAGALILEALINARES,1192956-OBRAVILLAGALILEALINARES
1188885.0,MEDIAS CANAS 13X35 MM X 3 ML,SOBRE NIVEL CRÍTICOY SIN ENTREGA LOS ÚLTIMOS 90 DÍAS,174.0,10.0,8.0,91.0,13.97,13.97,,OBRAVILLAGALILEALINARES,1188885-OBRAVILLAGALILEALINARES
1182803.0,"MEDIDOR AGUA POTABLE 3/4"" 1 U N",BAJO NIVEL CRITICOY SIN ENTREGA LOS ÚLTIMOS 90 DÍAS,2.0,10.0,10.0,22.0,22.0,22.0,12 MESES,OBRAVILLAGALILEALINARES,1182803-OBRAVILLAGALILEALINARES
1288093.0,MOLDURA XPS 33X32 E6 1 ML,SOBRE NIVEL CRÍTICO Y PARA MÁS DE DOS SEMANAS,2224.0,10.0,9.0,2000.0,2000.0,2000.0,,OBRAVILLAGALILEALINARES,1288093-OBRAVILLAGALILEALINARES
1264585.0,MONOMANDO LAVAPLATO ORNELLA  1 UN,BAJO NIVEL CRITICO Y PARA MÁS DE DOS SEMANAS,23.0,10.0,9.0,22.0,22.0,22.0,,OBRAVILLAGALILEALINARES,1264585-OBRAVILLAGALILEALINARES
1184121.0,MONOMANDO LAVATORIO ORNELLA  1 UN,BAJO NIVEL CRITICO Y PARA MÁS DE DOS SEMANAS,32.0,10.0,9.0,34.0,34.0,34.0,,OBRAVILLAGALILEALINARES,1184121-OBRAVILLAGALILEALINARES
1184139.0,MONOMANDO TINA-DUCHA ORNELLA  1 UN,BAJO NIVEL CRITICO Y PARA MÁS DE DOS SEMANAS,40.0,10.0,9.0,34.0,34.0,34.0,,OBRAVILLAGALILEALINARES,1184139-OBRAVILLAGALILEALINARES
41020232.0,MORTERO PRESEC 196 25 KG,BAJO NIVEL CRITICO Y PARA MÁS DE DOS SEMANAS,37.0,10.0,10.0,119.15,81.4,81.4,6 MESES,OBRAVILLAGALILEALINARES,41020232-OBRAVILLAGALILEALINARES
1182483.0,"MUEBLE LAVAPLATO 0,8 MTS 1 UN",BAJO NIVEL CRITICO Y PARA MENOS DE DOS SEMANAS,0.0,9.0,9.0,22.0,22.0,22.0,,OBRAVILLAGALILEALINARES,1182483-OBRAVILLAGALILEALINARES
41020239.0,OLEO OPACO KEM PRO BLANCO 1 GL,BAJO NIVEL CRITICO Y PARA MÁS DE DOS SEMANAS,13.0,8.0,8.0,25.55,25.0,25.0,12 MESES,OBRAVILLAGALILEALINARES,41020239-OBRAVILLAGALILEALINARES
1183136.0,PAPEL FIELTRO 10/40 1 ROLLO,BAJO NIVEL CRITICO Y PARA MÁS DE DOS SEMANAS,36.99999961853027,12.0,12.0,62.75,26.73,26.73,,OBRAVILLAGALILEALINARES,1183136-OBRAVILLAGALILEALINARES
41020237.0,"PASTA MURO KEM PRO 24,1 KG 1 TINETA",BAJO NIVEL CRITICO Y PARA MÁS DE DOS SEMANAS,22.0,10.0,10.0,48.6,19.9,19.9,12 MESES,OBRAVILLAGALILEALINARES,41020237-OBRAVILLAGALILEALINARES
1191662.0,PEDESTAL UNIVERSAL 1 UN,BAJO NIVEL CRITICO Y PARA MÁS DE DOS SEMANAS,40.0,10.0,9.0,34.0,34.0,34.0,,OBRAVILLAGALILEALINARES,1191662-OBRAVILLAGALILEALINARES
1201470.0,PEGAMENTO ALFOMBRA PATEL 18 LTS,BAJO NIVEL CRITICO Y PARA MENOS DE DOS SEMANAS,0.0,10.0,9.0,11.72,11.72,11.72,12 MESES,OBRAVILLAGALILEALINARES,1201470-OBRAVILLAGALILEALINARES
1193975.0,"PERFIL C METALCON 60 X 38 X 8 X 0,85 MM X 2,4 MTS 60 CA085",BAJO NIVEL CRITICO Y PARA MÁS DE DOS SEMANAS,18.0,12.0,12.0,76.5,76.0,0.0,,OBRAVILLAGALILEALINARES,1193975-OBRAVILLAGALILEALINARES
1188033.0,"PERFIL CANAL NORMAL 61 X 20 X 0,5 MM X 3 MTS 1 UN",SOBRE NIVEL CRÍTICO Y PARA MÁS DE DOS SEMANAS,230.0,12.0,12.0,451.0,451.0,0.0,,OBRAVILLAGALILEALINARES,1188033-OBRAVILLAGALILEALINARES
1188025.0,"PERFIL MONTANTE NORMAL 60 X 38 X 0,5 MM X 2,4 MTS 1 UN",SOBRE NIVEL CRÍTICO Y PARA MÁS DE DOS SEMANAS,750.0,12.0,12.0,1174.5,1174.0,0.0,,OBRAVILLAGALILEALINARES,1188025-OBRAVILLAGALILEALINARES
1198881.0,"PERFIL PORTANTE 40 R 40 X 18 X 10 X 0,5 MM X 6 MTS",SOBRE NIVEL CRÍTICO Y PARA MÁS DE DOS SEMANAS,134.0,12.0,12.0,783.0,783.0,0.0,,OBRAVILLAGALILEALINARES,1198881-OBRAVILLAGALILEALINARES
1193983.0,"PERFIL U METALCON 62 X 25 X 0,85 MM X 3,0 MTS 62 CO85",BAJO NIVEL CRITICO Y PARA MÁS DE DOS SEMANAS,4.0,12.0,12.0,17.0,17.0,0.0,,OBRAVILLAGALILEALINARES,1193983-OBRAVILLAGALILEALINARES
1273393.0,PILASTRA PINO 13X45 MM X 3ML,SOBRE NIVEL CRÍTICO Y PARA MÁS DE DOS SEMANAS,196.75,11.0,9.0,104.5,104.5,104.5,,OBRAVILLAGALILEALINARES,1273393-OBRAVILLAGALILEALINARES
1178839.0,"PINO 2"" X 10"" X 3,20 MT",BAJO NIVEL CRITICO Y PARA MÁS DE DOS SEMANAS,32.0,10.0,10.0,72.0,72.0,72.0,,OBRAVILLAGALILEALINARES,1178839-OBRAVILLAGALILEALINARES
1193713.0,"PINO 2"" X 2"" X 3,20 MT IMPREGNADO",SOBRE NIVEL CRÍTICO Y PARA MÁS DE DOS SEMANAS,2623.0,12.0,12.0,1896.5,1896.0,1896.0,,OBRAVILLAGALILEALINARES,1193713-OBRAVILLAGALILEALINARES
41020165.0,PINTURA ESMALTE AL AGUA MARFIL CP-70 1 TIN,BAJO NIVEL CRITICO Y PARA MÁS DE DOS SEMANAS,16.0,9.0,9.0,17.24,17.11,17.11,12 MESES,OBRAVILLAGALILEALINARES,41020165-OBRAVILLAGALILEALINARES
1194652.0,PINTURA HOJALATANEGRO ACRIZINC  1 GAL,BAJO NIVEL CRITICOY SIN ENTREGA LOS ÚLTIMOS 90 DÍAS,20.0,8.0,8.0,10.0,9.5,9.5,60 MESES,OBRAVILLAGALILEALINARES,1194652-OBRAVILLAGALILEALINARES
1274821.0,PINTURA IMPERMEABILIZANTE MASTERWALL BEIGE (IC)  1 TIN,BAJO NIVEL CRITICOY SIN ENTREGA LOS ÚLTIMOS 90 DÍAS,17.0,9.0,8.0,7.333333333333333,10.0,10.0,12 MESES,OBRAVILLAGALILEALINARES,1274821-OBRAVILLAGALILEALINARES
1274839.0,PINTURA IMPERMEABILIZANTE MASTERWALL GRIS ARENA (SR)  1 TIN,BAJO NIVEL CRITICOY SIN ENTREGA LOS ÚLTIMOS 90 DÍAS,9.0,9.0,8.0,2.566666666666667,7.0,7.0,12 MESES,OBRAVILLAGALILEALINARES,1274839-OBRAVILLAGALILEALINARES
1274847.0,PINTURA IMPERMEABILIZANTE MASTERWALL MOSTAZA (GS)  1 TIN,BAJO NIVEL CRITICO Y PARA MÁS DE DOS SEMANAS,8.0,9.0,8.0,4.766666666666667,5.0,5.0,12 MESES,OBRAVILLAGALILEALINARES,1274847-OBRAVILLAGALILEALINARES
1180074.0,PINTURA OLEO OPACOBLANCO CP-70  1 GAL,BAJO NIVEL CRITICO Y PARA MÁS DE DOS SEMANAS,16.0,7.0,7.0,23.05,23.0,23.0,12 MESES,OBRAVILLAGALILEALINARES,1180074-OBRAVILLAGALILEALINARES
1188105.0,PLANCHA FIBROCEMENTO 4 MM VOLCAN 1 PLANCHA,SOBRE NIVEL CRÍTICO Y PARA MÁS DE DOS SEMANAS,457.0,13.0,12.0,334.5,334.5,334.5,,OBRAVILLAGALILEALINARES,1188105-OBRAVILLAGALILEALINARES
1192999.0,"PLANCHA OSB STD 9,5 MM X 2,44 X 1,22 MTS LP 1 UN",BAJO NIVEL CRITICO Y PARA MÁS DE DOS SEMANAS,9.0,13.0,13.0,32.0,32.0,0.0,,OBRAVILLAGALILEALINARES,1192999-OBRAVILLAGALILEALINARES
1179698.0,"PLANCHA YESO-CARTON ST 10 MM 1,20 X 2,40 VOLCAN 1 PLANCHA",SOBRE NIVEL CRÍTICO Y PARA MÁS DE DOS SEMANAS,331.0,11.0,10.0,1232.01,1232.01,1232.01,,OBRAVILLAGALILEALINARES,1179698-OBRAVILLAGALILEALINARES
1278928.0,POLIESTIRENO EXP. 30 MM (20KG/ M3) 1 PLANCHA,SOBRE NIVEL CRÍTICO Y PARA MÁS DE DOS SEMANAS,374.0,13.0,13.0,270.0,280.0,280.0,,OBRAVILLAGALILEALINARES,1278928-OBRAVILLAGALILEALINARES
1278936.0,POLIESTIRENO EXP. 60 MM (20KG/ M3) 1 PLANCHA,SOBRE NIVEL CRÍTICO Y PARA MÁS DE DOS SEMANAS,653.0,13.0,12.0,204.0,210.0,210.0,,OBRAVILLAGALILEALINARES,1278936-OBRAVILLAGALILEALINARES
1191945.0,PROMOTOR DE ADHERENCIA TECNO BOND  20 KG 1 TIN,BAJO NIVEL CRITICO Y PARA MÁS DE DOS SEMANAS,4.0,13.0,10.0,3.17,3.17,3.17,12 MESES,OBRAVILLAGALILEALINARES,1191945-OBRAVILLAGALILEALINARES
1260955.0,"PUERTA HDF EXTERIOR PRESTIGE PROTEGIDA 0,80 X 2 MT 1 UN",BAJO NIVEL CRITICO Y PARA MÁS DE DOS SEMANAS,35.0,12.0,10.0,22.0,22.0,22.0,,OBRAVILLAGALILEALINARES,1260955-OBRAVILLAGALILEALINARES
1192112.0,"PUERTA HDF PRESTIGE 0,65 X 2 M T INTERIOR 1 UN",BAJO NIVEL CRITICO Y PARA MÁS DE DOS SEMANAS,24.0,11.0,10.0,18.0,18.0,18.0,,OBRAVILLAGALILEALINARES,1192112-OBRAVILLAGALILEALINARES
1192121.0,"PUERTA HDF PRESTIGE 0,70 X 2 M T INTERIOR 1 UN",SOBRE NIVEL CRÍTICO Y PARA MÁS DE DOS SEMANAS,123.0,11.0,10.0,84.0,84.0,84.0,,OBRAVILLAGALILEALINARES,1192121-OBRAVILLAGALILEALINARES
1188471.0,"PUERTA TERCIADO 0,75 X 2,00 MT CON PE C/C  1 UN",BAJO NIVEL CRITICO Y PARA MÁS DE DOS SEMANAS,35.0,11.0,10.0,22.0,22.0,22.0,,OBRAVILLAGALILEALINARES,1188471-OBRAVILLAGALILEALINARES
1187241.0,REGULADOR P/GAS 45KG RI 11100 1 UN,BAJO NIVEL CRITICO Y PARA MÁS DE DOS SEMANAS,15.0,11.0,10.0,22.0,22.0,22.0,,OBRAVILLAGALILEALINARES,1187241-OBRAVILLAGALILEALINARES
1177810.0,RODILLO CHIPORRO 18 CM 1 UN,BAJO NIVEL CRITICO Y PARA MÁS DE DOS SEMANAS,37.0,11.0,11.0,1.5,1.5,1.5,,OBRAVILLAGALILEALINARES,1177810-OBRAVILLAGALILEALINARES
1274783.0,"SIDING 0,19 X 6 MM X 3,66 VOLCAN MTS",SOBRE NIVEL CRÍTICO Y PARA MÁS DE DOS SEMANAS,1115.0,12.0,12.0,1160.0,1005.0,1005.0,,OBRAVILLAGALILEALINARES,1274783-OBRAVILLAGALILEALINARES
1183128.0,"SIFON BOTELLA 1 1/4"" SALIDA CURVA 1 UN",BAJO NIVEL CRITICOY SIN ENTREGA LOS ÚLTIMOS 90 DÍAS,0.0,6.0,6.0,17.0,17.0,17.0,,OBRAVILLAGALILEALINARES,1183128-OBRAVILLAGALILEALINARES
1181317.0,"SIFON EMBELLE 1 1/4"" SALIDA RECTA 1 UN",,,,,,,,,OBRAVILLAGALILEALINARES,1181317-OBRAVILLAGALILEALINARES
1177887.0,"SIFON LOA LAVAPLATOS S/CURVA 1 1/2"" 1 UN",BAJO NIVEL CRITICO Y PARA MÁS DE DOS SEMANAS,35.0,11.0,9.0,22.0,22.0,22.0,,OBRAVILLAGALILEALINARES,1177887-OBRAVILLAGALILEALINARES
1279584.0,"SIKABOND MONTAJE 3,8 KG BALDES",BAJO NIVEL CRITICO Y PARA MÁS DE DOS SEMANAS,36.0,9.0,9.0,53.5,52.25,52.25,12 MESES,OBRAVILLAGALILEALINARES,1279584-OBRAVILLAGALILEALINARES
1199517.0,SOBREPASO PP-R 20 MM 1 UN,BAJO NIVEL CRITICO Y PARA MÁS DE DOS SEMANAS,49.0,13.0,13.0,106.0,106.0,106.0,,OBRAVILLAGALILEALINARES,1199517-OBRAVILLAGALILEALINARES
1187671.0,"TAPACAN SMARTSIDE TRIM 5 1/2"" LP 1 UN",BAJO NIVEL CRITICO Y PARA MENOS DE DOS SEMANAS,0.5,13.0,12.0,113.5,113.5,0.0,,OBRAVILLAGALILEALINARES,1187671-OBRAVILLAGALILEALINARES
1248032.0,"TAPON PP-R 1/2"" HE 1 UN",BAJO NIVEL CRITICO Y PARA MENOS DE DOS SEMANAS,21.0,11.0,10.0,78.0,78.0,78.0,,OBRAVILLAGALILEALINARES,1248032-OBRAVILLAGALILEALINARES
1248041.0,"TAPON PP-R 1/2"" HI 1 UN",SOBRE NIVEL CRÍTICO Y PARA MÁS DE DOS SEMANAS,162.0,11.0,10.0,62.0,62.0,62.0,,OBRAVILLAGALILEALINARES,1248041-OBRAVILLAGALILEALINARES
12736330.0,TEE PEX 20 MM,BAJO NIVEL CRITICOY SIN ENTREGA LOS ÚLTIMOS 90 DÍAS,15.0,11.0,,,,,,OBRAVILLAGALILEALINARES,12736330-OBRAVILLAGALILEALINARES
1253333.0,TEE PP-R 20 MM 1 UN,BAJO NIVEL CRITICO Y PARA MÁS DE DOS SEMANAS,24.0,13.0,13.0,36.0,36.0,36.0,,OBRAVILLAGALILEALINARES,1253333-OBRAVILLAGALILEALINARES
1204515.0,TEE PP-R 25 MM 1 UN,BAJO NIVEL CRITICO Y PARA MÁS DE DOS SEMANAS,72.0,13.0,13.0,64.0,64.0,64.0,,OBRAVILLAGALILEALINARES,1204515-OBRAVILLAGALILEALINARES
12736410.0,TEE PRUEBA PEX 20 X 1/2 HI X20,BAJO NIVEL CRITICOY SIN ENTREGA LOS ÚLTIMOS 90 DÍAS,15.0,11.0,,,,,,OBRAVILLAGALILEALINARES,12736410-OBRAVILLAGALILEALINARES
1247110.0,TEE RED.20 X 25 X 20 PP-R 1 UN,BAJO NIVEL CRITICO Y PARA MÁS DE DOS SEMANAS,27.0,12.0,11.0,12.0,12.0,12.0,,OBRAVILLAGALILEALINARES,1247110-OBRAVILLAGALILEALINARES
1247128.0,TEE RED.25 X 20 X 20 PP-R 1 UN,BAJO NIVEL CRITICO Y PARA MÁS DE DOS SEMANAS,51.0,13.0,13.0,50.0,50.0,50.0,,OBRAVILLAGALILEALINARES,1247128-OBRAVILLAGALILEALINARES
1190299.0,TEE RED.25 X 20 X 25 PP-R 1 UN,BAJO NIVEL CRITICO Y PARA MÁS DE DOS SEMANAS,111.0,13.0,13.0,54.0,54.0,54.0,,OBRAVILLAGALILEALINARES,1190299-OBRAVILLAGALILEALINARES
1247144.0,TEE RED.25 X 25 X 20 PP-R 1 UN,BAJO NIVEL CRITICO Y PARA MÁS DE DOS SEMANAS,77.0,13.0,13.0,50.0,50.0,50.0,,OBRAVILLAGALILEALINARES,1247144-OBRAVILLAGALILEALINARES
1247161.0,TEE RED.32 X 25 X 25 PP-R 1 UN,BAJO NIVEL CRITICOY SIN ENTREGA LOS ÚLTIMOS 90 DÍAS,5.0,6.0,,,,,,OBRAVILLAGALILEALINARES,1247161-OBRAVILLAGALILEALINARES
1272374.0,TERMINAL PEX 20 X 1/2 HE,BAJO NIVEL CRITICO Y PARA MÁS DE DOS SEMANAS,32.0,11.0,10.0,44.0,46.0,46.0,,OBRAVILLAGALILEALINARES,1272374-OBRAVILLAGALILEALINARES
1208006.0,TERMINAL PP-R 20 X 1/2 HI 1 UN,SOBRE NIVEL CRÍTICO Y PARA MÁS DE DOS SEMANAS,197.0,13.0,11.0,81.0,91.0,91.0,,OBRAVILLAGALILEALINARES,1208006-OBRAVILLAGALILEALINARES
1252074.0,"TERMINAL PP-R 20 X 1/2"" HE 1 UN",SOBRE NIVEL CRÍTICO Y PARA MÁS DE DOS SEMANAS,205.0,13.0,11.0,54.0,54.0,54.0,,OBRAVILLAGALILEALINARES,1252074-OBRAVILLAGALILEALINARES
1244285.0,"TERMINAL PP-R 25 X 3/4"" HE 1 UN",BAJO NIVEL CRITICOY SIN ENTREGA LOS ÚLTIMOS 90 DÍAS,98.0,13.0,10.0,26.0,26.0,26.0,,OBRAVILLAGALILEALINARES,1244285-OBRAVILLAGALILEALINARES
1247179.0,"TERMINAL PP-R 32 X 3/4"" HE 1 UN",BAJO NIVEL CRITICO Y PARA MÁS DE DOS SEMANAS,101.0,13.0,13.0,14.0,14.0,0.0,,OBRAVILLAGALILEALINARES,1247179-OBRAVILLAGALILEALINARES
1254361.0,TERMOPLAC STRATO WEBER 1 SACO,BAJO NIVEL CRITICO Y PARA MÁS DE DOS SEMANAS,33.0,11.0,11.0,36.0,29.0,29.0,12 MESES,OBRAVILLAGALILEALINARES,1254361-OBRAVILLAGALILEALINARES
1180331.0,"TINA 1,20 X 0,70 MTS BLANCA ES MALTADA SENSI DACQUA 1 UN",BAJO NIVEL CRITICO Y PARA MENOS DE DOS SEMANAS,0.0,12.0,12.0,17.0,17.0,0.0,,OBRAVILLAGALILEALINARES,1180331-OBRAVILLAGALILEALINARES
1256817.0,"TINA 1,30 X 0,70 MTS BLANCA ESMALTADA SENSI DACQUA 1 UN",BAJO NIVEL CRITICO Y PARA MENOS DE DOS SEMANAS,0.0,12.0,12.0,22.0,22.0,0.0,,OBRAVILLAGALILEALINARES,1256817-OBRAVILLAGALILEALINARES
12736090.0,TUBERIA PEX 20 MM 1 MT,BAJO NIVEL CRITICO Y PARA MÁS DE DOS SEMANAS,74.6,11.0,10.0,154.0,156.0,156.0,,OBRAVILLAGALILEALINARES,12736090-OBRAVILLAGALILEALINARES
1205850.0,TUBERIA PP-R 20 MM PN-16 1 ML,SOBRE NIVEL CRÍTICO Y PARA MÁS DE DOS SEMANAS,218.5,13.0,13.0,200.0,200.0,198.0,,OBRAVILLAGALILEALINARES,1205850-OBRAVILLAGALILEALINARES
1205868.0,TUBERIA PP-R 25 MM PN-16 1 ML,SOBRE NIVEL CRÍTICO Y PARA MÁS DE DOS SEMANAS,312.13,13.0,13.0,339.2,339.2,339.2,,OBRAVILLAGALILEALINARES,1205868-OBRAVILLAGALILEALINARES
1205876.0,TUBERIA PP-R 32 MM PN-16 1 ML,SOBRE NIVEL CRÍTICO Y PARA MÁS DE DOS SEMANAS,431.0,13.0,13.0,140.0,138.0,136.0,,OBRAVILLAGALILEALINARES,1205876-OBRAVILLAGALILEALINARES
12800240.0,"VALVULA EXCESO FLUJO 3/4""1UN ",BAJO NIVEL CRITICOY SIN ENTREGA LOS ÚLTIMOS 90 DÍAS,37.0,12.0,7.0,17.0,17.0,17.0,,OBRAVILLAGALILEALINARES,12800240-OBRAVILLAGALILEALINARES
41020261.0,VENTANA TECHO ALTATERRA 55 X 78 CM 1 UN,BAJO NIVEL CRITICO Y PARA MÁS DE DOS SEMANAS,17.0,12.0,11.0,12.0,12.0,12.0,,OBRAVILLAGALILEALINARES,41020261-OBRAVILLAGALILEALINARES
1275065.0,"VENTILACION PASIVA 4"" 1 UN",SOBRE NIVEL CRÍTICO Y PARA MÁS DE DOS SEMANAS,227.0,11.0,9.0,90.0,90.0,90.0,,OBRAVILLAGALILEALINARES,1275065-OBRAVILLAGALILEALINARES
1277466.0,VOLCAFIX ADHESIVO VOLCAPOL 25 KG,BAJO NIVEL CRITICO Y PARA MÁS DE DOS SEMANAS,69.0,12.0,11.0,86.25,86.25,86.25,6 MESES,OBRAVILLAGALILEALINARES,1277466-OBRAVILLAGALILEALINARES
1269909.0,ADHESIVO CERAMICO EN PASTA AC  25 KG 1 TIN,SOBRE NIVEL CRÍTICO Y PARA MENOS DE DOS SEMANAS,3.0,1.0,1.0,48.18,67.0,66.99999999999999,9 MESES ,OBRAVILLAGALILEANORTE,1269909-OBRAVILLAGALILEANORTE
1177641.0,ADHESIVO CERAMICO POLVO ULTRA 25 KG 1 SACO,SOBRE NIVEL CRÍTICO Y PARA MÁS DE DOS SEMANAS,79.0,2.0,2.0,392.3,252.0,252.0,6 MESES,OBRAVILLAGALILEANORTE,1177641-OBRAVILLAGALILEANORTE
1196455.0,ADHESIVO SILICONABLANCO SANISIL 280 ML 1 UN,SOBRE NIVEL CRÍTICO Y PARA MÁS DE DOS SEMANAS,37.0,1.0,1.0,42.7,42.0,42.0,24 MESES,OBRAVILLAGALILEANORTE,1196455-OBRAVILLAGALILEANORTE
1177650.0,ADHESIVOBLANCO SIKACRYL+ PINTABLE 300 ML 1 UN,SOBRE NIVEL CRÍTICO Y PARA MÁS DE DOS SEMANAS,177.0,2.0,1.0,214.0,232.0,232.0,24 MESES,OBRAVILLAGALILEANORTE,1177650-OBRAVILLAGALILEANORTE
1296237.0,AIRE ACONDICIONADO 12000 BTU 1 UN,BAJO NIVEL CRITICO Y PARA MENOS DE DOS SEMANAS,0.0,1.0,1.0,30.0,1.0,1.0,,OBRAVILLAGALILEANORTE,1296237-OBRAVILLAGALILEANORTE
1261106.0,ALFOMBRABEIGE SPEED 400 GRS 1 M2,SOBRE NIVEL CRÍTICO Y PARA MÁS DE DOS SEMANAS,1729.159987792969,1.0,1.0,1603.65,1603.65,1599.0,,OBRAVILLAGALILEANORTE,1261106-OBRAVILLAGALILEANORTE
1177895.0,ANTICORROSIVO NEGRO 1 GAL,BAJO NIVEL CRITICOY SIN ENTREGA LOS ÚLTIMOS 90 DÍAS,2.0,1.0,1.0,0.8,0.8,0.8,12 MESES,OBRAVILLAGALILEANORTE,1177895-OBRAVILLAGALILEANORTE
1192147.0,"BISAGRA 3"" X 3"" CROMO SATIN 1 UN",BAJO NIVEL CRITICO Y PARA MENOS DE DOS SEMANAS,2.0,2.0,1.0,645.0,645.0,645.0,,OBRAVILLAGALILEANORTE,1192147-OBRAVILLAGALILEANORTE
1178193.0,"BROCHA 2"" 1 UN",SOBRE NIVEL CRÍTICO Y PARA MÁS DE DOS SEMANAS,45.0,2.0,2.0,88.0,70.0,70.0,,OBRAVILLAGALILEANORTE,1178193-OBRAVILLAGALILEANORTE
1179508.0,"BROCHA 4"" 1 UN",SOBRE NIVEL CRÍTICO Y PARA MÁS DE DOS SEMANAS,43.49999931335449,2.0,2.0,77.18,54.78,54.78,,OBRAVILLAGALILEANORTE,1179508-OBRAVILLAGALILEANORTE
1274572.0,BURLETE BAJO PUERTA 1 UN,SOBRE NIVEL CRÍTICO Y PARA MÁS DE DOS SEMANAS,110.0,2.0,2.0,88.0,50.0,50.0,,OBRAVILLAGALILEANORTE,1274572-OBRAVILLAGALILEANORTE
1274564.0,BURLETE MARCO PUERTA 1 MT,SOBRE NIVEL CRÍTICO Y PARA MÁS DE DOS SEMANAS,370.0,2.0,2.0,440.0,290.0,290.0,,OBRAVILLAGALILEANORTE,1274564-OBRAVILLAGALILEANORTE
1191849.0,CALEFON TIRO NATURAL  G.L. 7 LTS C/FLEX 1 UN,BAJO NIVEL CRITICOY SIN ENTREGA LOS ÚLTIMOS 90 DÍAS,1.0,1.0,,,,,,OBRAVILLAGALILEANORTE,1191849-OBRAVILLAGALILEANORTE
1208153.0,CALEFON TIRO NATURAL G.L. 10 LTS C/FLEX 1 UN,SOBRE NIVEL CRÍTICO Y PARA MÁS DE DOS SEMANAS,29.0,1.0,1.0,30.0,40.0,40.0,,OBRAVILLAGALILEANORTE,1208153-OBRAVILLAGALILEANORTE
1189722.0,CELOSIA 20 X 20 BLANCA 1 UN,SOBRE NIVEL CRÍTICOY SIN ENTREGA LOS ÚLTIMOS 90 DÍAS,182.0,3.0,2.0,132.0,75.0,75.0,,OBRAVILLAGALILEANORTE,1189722-OBRAVILLAGALILEANORTE
1178257.0,CELOSIA 30 X 30 BLANCA 1 UN,SOBRE NIVEL CRÍTICO Y PARA MÁS DE DOS SEMANAS,74.0,2.0,2.0,132.0,77.0,77.0,,OBRAVILLAGALILEANORTE,1178257-OBRAVILLAGALILEANORTE
1269802.0,CEMENTO AR PUZOLANICO BIO BIO 1 KG,SOBRE NIVEL CRÍTICO Y PARA MÁS DE DOS SEMANAS,12102.0684375,3.0,3.0,11734.45,11734.45,11734.45,2 MESES,OBRAVILLAGALILEANORTE,1269802-OBRAVILLAGALILEANORTE
1295381.0,CERAMICA NEW BLANCA BRILL 20 X,SOBRE NIVEL CRÍTICO Y PARA MÁS DE DOS SEMANAS,349.35,2.0,1.0,316.24,316.5,316.5,,OBRAVILLAGALILEANORTE,1295381-OBRAVILLAGALILEANORTE
1286080.0,CERAMICABEIGE SOLANA 45 X 45 1 M2,SOBRE NIVEL CRÍTICO Y PARA MÁS DE DOS SEMANAS,687.9899755859375,2.0,2.0,1454.83,897.22,897.22,,OBRAVILLAGALILEANORTE,1286080-OBRAVILLAGALILEANORTE
41020263.0,CERCO VENTANA TECHO ONDULADO ALTATERRA 55 X 78 1 UN,SOBRE NIVEL CRÍTICO Y PARA MÁS DE DOS SEMANAS,26.0,3.0,3.0,26.0,11.0,11.0,,OBRAVILLAGALILEANORTE,41020263-OBRAVILLAGALILEANORTE
1193027.0,CERRADURA CILIN INOX ACCESO LL AVE 1 UN,BAJO NIVEL CRITICO Y PARA MENOS DE DOS SEMANAS,0.0,2.0,1.0,31.0,32.0,31.0,,OBRAVILLAGALILEANORTE,1193027-OBRAVILLAGALILEANORTE
1193060.0,CERRADURA CILINDRICA INOX YALE BANO 134640  1 UN,BAJO NIVEL CRITICO Y PARA MENOS DE DOS SEMANAS,0.0,2.0,1.0,61.0,61.0,61.0,,OBRAVILLAGALILEANORTE,1193060-OBRAVILLAGALILEANORTE
1248251.0,CERRADURA CILINDRICA INOX YALE OFICINA-DORMITORIO 134630  1 UN,BAJO NIVEL CRITICO Y PARA MENOS DE DOS SEMANAS,0.0,2.0,2.0,44.0,50.0,0.0,,OBRAVILLAGALILEANORTE,1248251-OBRAVILLAGALILEANORTE
1193086.0,CERRADURA CILINDRICA INOX YALE S/PASO  1 UN,BAJO NIVEL CRITICO Y PARA MENOS DE DOS SEMANAS,0.0,2.0,1.0,61.0,61.0,61.0,,OBRAVILLAGALILEANORTE,1193086-OBRAVILLAGALILEANORTE
1252664.0,CERROJO INOX LLAVE-LLAVE 134670  1 UN,BAJO NIVEL CRITICO Y PARA MENOS DE DOS SEMANAS,0.0,2.0,1.0,62.0,63.0,62.0,,OBRAVILLAGALILEANORTE,1252664-OBRAVILLAGALILEANORTE
1193959.0,"CIELO PERFIL AT 20 X 25 X 4 X 0,42 MM X 3,0 MTS",SOBRE NIVEL CRÍTICO Y PARA MÁS DE DOS SEMANAS,657.0,3.0,2.0,528.0,528.0,528.0,,OBRAVILLAGALILEANORTE,1193959-OBRAVILLAGALILEANORTE
1183013.0,CINTA AUTOADHESIVA P/JUNTURA 45 MTS 1 ROLLO,SOBRE NIVEL CRÍTICO Y PARA MÁS DE DOS SEMANAS,238.7,3.0,2.0,301.4,245.8,245.8,,OBRAVILLAGALILEANORTE,1183013-OBRAVILLAGALILEANORTE
1252390.0,"CODO PP-R DOBLE FIJACION TINA HI 20 X 1/2"" 1 UN",SOBRE NIVEL CRÍTICO Y PARA MÁS DE DOS SEMANAS,34.0,3.0,2.0,44.0,44.0,44.0,,OBRAVILLAGALILEANORTE,1252390-OBRAVILLAGALILEANORTE
1272340.0,CODO PEX 20 X 1/2 HE,BAJO NIVEL CRITICO Y PARA MÁS DE DOS SEMANAS,17.0,1.0,1.0,31.0,43.0,43.0,,OBRAVILLAGALILEANORTE,1272340-OBRAVILLAGALILEANORTE
1272323.0,CODO PEX 20 X 20 MM,BAJO NIVEL CRITICO Y PARA MENOS DE DOS SEMANAS,0.0,1.0,1.0,124.0,124.0,124.0,,OBRAVILLAGALILEANORTE,1272323-OBRAVILLAGALILEANORTE
1247072.0,CODO PP-R 20 MM 1 UN,SOBRE NIVEL CRÍTICO Y PARA MÁS DE DOS SEMANAS,474.0,3.0,3.0,364.0,574.0,574.0,,OBRAVILLAGALILEANORTE,1247072-OBRAVILLAGALILEANORTE
1196199.0,"CODO PP-R 20 X 1/2"" HE 1 UN",SOBRE NIVEL CRÍTICO Y PARA MÁS DE DOS SEMANAS,102.0,3.0,2.0,88.0,88.0,88.0,,OBRAVILLAGALILEANORTE,1196199-OBRAVILLAGALILEANORTE
1196076.0,"CODO PP-R 20 X 1/2"" HI 1 UN",SOBRE NIVEL CRÍTICO Y PARA MÁS DE DOS SEMANAS,97.0,3.0,3.0,78.0,78.0,78.0,,OBRAVILLAGALILEANORTE,1196076-OBRAVILLAGALILEANORTE
1247081.0,CODO PP-R 25 MM 1 UN,BAJO NIVEL CRITICO Y PARA MENOS DE DOS SEMANAS,10.60000000000002,3.0,3.0,390.0,390.0,390.0,,OBRAVILLAGALILEANORTE,1247081-OBRAVILLAGALILEANORTE
1205921.0,"CODO PP-R 25 X 1/2"" HE 1 UN",SOBRE NIVEL CRÍTICO Y PARA MÁS DE DOS SEMANAS,125.0,3.0,1.0,62.0,62.0,62.0,,OBRAVILLAGALILEANORTE,1205921-OBRAVILLAGALILEANORTE
1190230.0,CODO PP-R 32 MM 1 UN,SOBRE NIVEL CRÍTICO Y PARA MÁS DE DOS SEMANAS,319.0,3.0,3.0,104.0,104.0,104.0,,OBRAVILLAGALILEANORTE,1190230-OBRAVILLAGALILEANORTE
1205841.0,CODO RED PP-R 32 X 25 MM   1 U N,BAJO NIVEL CRITICO Y PARA MENOS DE DOS SEMANAS,0.0,3.0,3.0,26.0,41.0,26.0,,OBRAVILLAGALILEANORTE,1205841-OBRAVILLAGALILEANORTE
1252533.0,COPLA PP-R 25 MM 1 UN,SOBRE NIVEL CRÍTICOY SIN ENTREGA LOS ÚLTIMOS 90 DÍAS,46.0,3.0,1.0,3.0,3.0,3.0,,OBRAVILLAGALILEANORTE,1252533-OBRAVILLAGALILEANORTE
1199592.0,COPLA PP-R 32 MM 1 UN,SOBRE NIVEL CRÍTICO Y PARA MÁS DE DOS SEMANAS,265.0,3.0,1.0,90.0,90.0,90.0,,OBRAVILLAGALILEANORTE,1199592-OBRAVILLAGALILEANORTE
1190272.0,COPLA REDUC. PP-R 32 X 25 1 UN,BAJO NIVEL CRITICOY SIN ENTREGA LOS ÚLTIMOS 90 DÍAS,18.0,1.0,,,,,,OBRAVILLAGALILEANORTE,1190272-OBRAVILLAGALILEANORTE
1256198.0,"DESAGUE LAVATORIO 1 1/4"" C/REB /REJ 1 UN",SOBRE NIVEL CRÍTICO Y PARA MÁS DE DOS SEMANAS,51.0,1.0,1.0,61.0,61.0,61.0,,OBRAVILLAGALILEANORTE,1256198-OBRAVILLAGALILEANORTE
1177879.0,DESAGUE TINA/REBALSE/SIFON 1 UN,BAJO NIVEL CRITICO Y PARA MENOS DE DOS SEMANAS,2.0,1.0,1.0,61.0,61.0,61.0,,OBRAVILLAGALILEANORTE,1177879-OBRAVILLAGALILEANORTE
41020238.0,ESMALTE AL AGUA KEM PRO MARFIL 1 TINETA,,,,,,,,12 MESES,OBRAVILLAGALILEANORTE,41020238-OBRAVILLAGALILEANORTE
1187161.0,"ESQUINEROS METALICO 30 X 30 X 2,40 MTS 1 UN",SOBRE NIVEL CRÍTICO Y PARA MÁS DE DOS SEMANAS,698.0,3.0,2.0,968.0,968.0,968.0,,OBRAVILLAGALILEANORTE,1187161-OBRAVILLAGALILEANORTE
1290581.0,ESTANQUE LUGANO 1 UN,BAJO NIVEL CRITICO Y PARA MÁS DE DOS SEMANAS,21.0,1.0,1.0,61.0,31.0,31.0,,OBRAVILLAGALILEANORTE,1290581-OBRAVILLAGALILEANORTE
1291188.0,EXTRACTOR RETON 100 BTH HIGRO 1 UN,SOBRE NIVEL CRÍTICO Y PARA MÁS DE DOS SEMANAS,89.0,1.0,1.0,92.0,92.0,92.0,,OBRAVILLAGALILEANORTE,1291188-OBRAVILLAGALILEANORTE
1208621.0,FRAGUE CERAMICOALMOND  1 KG 1 UN,SOBRE NIVEL CRÍTICO Y PARA MÁS DE DOS SEMANAS,423.11,2.0,2.0,523.07,300.0,300.0,12 MESES,OBRAVILLAGALILEANORTE,1208621-OBRAVILLAGALILEANORTE
1179524.0,FRAGUE CERAMICOBLANCO  1 KG 1 UN,BAJO NIVEL CRITICO Y PARA MÁS DE DOS SEMANAS,28.0,2.0,1.0,120.47,120.0,120.0,12 MESES,OBRAVILLAGALILEANORTE,1179524-OBRAVILLAGALILEANORTE
1188877.0,GUARDAPOLVO CHAFLAN C/CANTERIA 13 X 65 MM X 3 ML 1 UN,SOBRE NIVEL CRÍTICO Y PARA MÁS DE DOS SEMANAS,1408.0,2.0,1.0,981.19,981.0,981.0,,OBRAVILLAGALILEANORTE,1188877-OBRAVILLAGALILEANORTE
1182889.0,LANA DE VIDRIO 100 MM VOLCAN 1 M2,SOBRE NIVEL CRÍTICO Y PARA MÁS DE DOS SEMANAS,1236.66,2.0,2.0,3520.0,2000.0,1998.0,,OBRAVILLAGALILEANORTE,1182889-OBRAVILLAGALILEANORTE
1181421.0,LANA DE VIDRIO 50 MM VOLCAN 1 M2,SOBRE NIVEL CRÍTICO Y PARA MÁS DE DOS SEMANAS,375.62,3.0,2.0,891.44,604.6600000000001,313.6,,OBRAVILLAGALILEANORTE,1181421-OBRAVILLAGALILEANORTE
1295453.0,LATEX CIELOLAT BLANCO 1T      ,BAJO NIVEL CRITICO Y PARA MÁS DE DOS SEMANAS,13.0,1.0,1.0,30.0,20.0,20.0,12 MESES,OBRAVILLAGALILEANORTE,1295453-OBRAVILLAGALILEANORTE
41020236.0,LATEX KEM PRO BLANCO 1 TINETA,BAJO NIVEL CRITICO Y PARA MÁS DE DOS SEMANAS,14.0,2.0,1.0,73.5,53.0,53.0,12 MESES,OBRAVILLAGALILEANORTE,41020236-OBRAVILLAGALILEANORTE
41020233.0,LATEX KEM PRO MARFIL 1 TINETA,BAJO NIVEL CRITICO Y PARA MÁS DE DOS SEMANAS,15.0,2.0,1.0,57.6,57.6,57.6,12 MESES,OBRAVILLAGALILEANORTE,41020233-OBRAVILLAGALILEANORTE
1192260.0,LAVAMANOS VALENCIA  1 UN,BAJO NIVEL CRITICO Y PARA MÁS DE DOS SEMANAS,51.0,1.0,1.0,61.0,61.0,61.0,,OBRAVILLAGALILEANORTE,1192260-OBRAVILLAGALILEANORTE
1189191.0,LAVAPLATO ACERO INOX DERECHO 800 X 50 1 UN,BAJO NIVEL CRITICOY SIN ENTREGA LOS ÚLTIMOS 90 DÍAS,23.0,1.0,,,,,,OBRAVILLAGALILEANORTE,1189191-OBRAVILLAGALILEANORTE
1189175.0,LAVAPLATO ACERO INOX IZQUIERDO 800 X 50 1 UN,BAJO NIVEL CRITICOY SIN ENTREGA LOS ÚLTIMOS 90 DÍAS,6.0,1.0,1.0,15.0,8.0,8.0,,OBRAVILLAGALILEANORTE,1189175-OBRAVILLAGALILEANORTE
1203213.0,LLAVE PASO PP-R CAMPANA 20 MM CRM 1 UN,BAJO NIVEL CRITICO Y PARA MENOS DE DOS SEMANAS,0.0,3.0,3.0,52.0,52.0,52.0,,OBRAVILLAGALILEANORTE,1203213-OBRAVILLAGALILEANORTE
1190344.0,LLAVE PASO PP-R CAMPANA 25 MM CRM 1 UN,BAJO NIVEL CRITICO Y PARA MÁS DE DOS SEMANAS,53.59999999999999,3.0,3.0,130.0,130.0,130.0,,OBRAVILLAGALILEANORTE,1190344-OBRAVILLAGALILEANORTE
1251346.0,MALLA DE FIBRA DE VIDRIO 153 GRS/M2 1 X 50 WEBER MTS 1 UN,BAJO NIVEL CRITICO Y PARA MÁS DE DOS SEMANAS,5.000000009536743,2.0,1.0,3.75,4.0,4.0,,OBRAVILLAGALILEANORTE,1251346-OBRAVILLAGALILEANORTE
1182862.0,MARCO PUERTA MADERA 30 X 90 1 UN,SOBRE NIVEL CRÍTICO Y PARA MÁS DE DOS SEMANAS,133.0,2.0,2.0,220.0,125.0,125.0,,OBRAVILLAGALILEANORTE,1182862-OBRAVILLAGALILEANORTE
1271136.0,MARCO PUERTA MADERA 40 X 90 C/RANURA BURLETE 1 UN,BAJO NIVEL CRITICO Y PARA MÁS DE DOS SEMANAS,48.0,2.0,2.0,88.0,50.0,50.0,,OBRAVILLAGALILEANORTE,1271136-OBRAVILLAGALILEANORTE
1270432.0,MARMOLINA BEIGE CT-70R G.M. (25 KG) 1 TINETA,BAJO NIVEL CRITICO Y PARA MÁS DE DOS SEMANAS,9.0,1.0,1.0,49.08,35.0,35.0,24 MESES,OBRAVILLAGALILEANORTE,1270432-OBRAVILLAGALILEANORTE
1270483.0,MARMOLINA BLANCA CT-70R G.M. (25 KG) 1 TINETA,BAJO NIVEL CRITICO Y PARA MÁS DE DOS SEMANAS,9.0,1.0,1.0,50.0375,40.0,40.0,24 MESES,OBRAVILLAGALILEANORTE,1270483-OBRAVILLAGALILEANORTE
1270459.0,MARMOLINA GRIS ARENA CT-70R G.M. (25 KG) 1 TINETA,BAJO NIVEL CRITICO Y PARA MÁS DE DOS SEMANAS,10.0,1.0,1.0,49.08,35.0,35.0,24 MESES,OBRAVILLAGALILEANORTE,1270459-OBRAVILLAGALILEANORTE
1270441.0,MARMOLINA MOSTAZA CT-70R G.M. (25 KG) 1 TINETA,BAJO NIVEL CRITICO Y PARA MENOS DE DOS SEMANAS,4.0,1.0,1.0,49.08,35.0,35.0,24 MESES,OBRAVILLAGALILEANORTE,1270441-OBRAVILLAGALILEANORTE
1192956.0,MASTERSEAL 550 30 KG 1 JUEGO,BAJO NIVEL CRITICO Y PARA MÁS DE DOS SEMANAS,20.0,3.0,3.0,26.0,10.0,10.0,24 MESES,OBRAVILLAGALILEANORTE,1192956-OBRAVILLAGALILEANORTE
1188885.0,MEDIAS CANAS 13X35 MM X 3 ML,,,,,,,,,OBRAVILLAGALILEANORTE,1188885-OBRAVILLAGALILEANORTE
1182803.0,"MEDIDOR AGUA POTABLE 3/4"" 1 U N",BAJO NIVEL CRITICO Y PARA MÁS DE DOS SEMANAS,37.0,2.0,1.0,31.0,33.0,33.0,12 MESES,OBRAVILLAGALILEANORTE,1182803-OBRAVILLAGALILEANORTE
1288093.0,MOLDURA XPS 33X32 E6 1 ML,SOBRE NIVEL CRÍTICO Y PARA MÁS DE DOS SEMANAS,5096.0,3.0,1.0,3368.0,3368.0,3368.0,,OBRAVILLAGALILEANORTE,1288093-OBRAVILLAGALILEANORTE
1264585.0,MONOMANDO LAVAPLATO ORNELLA  1 UN,BAJO NIVEL CRITICO Y PARA MÁS DE DOS SEMANAS,14.0,1.0,1.0,31.0,16.0,16.0,,OBRAVILLAGALILEANORTE,1264585-OBRAVILLAGALILEANORTE
1184121.0,MONOMANDO LAVATORIO ORNELLA  1 UN,BAJO NIVEL CRITICO Y PARA MÁS DE DOS SEMANAS,29.0,1.0,1.0,31.0,31.0,31.0,,OBRAVILLAGALILEANORTE,1184121-OBRAVILLAGALILEANORTE
1184139.0,MONOMANDO TINA-DUCHA ORNELLA  1 UN,BAJO NIVEL CRITICO Y PARA MÁS DE DOS SEMANAS,28.0,1.0,1.0,31.0,31.0,31.0,,OBRAVILLAGALILEANORTE,1184139-OBRAVILLAGALILEANORTE
41020232.0,MORTERO PRESEC 196 25 KG,SOBRE NIVEL CRÍTICO Y PARA MÁS DE DOS SEMANAS,145.0,2.0,1.0,184.99,203.0,203.0,6 MESES,OBRAVILLAGALILEANORTE,41020232-OBRAVILLAGALILEANORTE
1182483.0,"MUEBLE LAVAPLATO 0,8 MTS 1 UN",BAJO NIVEL CRITICOY SIN ENTREGA LOS ÚLTIMOS 90 DÍAS,31.0,1.0,1.0,31.0,31.0,31.0,,OBRAVILLAGALILEANORTE,1182483-OBRAVILLAGALILEANORTE
41020239.0,OLEO OPACO KEM PRO BLANCO 1 GL,BAJO NIVEL CRITICO Y PARA MÁS DE DOS SEMANAS,33.0,2.0,1.0,31.05,31.0,31.0,12 MESES,OBRAVILLAGALILEANORTE,41020239-OBRAVILLAGALILEANORTE
1183136.0,PAPEL FIELTRO 10/40 1 ROLLO,BAJO NIVEL CRITICO Y PARA MÁS DE DOS SEMANAS,61.40000671386719,3.0,3.0,95.97,50.0,50.0,,OBRAVILLAGALILEANORTE,1183136-OBRAVILLAGALILEANORTE
1299451.0,PASTA MURO (25 KG) 1 TINETA,BAJO NIVEL CRITICOY SIN ENTREGA LOS ÚLTIMOS 90 DÍAS,-1.549720764160156e-06,1.0,1.0,83.1,40.0,40.0,12 MESES,OBRAVILLAGALILEANORTE,1299451-OBRAVILLAGALILEANORTE
41020237.0,"PASTA MURO KEM PRO 24,1 KG 1 TINETA",BAJO NIVEL CRITICO Y PARA MÁS DE DOS SEMANAS,10.9,2.0,2.0,118.8,18.0,18.0,12 MESES,OBRAVILLAGALILEANORTE,41020237-OBRAVILLAGALILEANORTE
1191662.0,PEDESTAL UNIVERSAL 1 UN,BAJO NIVEL CRITICO Y PARA MÁS DE DOS SEMANAS,51.0,1.0,1.0,61.0,61.0,61.0,,OBRAVILLAGALILEANORTE,1191662-OBRAVILLAGALILEANORTE
1201470.0,PEGAMENTO ALFOMBRA PATEL 18 LTS,BAJO NIVEL CRITICO Y PARA MÁS DE DOS SEMANAS,17.0,1.0,1.0,24.84,24.0,24.0,12 MESES,OBRAVILLAGALILEANORTE,1201470-OBRAVILLAGALILEANORTE
1193975.0,"PERFIL C METALCON 60 X 38 X 8 X 0,85 MM X 2,4 MTS 60 CA085",SOBRE NIVEL CRÍTICO Y PARA MÁS DE DOS SEMANAS,276.5,3.0,2.0,198.0,198.0,198.0,,OBRAVILLAGALILEANORTE,1193975-OBRAVILLAGALILEANORTE
1188033.0,"PERFIL CANAL NORMAL 61 X 20 X 0,5 MM X 3 MTS 1 UN",SOBRE NIVEL CRÍTICO Y PARA MÁS DE DOS SEMANAS,1446.0,3.0,2.0,1012.0,1012.0,1012.0,,OBRAVILLAGALILEANORTE,1188033-OBRAVILLAGALILEANORTE
1188025.0,"PERFIL MONTANTE NORMAL 60 X 38 X 0,5 MM X 2,4 MTS 1 UN",SOBRE NIVEL CRÍTICO Y PARA MÁS DE DOS SEMANAS,4054.5,3.0,2.0,2464.0,2464.0,2464.0,,OBRAVILLAGALILEANORTE,1188025-OBRAVILLAGALILEANORTE
1198881.0,"PERFIL PORTANTE 40 R 40 X 18 X 10 X 0,5 MM X 6 MTS",SOBRE NIVEL CRÍTICO Y PARA MÁS DE DOS SEMANAS,2484.0,3.0,2.0,1716.0,1716.0,1716.0,,OBRAVILLAGALILEANORTE,1198881-OBRAVILLAGALILEANORTE
1193983.0,"PERFIL U METALCON 62 X 25 X 0,85 MM X 3,0 MTS 62 CO85",BAJO NIVEL CRITICO Y PARA MÁS DE DOS SEMANAS,75.0,3.0,2.0,44.0,44.0,44.0,,OBRAVILLAGALILEANORTE,1193983-OBRAVILLAGALILEANORTE
1273393.0,PILASTRA PINO 13X45 MM X 3ML,SOBRE NIVEL CRÍTICO Y PARA MÁS DE DOS SEMANAS,286.0,3.0,1.0,183.25,184.0,184.0,,OBRAVILLAGALILEANORTE,1273393-OBRAVILLAGALILEANORTE
1178839.0,"PINO 2"" X 10"" X 3,20 MT",BAJO NIVEL CRITICO Y PARA MÁS DE DOS SEMANAS,60.0,2.0,2.0,176.0,90.0,90.0,,OBRAVILLAGALILEANORTE,1178839-OBRAVILLAGALILEANORTE
1193713.0,"PINO 2"" X 2"" X 3,20 MT IMPREGNADO",SOBRE NIVEL CRÍTICO Y PARA MÁS DE DOS SEMANAS,4131.0,3.0,3.0,2327.0,2327.0,2327.0,,OBRAVILLAGALILEANORTE,1193713-OBRAVILLAGALILEANORTE
41020165.0,PINTURA ESMALTE AL AGUA MARFIL CP-70 1 TIN,BAJO NIVEL CRITICO Y PARA MÁS DE DOS SEMANAS,15.0,2.0,2.0,33.88,18.5,18.5,12 MESES,OBRAVILLAGALILEANORTE,41020165-OBRAVILLAGALILEANORTE
1194652.0,PINTURA HOJALATANEGRO ACRIZINC  1 GAL,,,,,,,,60 MESES,OBRAVILLAGALILEANORTE,1194652-OBRAVILLAGALILEANORTE
1274821.0,PINTURA IMPERMEABILIZANTE MASTERWALL BEIGE (IC)  1 TIN,BAJO NIVEL CRITICO Y PARA MÁS DE DOS SEMANAS,8.0,1.0,1.0,21.7,15.0,15.0,12 MESES,OBRAVILLAGALILEANORTE,1274821-OBRAVILLAGALILEANORTE
1274839.0,PINTURA IMPERMEABILIZANTE MASTERWALL GRIS ARENA (SR)  1 TIN,BAJO NIVEL CRITICO Y PARA MÁS DE DOS SEMANAS,8.0,1.0,1.0,21.0,15.0,15.0,12 MESES,OBRAVILLAGALILEANORTE,1274839-OBRAVILLAGALILEANORTE
1274847.0,PINTURA IMPERMEABILIZANTE MASTERWALL MOSTAZA (GS)  1 TIN,BAJO NIVEL CRITICO Y PARA MÁS DE DOS SEMANAS,30.0,1.0,1.0,21.0,15.0,15.0,12 MESES,OBRAVILLAGALILEANORTE,1274847-OBRAVILLAGALILEANORTE
1180074.0,PINTURA OLEO OPACOBLANCO CP-70  1 GAL,,,,,,,,12 MESES,OBRAVILLAGALILEANORTE,1180074-OBRAVILLAGALILEANORTE
1188105.0,PLANCHA FIBROCEMENTO 4 MM VOLCAN 1 PLANCHA,SOBRE NIVEL CRÍTICO Y PARA MÁS DE DOS SEMANAS,215.0,3.0,2.0,704.0,667.0,367.0,,OBRAVILLAGALILEANORTE,1188105-OBRAVILLAGALILEANORTE
1192999.0,"PLANCHA OSB STD 9,5 MM X 2,44 X 1,22 MTS LP 1 UN",BAJO NIVEL CRITICO Y PARA MÁS DE DOS SEMANAS,52.5,3.0,2.0,44.0,47.0,47.0,,OBRAVILLAGALILEANORTE,1192999-OBRAVILLAGALILEANORTE
1179698.0,"PLANCHA YESO-CARTON ST 10 MM 1,20 X 2,40 VOLCAN 1 PLANCHA",SOBRE NIVEL CRÍTICO Y PARA MÁS DE DOS SEMANAS,255.0,3.0,2.0,2684.0,1412.0,1412.0,,OBRAVILLAGALILEANORTE,1179698-OBRAVILLAGALILEANORTE
1278928.0,POLIESTIRENO EXP. 30 MM (20KG/ M3) 1 PLANCHA,SOBRE NIVEL CRÍTICO Y PARA MÁS DE DOS SEMANAS,172.0,3.0,3.0,390.0,390.0,390.0,,OBRAVILLAGALILEANORTE,1278928-OBRAVILLAGALILEANORTE
1278936.0,POLIESTIRENO EXP. 60 MM (20KG/ M3) 1 PLANCHA,SOBRE NIVEL CRÍTICO Y PARA MÁS DE DOS SEMANAS,218.0,2.0,1.0,360.0,360.0,360.0,,OBRAVILLAGALILEANORTE,1278936-OBRAVILLAGALILEANORTE
1191945.0,PROMOTOR DE ADHERENCIA TECNO BOND  20 KG 1 TIN,BAJO NIVEL CRITICO Y PARA MÁS DE DOS SEMANAS,0.9999999618530273,2.0,2.0,7.74,8.0,8.0,12 MESES,OBRAVILLAGALILEANORTE,1191945-OBRAVILLAGALILEANORTE
1260955.0,"PUERTA HDF EXTERIOR PRESTIGE PROTEGIDA 0,80 X 2 MT 1 UN",BAJO NIVEL CRITICO Y PARA MÁS DE DOS SEMANAS,25.0,2.0,2.0,44.0,25.0,25.0,,OBRAVILLAGALILEANORTE,1260955-OBRAVILLAGALILEANORTE
1192112.0,"PUERTA HDF PRESTIGE 0,65 X 2 M T INTERIOR 1 UN",BAJO NIVEL CRITICO Y PARA MÁS DE DOS SEMANAS,24.0,2.0,2.0,44.0,25.0,25.0,,OBRAVILLAGALILEANORTE,1192112-OBRAVILLAGALILEANORTE
1192121.0,"PUERTA HDF PRESTIGE 0,70 X 2 M T INTERIOR 1 UN",BAJO NIVEL CRITICO Y PARA MÁS DE DOS SEMANAS,99.0,2.0,2.0,176.0,100.0,100.0,,OBRAVILLAGALILEANORTE,1192121-OBRAVILLAGALILEANORTE
1188471.0,"PUERTA TERCIADO 0,75 X 2,00 MT CON PE C/C  1 UN",BAJO NIVEL CRITICO Y PARA MÁS DE DOS SEMANAS,25.0,2.0,2.0,44.0,25.0,25.0,,OBRAVILLAGALILEANORTE,1188471-OBRAVILLAGALILEANORTE
1187241.0,REGULADOR P/GAS 45KG RI 11100 1 UN,BAJO NIVEL CRITICOY SIN ENTREGA LOS ÚLTIMOS 90 DÍAS,29.0,1.0,1.0,31.0,31.0,29.0,,OBRAVILLAGALILEANORTE,1187241-OBRAVILLAGALILEANORTE
1177810.0,RODILLO CHIPORRO 18 CM 1 UN,BAJO NIVEL CRITICO Y PARA MÁS DE DOS SEMANAS,14.0,1.0,1.0,107.4,138.0,138.0,,OBRAVILLAGALILEANORTE,1177810-OBRAVILLAGALILEANORTE
1274783.0,"SIDING 0,19 X 6 MM X 3,66 VOLCAN MTS",SOBRE NIVEL CRÍTICO Y PARA MÁS DE DOS SEMANAS,1414.0,3.0,3.0,1430.0,827.0,827.0,,OBRAVILLAGALILEANORTE,1274783-OBRAVILLAGALILEANORTE
1183128.0,"SIFON BOTELLA 1 1/4"" SALIDA CURVA 1 UN",BAJO NIVEL CRITICO Y PARA MÁS DE DOS SEMANAS,26.0,1.0,1.0,31.0,31.0,31.0,,OBRAVILLAGALILEANORTE,1183128-OBRAVILLAGALILEANORTE
1181317.0,"SIFON EMBELLE 1 1/4"" SALIDA RECTA 1 UN",BAJO NIVEL CRITICO Y PARA MÁS DE DOS SEMANAS,25.0,1.0,1.0,30.0,30.0,30.0,,OBRAVILLAGALILEANORTE,1181317-OBRAVILLAGALILEANORTE
1177887.0,"SIFON LOA LAVAPLATOS S/CURVA 1 1/2"" 1 UN",BAJO NIVEL CRITICOY SIN ENTREGA LOS ÚLTIMOS 90 DÍAS,29.0,1.0,1.0,31.0,31.0,31.0,,OBRAVILLAGALILEANORTE,1177887-OBRAVILLAGALILEANORTE
1279584.0,"SIKABOND MONTAJE 3,8 KG BALDES",BAJO NIVEL CRITICO Y PARA MENOS DE DOS SEMANAS,0.0,2.0,1.0,91.75,91.0,64.0,12 MESES,OBRAVILLAGALILEANORTE,1279584-OBRAVILLAGALILEANORTE
1199517.0,SOBREPASO PP-R 20 MM 1 UN,BAJO NIVEL CRITICO Y PARA MÁS DE DOS SEMANAS,58.0,3.0,3.0,130.0,130.0,130.0,,OBRAVILLAGALILEANORTE,1199517-OBRAVILLAGALILEANORTE
1187671.0,"TAPACAN SMARTSIDE TRIM 5 1/2"" LP 1 UN",SOBRE NIVEL CRÍTICO Y PARA MÁS DE DOS SEMANAS,171.0,3.0,3.0,104.0,102.0,0.0,,OBRAVILLAGALILEANORTE,1187671-OBRAVILLAGALILEANORTE
1187751.0,"TAPACAN SMARTSIDE TRIM 7 1/4"" LP 1 UN",SOBRE NIVEL CRÍTICO Y PARA MÁS DE DOS SEMANAS,171.0,3.0,3.0,117.0,114.0,22.0,,OBRAVILLAGALILEANORTE,1187751-OBRAVILLAGALILEANORTE
1248032.0,"TAPON PP-R 1/2"" HE 1 UN",SOBRE NIVEL CRÍTICOY SIN ENTREGA LOS ÚLTIMOS 90 DÍAS,516.0,3.0,1.0,216.0,222.0,222.0,,OBRAVILLAGALILEANORTE,1248032-OBRAVILLAGALILEANORTE
1248041.0,"TAPON PP-R 1/2"" HI 1 UN",SOBRE NIVEL CRÍTICOY SIN ENTREGA LOS ÚLTIMOS 90 DÍAS,184.0,3.0,1.0,101.33,78.0,77.0,,OBRAVILLAGALILEANORTE,1248041-OBRAVILLAGALILEANORTE
12736330.0,TEE PEX 20 MM,BAJO NIVEL CRITICO Y PARA MENOS DE DOS SEMANAS,0.0,1.0,1.0,31.0,31.0,31.0,,OBRAVILLAGALILEANORTE,12736330-OBRAVILLAGALILEANORTE
1253333.0,TEE PP-R 20 MM 1 UN,BAJO NIVEL CRITICO Y PARA MENOS DE DOS SEMANAS,2.0,3.0,3.0,52.0,84.0,52.0,,OBRAVILLAGALILEANORTE,1253333-OBRAVILLAGALILEANORTE
1204515.0,TEE PP-R 25 MM 1 UN,BAJO NIVEL CRITICO Y PARA MENOS DE DOS SEMANAS,0.0,3.0,3.0,78.0,123.0,78.0,,OBRAVILLAGALILEANORTE,1204515-OBRAVILLAGALILEANORTE
12736410.0,TEE PRUEBA PEX 20 X 1/2 HI X20,BAJO NIVEL CRITICO Y PARA MÁS DE DOS SEMANAS,5.0,1.0,1.0,31.0,31.0,31.0,,OBRAVILLAGALILEANORTE,12736410-OBRAVILLAGALILEANORTE
1247110.0,TEE RED.20 X 25 X 20 PP-R 1 UN,BAJO NIVEL CRITICO Y PARA MÁS DE DOS SEMANAS,34.0,3.0,2.0,44.0,44.0,44.0,,OBRAVILLAGALILEANORTE,1247110-OBRAVILLAGALILEANORTE
1247128.0,TEE RED.25 X 20 X 20 PP-R 1 UN,BAJO NIVEL CRITICO Y PARA MÁS DE DOS SEMANAS,35.0,3.0,3.0,78.0,78.0,78.0,,OBRAVILLAGALILEANORTE,1247128-OBRAVILLAGALILEANORTE
1190299.0,TEE RED.25 X 20 X 25 PP-R 1 UN,BAJO NIVEL CRITICO Y PARA MÁS DE DOS SEMANAS,18.0,3.0,3.0,78.0,78.0,78.0,,OBRAVILLAGALILEANORTE,1190299-OBRAVILLAGALILEANORTE
1247144.0,TEE RED.25 X 25 X 20 PP-R 1 UN,BAJO NIVEL CRITICO Y PARA MÁS DE DOS SEMANAS,61.0,3.0,3.0,78.0,78.0,78.0,,OBRAVILLAGALILEANORTE,1247144-OBRAVILLAGALILEANORTE
1247161.0,TEE RED.32 X 25 X 25 PP-R 1 UN,BAJO NIVEL CRITICOY SIN ENTREGA LOS ÚLTIMOS 90 DÍAS,30.0,,,,,,,OBRAVILLAGALILEANORTE,1247161-OBRAVILLAGALILEANORTE
1272374.0,TERMINAL PEX 20 X 1/2 HE,BAJO NIVEL CRITICO Y PARA MÁS DE DOS SEMANAS,9.0,1.0,1.0,62.0,62.0,62.0,,OBRAVILLAGALILEANORTE,1272374-OBRAVILLAGALILEANORTE
1208006.0,TERMINAL PP-R 20 X 1/2 HI 1 UN,SOBRE NIVEL CRÍTICO Y PARA MÁS DE DOS SEMANAS,512.0,3.0,1.0,217.0,247.0,247.0,,OBRAVILLAGALILEANORTE,1208006-OBRAVILLAGALILEANORTE
1252074.0,"TERMINAL PP-R 20 X 1/2"" HE 1 UN",BAJO NIVEL CRITICO Y PARA MÁS DE DOS SEMANAS,75.0,3.0,1.0,62.0,140.0,140.0,,OBRAVILLAGALILEANORTE,1252074-OBRAVILLAGALILEANORTE
1244285.0,"TERMINAL PP-R 25 X 3/4"" HE 1 UN",BAJO NIVEL CRITICOY SIN ENTREGA LOS ÚLTIMOS 90 DÍAS,1.0,1.0,,,,,,OBRAVILLAGALILEANORTE,1244285-OBRAVILLAGALILEANORTE
1247179.0,"TERMINAL PP-R 32 X 3/4"" HE 1 UN",BAJO NIVEL CRITICO Y PARA MÁS DE DOS SEMANAS,95.0,3.0,1.0,30.0,30.0,30.0,,OBRAVILLAGALILEANORTE,1247179-OBRAVILLAGALILEANORTE
1254361.0,TERMOPLAC STRATO WEBER 1 SACO,BAJO NIVEL CRITICO Y PARA MÁS DE DOS SEMANAS,95.0,3.0,2.0,132.0,75.0,75.0,12 MESES,OBRAVILLAGALILEANORTE,1254361-OBRAVILLAGALILEANORTE
1180331.0,"TINA 1,20 X 0,70 MTS BLANCA ES MALTADA SENSI DACQUA 1 UN",BAJO NIVEL CRITICO Y PARA MÁS DE DOS SEMANAS,25.0,2.0,1.0,30.0,30.0,30.0,,OBRAVILLAGALILEANORTE,1180331-OBRAVILLAGALILEANORTE
1256817.0,"TINA 1,30 X 0,70 MTS BLANCA ESMALTADA SENSI DACQUA 1 UN",BAJO NIVEL CRITICO Y PARA MÁS DE DOS SEMANAS,27.0,2.0,1.0,31.0,31.0,31.0,,OBRAVILLAGALILEANORTE,1256817-OBRAVILLAGALILEANORTE
12736090.0,TUBERIA PEX 20 MM 1 MT,BAJO NIVEL CRITICO Y PARA MÁS DE DOS SEMANAS,120.0,2.0,1.0,217.0,217.0,217.0,,OBRAVILLAGALILEANORTE,12736090-OBRAVILLAGALILEANORTE
1205850.0,TUBERIA PP-R 20 MM PN-16 1 ML,SOBRE NIVEL CRÍTICO Y PARA MÁS DE DOS SEMANAS,242.0000244140625,3.0,3.0,312.0,312.0,312.0,,OBRAVILLAGALILEANORTE,1205850-OBRAVILLAGALILEANORTE
1205868.0,TUBERIA PP-R 25 MM PN-16 1 ML,SOBRE NIVEL CRÍTICO Y PARA MÁS DE DOS SEMANAS,288.0,3.0,3.0,468.0,470.5,466.5,,OBRAVILLAGALILEANORTE,1205868-OBRAVILLAGALILEANORTE
1205876.0,TUBERIA PP-R 32 MM PN-16 1 ML,SOBRE NIVEL CRÍTICO Y PARA MÁS DE DOS SEMANAS,1067.0,3.0,3.0,299.0,302.0,302.0,,OBRAVILLAGALILEANORTE,1205876-OBRAVILLAGALILEANORTE
12800240.0,"VALVULA EXCESO FLUJO 3/4""1UN ",BAJO NIVEL CRITICOY SIN ENTREGA LOS ÚLTIMOS 90 DÍAS,31.0,1.0,,,,,,OBRAVILLAGALILEANORTE,12800240-OBRAVILLAGALILEANORTE
41020261.0,VENTANA TECHO ALTATERRA 55 X 78 CM 1 UN,BAJO NIVEL CRITICO Y PARA MÁS DE DOS SEMANAS,26.0,3.0,3.0,26.0,11.0,11.0,,OBRAVILLAGALILEANORTE,41020261-OBRAVILLAGALILEANORTE
1275065.0,"VENTILACION PASIVA 4"" 1 UN",CERCA DE NIVEL CRITICOY SIN ENTREGA LOS ÚLTIMOS 90 DÍAS,150.0,1.0,,,,,,OBRAVILLAGALILEANORTE,1275065-OBRAVILLAGALILEANORTE
1277466.0,VOLCAFIX ADHESIVO VOLCAPOL 25 KG,BAJO NIVEL CRITICO Y PARA MÁS DE DOS SEMANAS,78.25,2.0,2.0,253.0,186.0,186.0,6 MESES,OBRAVILLAGALILEANORTE,1277466-OBRAVILLAGALILEANORTE
